ds,trend,yhat_lower,yhat_upper,trend_lower,trend_upper,additive_terms,additive_terms_lower,additive_terms_upper,weekly,weekly_lower,weekly_upper,yearly,yearly_lower,yearly_upper,multiplicative_terms,multiplicative_terms_lower,multiplicative_terms_upper,yhat
2022-01-01,13729.229415189999,12207.98005476426,14703.45717957409,13729.229415189999,13729.229415189999,-281.5991379247606,-281.5991379247606,-281.5991379247606,-114.61800122611827,-114.61800122611827,-114.61800122611827,-166.9811366986423,-166.9811366986423,-166.9811366986423,0.0,0.0,0.0,13447.630277265238
2022-01-02,13728.962426390035,12276.942021806146,14913.717803902227,13728.962426390035,13728.962426390035,-118.88622367483269,-118.88622367483269,-118.88622367483269,35.01398845764228,35.01398845764228,35.01398845764228,-153.900212132475,-153.900212132475,-153.900212132475,0.0,0.0,0.0,13610.076202715203
2022-01-03,13728.695437590071,12106.370893279664,14758.553406203984,13728.695437590071,13728.695437590071,-277.76785034880095,-277.76785034880095,-277.76785034880095,-136.43076967913038,-136.43076967913038,-136.43076967913038,-141.33708066967057,-141.33708066967057,-141.33708066967057,0.0,0.0,0.0,13450.92758724127
2022-01-04,13728.428448790108,12380.102543727697,14878.593605915066,13728.428448790108,13728.428448790108,-46.44536867973517,-46.44536867973517,-46.44536867973517,83.05140624497002,83.05140624497002,83.05140624497002,-129.4967749247052,-129.4967749247052,-129.4967749247052,0.0,0.0,0.0,13681.983080110373
2022-01-05,13728.16145999014,12309.343620288364,14848.365037212317,13728.16145999014,13728.16145999014,-104.55427897542552,-104.55427897542552,-104.55427897542552,14.0008935956879,14.0008935956879,14.0008935956879,-118.55517257111342,-118.55517257111342,-118.55517257111342,0.0,0.0,0.0,13623.607181014715
2022-01-06,13727.894471190177,12517.173019699914,14944.18931026498,13727.894471190177,13727.894471190177,-27.74630850735748,-27.74630850735748,-27.74630850735748,80.91051298071022,80.91051298071022,80.91051298071022,-108.6568214880677,-108.6568214880677,-108.6568214880677,0.0,0.0,0.0,13700.148162682819
2022-01-07,13727.627482390213,12340.000474047862,14962.65048796598,13727.627482390213,13727.627482390213,-61.84141064735676,-61.84141064735676,-61.84141064735676,38.07196962479827,38.07196962479827,38.07196962479827,-99.91338027215502,-99.91338027215502,-99.91338027215502,0.0,0.0,0.0,13665.786071742856
2022-01-08,13727.36049359025,12287.108726454113,14899.975241164992,13727.36049359025,13727.36049359025,-207.02066548531909,-207.02066548531909,-207.02066548531909,-114.61800122564621,-114.61800122564621,-114.61800122564621,-92.40266425967286,-92.40266425967286,-92.40266425967286,0.0,0.0,0.0,13520.33982810493
2022-01-09,13727.093504790284,12355.031385682989,15055.091234081054,13727.093504790284,13727.093504790284,-51.15429163328982,-51.15429163328982,-51.15429163328982,35.01398845769818,35.01398845769818,35.01398845769818,-86.168280090988,-86.168280090988,-86.168280090988,0.0,0.0,0.0,13675.939213156995
2022-01-10,13726.82651599032,12266.23431210781,14760.299489064386,13726.82651599032,13726.82651599032,-217.65059592039313,-217.65059592039313,-217.65059592039313,-136.4307696791731,-136.4307696791731,-136.4307696791731,-81.21982624122006,-81.21982624122006,-81.21982624122006,0.0,0.0,0.0,13509.175920069927
2022-01-11,13726.559527190357,12395.975485405725,15008.74009657841,13726.559527190357,13726.559527190357,5.517773523121457,5.517773523121457,5.517773523121457,83.05140624530216,83.05140624530216,83.05140624530216,-77.5336327221807,-77.5336327221807,-77.5336327221807,0.0,0.0,0.0,13732.077300713478
2022-01-12,13726.292538390391,12457.091696624137,14877.407292826394,13726.292538390391,13726.292538390391,-61.053116546293914,-61.053116546293914,-61.053116546293914,14.000893596445085,14.000893596445085,14.000893596445085,-75.054010142739,-75.054010142739,-75.054010142739,0.0,0.0,0.0,13665.239421844097
2022-01-13,13726.025549590426,12410.848624435594,14992.011049980923,13726.025549590426,13726.025549590426,7.215536708566393,7.215536708566393,7.215536708566393,80.91051298052489,80.91051298052489,80.91051298052489,-73.6949762719585,-73.6949762719585,-73.6949762719585,0.0,0.0,0.0,13733.241086298993
2022-01-14,13725.758560790462,12481.497229435941,15016.000348198551,13725.758560790462,13725.758560790462,-35.27045730169431,-35.27045730169431,-35.27045730169431,38.07196962584431,38.07196962584431,38.07196962584431,-73.34242692753861,-73.34242692753861,-73.34242692753861,0.0,0.0,0.0,13690.488103488768
2022-01-15,13725.491571990498,12314.975820042662,14906.877683356799,13725.491571990498,13725.491571990498,-188.47471835920697,-188.47471835920697,-188.47471835920697,-114.61800122577854,-114.61800122577854,-114.61800122577854,-73.8567171334284,-73.8567171334284,-73.8567171334284,0.0,0.0,0.0,13537.016853631292
2022-01-16,13725.224583190535,12321.170135456096,14949.893149111222,13725.224583190535,13725.224583190535,-40.061629333931,-40.061629333931,-40.061629333931,35.01398845752573,35.01398845752573,35.01398845752573,-75.07561779145674,-75.07561779145674,-75.07561779145674,0.0,0.0,0.0,13685.162953856603
2022-01-17,13724.95759439057,12187.619385523796,14827.240840769868,13724.95759439057,13724.95759439057,-213.24838200588803,-213.24838200588803,-213.24838200588803,-136.43076967913686,-136.43076967913686,-136.43076967913686,-76.81761232675112,-76.81761232675112,-76.81761232675112,0.0,0.0,0.0,13511.709212384681
2022-01-18,13724.690605590606,12405.394241399134,14891.122528185168,13724.690605590606,13724.690605590606,4.165909569613502,4.165909569613502,4.165909569613502,83.05140624563427,83.05140624563427,83.05140624563427,-78.88549667602075,-78.88549667602075,-78.88549667602075,0.0,0.0,0.0,13728.85651516022
2022-01-19,13724.42361679064,12376.858761575606,14906.758805653984,13724.42361679064,13724.42361679064,-67.06935080701096,-67.06935080701096,-67.06935080701096,14.000893595835564,14.000893595835564,14.000893595835564,-81.07024440284653,-81.07024440284653,-81.07024440284653,0.0,0.0,0.0,13657.35426598363
2022-01-20,13724.156627990676,12469.928693640515,14995.646904737685,13724.156627990676,13724.156627990676,-2.24458353307569,-2.24458353307569,-2.24458353307569,80.91051298033958,80.91051298033958,80.91051298033958,-83.15509651341527,-83.15509651341527,-83.15509651341527,0.0,0.0,0.0,13721.9120444576
2022-01-21,13723.889639190711,12384.932034623596,14923.64426596198,13723.889639190711,13723.889639190711,-46.84786301386073,-46.84786301386073,-46.84786301386073,38.071969625284574,38.071969625284574,38.071969625284574,-84.9198326391453,-84.9198326391453,-84.9198326391453,0.0,0.0,0.0,13677.04177617685
2022-01-22,13723.622650390747,12380.490942576294,14803.476941337898,13723.622650390747,13723.622650390747,-200.76317786940356,-200.76317786940356,-200.76317786940356,-114.61800122542046,-114.61800122542046,-114.61800122542046,-86.1451766439831,-86.1451766439831,-86.1451766439831,0.0,0.0,0.0,13522.859472521344
2022-01-23,13723.355661590784,12399.817687592109,15087.145442507077,13723.355661590784,13723.355661590784,-51.603297008037465,-51.603297008037465,-51.603297008037465,35.01398845781004,35.01398845781004,35.01398845781004,-86.6172854658475,-86.6172854658475,-86.6172854658475,0.0,0.0,0.0,13671.752364582746
2022-01-24,13723.088672790816,12169.250771469746,14849.154155904276,13723.088672790816,13723.088672790816,-222.56303492698189,-222.56303492698189,-222.56303492698189,-136.43076967912222,-136.43076967912222,-136.43076967912222,-86.13226524785968,-86.13226524785968,-86.13226524785968,0.0,0.0,0.0,13500.525637863835
2022-01-25,13722.821684665108,12497.188596239892,14944.27617047542,13722.821684665108,13722.821684665108,-1.4492474977006173,-1.4492474977006173,-1.4492474977006173,83.0514062452253,83.0514062452253,83.0514062452253,-84.5006537429259,-84.5006537429259,-84.5006537429259,0.0,0.0,0.0,13721.372437167407
2022-01-26,13722.554696539399,12313.756057268947,14841.928201256113,13722.554696539399,13722.554696539399,-67.5509092519431,-67.5509092519431,-67.5509092519431,14.000893596003936,14.000893596003936,14.000893596003936,-81.55180284794703,-81.55180284794703,-81.55180284794703,0.0,0.0,0.0,13655.003787287456
2022-01-27,13722.287708413687,12380.24169152469,14965.967493026043,13722.287708413687,13722.287708413687,3.7724227577363663,3.7724227577363663,3.7724227577363663,80.91051298084473,80.91051298084473,80.91051298084473,-77.13809022310835,-77.13809022310835,-77.13809022310835,0.0,0.0,0.0,13726.060131171424
2022-01-28,13722.020720287977,12392.849196989879,14944.772615446049,13722.020720287977,13722.020720287977,-33.06691499805958,-33.06691499805958,-33.06691499805958,38.07196962538016,38.07196962538016,38.07196962538016,-71.13888462343974,-71.13888462343974,-71.13888462343974,0.0,0.0,0.0,13688.953805289917
2022-01-29,13721.753732162268,12235.09368063958,14770.304884137933,13721.753732162268,13721.753732162268,-178.082187382172,-178.082187382172,-178.082187382172,-114.61800122506234,-114.61800122506234,-114.61800122506234,-63.46418615710967,-63.46418615710967,-63.46418615710967,0.0,0.0,0.0,13543.671544780096
2022-01-30,13721.486744036558,12437.157456930283,15072.500755345454,13721.486744036558,13721.486744036558,-19.043872092316672,-19.043872092316672,-19.043872092316672,35.013988457615916,35.013988457615916,35.013988457615916,-54.05786054993259,-54.05786054993259,-54.05786054993259,0.0,0.0,0.0,13702.44287194424
2022-01-31,13721.219755910846,12265.541616096283,14895.624971867748,13721.219755910846,13721.219755910846,-179.33115565376477,-179.33115565376477,-179.33115565376477,-136.43076967908604,-136.43076967908604,-136.43076967908604,-42.90038597467874,-42.90038597467874,-42.90038597467874,0.0,0.0,0.0,13541.888600257082
2022-02-01,13720.952767785137,12483.845947651278,14981.193516230156,13720.952767785137,13720.952767785137,53.04037382227442,53.04037382227442,53.04037382227442,83.05140624555743,83.05140624555743,83.05140624555743,-30.011032423283012,-30.011032423283012,-30.011032423283012,0.0,0.0,0.0,13773.99314160741
2022-02-02,13720.685779659427,12456.569054462903,14980.63256392573,13720.685779659427,13720.685779659427,-1.4485036236601116,-1.4485036236601116,-1.4485036236601116,14.000893595583488,14.000893595583488,14.000893595583488,-15.449397219243599,-15.449397219243599,-15.449397219243599,0.0,0.0,0.0,13719.237276035767
2022-02-03,13720.418791533715,12471.096986055172,15042.112523019548,13720.418791533715,13720.418791533715,81.59428667905395,81.59428667905395,81.59428667905395,80.91051297996894,80.91051297996894,80.91051297996894,0.6837736990850023,0.6837736990850023,0.6837736990850023,0.0,0.0,0.0,13802.013078212769
2022-02-04,13720.151803408005,12513.771601089957,15067.658228793498,13720.151803408005,13720.151803408005,56.318510137043525,56.318510137043525,56.318510137043525,38.07196962577087,38.07196962577087,38.07196962577087,18.246540511272652,18.246540511272652,18.246540511272652,0.0,0.0,0.0,13776.470313545049
2022-02-05,13719.884815282296,12352.481451792943,14922.665702883469,13719.884815282296,13719.884815282296,-77.56145035071798,-77.56145035071798,-77.56145035071798,-114.61800122568512,-114.61800122568512,-114.61800122568512,37.05655087496715,37.05655087496715,37.05655087496715,0.0,0.0,0.0,13642.323364931577
2022-02-06,13719.617827156586,12482.321752252208,15077.903434516442,13719.617827156586,13719.617827156586,91.90667325236511,91.90667325236511,91.90667325236511,35.01398845767186,35.01398845767186,35.01398845767186,56.89268479469324,56.89268479469324,56.89268479469324,0.0,0.0,0.0,13811.52450040895
2022-02-07,13719.350839030874,12300.071134348815,14928.729644505505,13719.350839030874,13719.350839030874,-58.93318593034778,-58.93318593034778,-58.93318593034778,-136.43076967912873,-136.43076967912873,-136.43076967912873,77.49758374878094,77.49758374878094,77.49758374878094,0.0,0.0,0.0,13660.417653100527
2022-02-08,13719.083850905165,12592.037346232664,15239.688827682225,13719.083850905165,13719.083850905165,181.63247277852176,181.63247277852176,181.63247277852176,83.05140624551899,83.05140624551899,83.05140624551899,98.58106653300275,98.58106653300275,98.58106653300275,0.0,0.0,0.0,13900.716323683686
2022-02-09,13718.816862779455,12485.77856936969,15124.308863287226,13718.816862779455,13718.816862779455,133.82530776968872,133.82530776968872,133.82530776968872,14.000893595163054,14.000893595163054,14.000893595163054,119.82441417452567,119.82441417452567,119.82441417452567,0.0,0.0,0.0,13852.642170549143
2022-02-10,13718.549874653743,12652.888795549461,15189.179051261304,13718.549874653743,13718.549874653743,221.79599778199318,221.79599778199318,221.79599778199318,80.91051298062908,80.91051298062908,80.91051298062908,140.88548480136407,140.88548480136407,140.88548480136407,0.0,0.0,0.0,13940.345872435737
2022-02-11,13718.282886528033,12637.389686196719,15170.741773721782,13718.282886528033,13718.282886528033,199.47656665606135,199.47656665606135,199.47656665606135,38.071969625866465,38.071969625866465,38.071969625866465,161.40459703019488,161.40459703019488,161.40459703019488,0.0,0.0,0.0,13917.759453184095
2022-02-12,13718.015898402326,12483.706603588142,14977.368147851506,13718.015898402326,13718.015898402326,66.3930966492644,66.3930966492644,66.3930966492644,-114.61800122532702,-114.61800122532702,-114.61800122532702,181.01109787459143,181.01109787459143,181.01109787459143,0.0,0.0,0.0,13784.40899505159
2022-02-13,13717.748910276614,12645.89952559498,15205.30879047458,13717.748910276614,13717.748910276614,234.3444974731923,234.3444974731923,234.3444974731923,35.01398845749939,35.01398845749939,35.01398845749939,199.33050901569288,199.33050901569288,199.33050901569288,0.0,0.0,0.0,13952.093407749806
2022-02-14,13717.481922150904,12510.428986610901,15175.5438864079,13717.481922150904,13717.481922150904,79.56135453316719,79.56135453316719,79.56135453316719,-136.43076967909252,-136.43076967909252,-136.43076967909252,215.9921242122597,215.9921242122597,215.9921242122597,0.0,0.0,0.0,13797.043276684071
2022-02-15,13717.214934025194,12844.47743477362,15280.15698271352,13717.214934025194,13717.214934025194,313.6883176133503,313.6883176133503,313.6883176133503,83.05140624522764,83.05140624522764,83.05140624522764,230.63691136812264,230.63691136812264,230.63691136812264,0.0,0.0,0.0,14030.903251638545
2022-02-16,13716.947945899485,12780.459311451306,15255.470330410872,13716.947945899485,13716.947945899485,256.92644960069515,256.92644960069515,256.92644960069515,14.000893595920223,14.000893595920223,14.000893595920223,242.92555600477496,242.92555600477496,242.92555600477496,0.0,0.0,0.0,13973.87439550018
2022-02-17,13716.680957773775,12829.16961579437,15399.825240706417,13716.680957773775,13716.680957773775,333.45698227178735,333.45698227178735,333.45698227178735,80.9105129797533,80.9105129797533,80.9105129797533,252.54646929203406,252.54646929203406,252.54646929203406,0.0,0.0,0.0,14050.137940045563
2022-02-18,13716.413969560086,12732.358314075434,15331.574325633384,13716.413969560086,13716.413969560086,297.2955435907289,297.2955435907289,297.2955435907289,38.07196962530673,38.07196962530673,38.07196962530673,259.2235739654222,259.2235739654222,259.2235739654222,0.0,0.0,0.0,14013.709513150816
2022-02-19,13716.146981346397,12444.827515346165,15153.865975391045,13716.146981346397,13716.146981346397,148.10567472286874,148.10567472286874,148.10567472286874,-114.61800122545937,-114.61800122545937,-114.61800122545937,262.7236759483281,262.7236759483281,262.7236759483281,0.0,0.0,0.0,13864.252656069266
2022-02-20,13715.87999313271,12730.917566754963,15283.050522882339,13715.87999313271,13715.87999313271,297.87721719421444,297.87721719421444,297.87721719421444,35.01398845732692,35.01398845732692,35.01398845732692,262.8632287368875,262.8632287368875,262.8632287368875,0.0,0.0,0.0,14013.757210326925
2022-02-21,13715.613004919021,12508.510755132742,15083.548434905524,13715.613004919021,13715.613004919021,123.08353222668977,123.08353222668977,123.08353222668977,-136.43076967913524,-136.43076967913524,-136.43076967913524,259.514301905825,259.514301905825,259.514301905825,0.0,0.0,0.0,13838.696537145712
2022-02-22,13715.346016705333,12769.535715269993,15266.886974840074,13715.346016705333,13715.346016705333,335.6609808904516,335.6609808904516,335.6609808904516,83.05140624518921,83.05140624518921,83.05140624518921,252.6095746452624,252.6095746452624,252.6095746452624,0.0,0.0,0.0,14051.006997595785
2022-02-23,13715.079028491644,12635.285062620946,15236.565659864431,13715.079028491644,13715.079028491644,256.14708366743196,256.14708366743196,256.14708366743196,14.000893595499775,14.000893595499775,14.000893595499775,242.14619007193218,242.14619007193218,242.14619007193218,0.0,0.0,0.0,13971.226112159076
2022-02-24,13714.812040277955,12782.498825010161,15310.78761257162,13714.812040277955,13714.812040277955,309.0988390338753,309.0988390338753,309.0988390338753,80.91051298025843,80.91051298025843,80.91051298025843,228.1883260536169,228.1883260536169,228.1883260536169,0.0,0.0,0.0,14023.91087931183
2022-02-25,13714.545052064268,12684.02711655668,15422.660441908454,13714.545052064268,13714.545052064268,248.94033279022605,248.94033279022605,248.94033279022605,38.071969625402325,38.071969625402325,38.071969625402325,210.8683631648237,210.8683631648237,210.8683631648237,0.0,0.0,0.0,13963.485384854494
2022-02-26,13714.278063850581,12548.654448388439,15075.97697116418,13714.278063850581,13714.278063850581,75.76855849149835,75.76855849149835,75.76855849149835,-114.61800122547773,-114.61800122547773,-114.61800122547773,190.38655971697608,190.38655971697608,190.38655971697608,0.0,0.0,0.0,13790.046622342079
2022-02-27,13714.011075636892,12589.013971349174,15159.202610361543,13714.011075636892,13714.011075636892,202.02316544129948,202.02316544129948,202.02316544129948,35.013988457817966,35.013988457817966,35.013988457817966,167.00917698348152,167.00917698348152,167.00917698348152,0.0,0.0,0.0,13916.034241078192
2022-02-28,13713.744087423203,12467.440923442287,15029.960781829777,13713.744087423203,13713.744087423203,4.63426436030716,4.63426436030716,4.63426436030716,-136.43076967902016,-136.43076967902016,-136.43076967902016,141.06503403932732,141.06503403932732,141.06503403932732,0.0,0.0,0.0,13718.37835178351
2022-03-01,13713.477099209516,12613.54700808259,15227.579267471881,13713.477099209516,13713.477099209516,195.9919164480783,195.9919164480783,195.9919164480783,83.05140624552133,83.05140624552133,83.05140624552133,112.94051020255696,112.94051020255696,112.94051020255696,0.0,0.0,0.0,13909.469015657594
2022-03-02,13713.210110995828,12530.2380402496,15192.927792393435,13713.210110995828,13713.210110995828,97.07394652473806,97.07394652473806,97.07394652473806,14.000893595668156,14.000893595668156,14.000893595668156,83.07305292906992,83.07305292906992,83.07305292906992,0.0,0.0,0.0,13810.284057520566
2022-03-03,13712.943122782139,12593.438301020688,15074.493500412842,13712.943122782139,13712.943122782139,132.85380211737038,132.85380211737038,132.85380211737038,80.91051298022812,80.91051298022812,80.91051298022812,51.94328913714225,51.94328913714225,51.94328913714225,0.0,0.0,0.0,13845.796924899509
2022-03-04,13712.67613456845,12477.503594817252,15134.470369469358,13712.67613456845,13712.67613456845,58.13784685210027,58.13784685210027,58.13784685210027,38.07196962484258,38.07196962484258,38.07196962484258,20.06587722725769,20.06587722725769,20.06587722725769,0.0,0.0,0.0,13770.81398142055
2022-03-05,13712.409146354763,12415.301515372952,14837.725966303804,13712.409146354763,13712.409146354763,-126.63872683372901,-126.63872683372901,-126.63872683372901,-114.61800122561007,-114.61800122561007,-114.61800122561007,-12.020725608118932,-12.020725608118932,-12.020725608118932,0.0,0.0,0.0,13585.770419521034
2022-03-06,13712.142158141076,12440.936175863439,14946.812770345754,13712.142158141076,13712.142158141076,-8.751383468966281,-8.751383468966281,-8.751383468966281,35.013988457873886,35.013988457873886,35.013988457873886,-43.765371926840174,-43.765371926840174,-43.765371926840174,0.0,0.0,0.0,13703.390774672109
2022-03-07,13711.875169927387,12202.509079503181,14763.22026294228,13711.875169927387,13711.875169927387,-211.04673912204535,-211.04673912204535,-211.04673912204535,-136.43076967906285,-136.43076967906285,-136.43076967906285,-74.61596944298252,-74.61596944298252,-74.61596944298252,0.0,0.0,0.0,13500.828430805343
2022-03-08,13711.608181713698,12433.965062615494,14936.181871654904,13711.608181713698,13711.608181713698,-20.98019305346332,-20.98019305346332,-20.98019305346332,83.05140624548292,83.05140624548292,83.05140624548292,-104.03159929894625,-104.03159929894625,-104.03159929894625,0.0,0.0,0.0,13690.627988660235
2022-03-09,13711.341193500011,12292.576448851103,14887.048298560898,13711.341193500011,13711.341193500011,-117.49383061688579,-117.49383061688579,-117.49383061688579,14.000893595647431,14.000893595647431,14.000893595647431,-131.4947242125332,-131.4947242125332,-131.4947242125332,0.0,0.0,0.0,13593.847362883125
2022-03-10,13711.074205286322,12470.23927862006,14984.483115706438,13711.074205286322,13711.074205286322,-75.61267828569937,-75.61267828569937,-75.61267828569937,80.9105129800428,80.9105129800428,80.9105129800428,-156.52319126574216,-156.52319126574216,-156.52319126574216,0.0,0.0,0.0,13635.461527000623
2022-03-11,13710.807217072634,12276.550540677994,14928.717007415009,13710.807217072634,13710.807217072634,-140.6097595730489,-140.6097595730489,-140.6097595730489,38.07196962559353,38.07196962559353,38.07196962559353,-178.68172919864242,-178.68172919864242,-178.68172919864242,0.0,0.0,0.0,13570.197457499584
2022-03-12,13710.540228858947,12087.75178649146,14638.30812307576,13710.540228858947,13710.540228858947,-312.2106441395499,-312.2106441395499,-312.2106441395499,-114.61800122525197,-114.61800122525197,-114.61800122525197,-197.59264291429793,-197.59264291429793,-197.59264291429793,0.0,0.0,0.0,13398.329584719397
2022-03-13,13710.273239987326,12272.232225535407,14858.436588872271,13710.273239987326,13710.273239987326,-177.93143021055988,-177.93143021055988,-177.93143021055988,35.01398845770141,35.01398845770141,35.01398845770141,-212.94541866826125,-212.94541866826125,-212.94541866826125,0.0,0.0,0.0,13532.341809776766
2022-03-14,13710.006251115707,12067.632261530021,14674.212723080149,13710.006251115707,13710.006251115707,-360.93574178368846,-360.93574178368846,-360.93574178368846,-136.43076967912705,-136.43076967912705,-136.43076967912705,-224.50497210456138,-224.50497210456138,-224.50497210456138,0.0,0.0,0.0,13349.070509332018
2022-03-15,13709.739262244086,12270.031442738202,14904.714598773422,13709.739262244086,13709.739262244086,-149.0668914050388,-149.0668914050388,-149.0668914050388,83.05140624581502,83.05140624581502,83.05140624581502,-232.1182976508538,-232.1182976508538,-232.1182976508538,0.0,0.0,0.0,13560.672370839047
2022-03-16,13709.472273372467,12177.403649026723,14855.976212445396,13709.472273372467,13709.472273372467,-221.71841775365763,-221.71841775365763,-221.71841775365763,14.00089359581581,14.00089359581581,14.00089359581581,-235.71931134947343,-235.71931134947343,-235.71931134947343,0.0,0.0,0.0,13487.753855618808
2022-03-17,13709.205284500846,12310.461003543465,14863.344907432132,13709.205284500846,13709.205284500846,-154.42120629974642,-154.42120629974642,-154.42120629974642,80.91051297985749,80.91051297985749,80.91051297985749,-235.3317192796039,-235.3317192796039,-235.3317192796039,0.0,0.0,0.0,13554.784078201099
2022-03-18,13708.938295629227,12196.670893128789,14851.516608214783,13708.938295629227,13708.938295629227,-192.99781982596778,-192.99781982596778,-192.99781982596778,38.07196962503379,38.07196962503379,38.07196962503379,-231.0697894510016,-231.0697894510016,-231.0697894510016,0.0,0.0,0.0,13515.940475803258
2022-03-19,13708.671306757606,12084.58655264437,14614.231281632974,13708.671306757606,13708.671306757606,-337.75495657317816,-337.75495657317816,-337.75495657317816,-114.6180012253843,-114.6180012253843,-114.6180012253843,-223.13695534779387,-223.13695534779387,-223.13695534779387,0.0,0.0,0.0,13370.916350184427
2022-03-20,13708.404317885987,12100.385784224354,14815.145119775649,13708.404317885987,13708.404317885987,-176.8082444817228,-176.8082444817228,-176.8082444817228,35.01398845752894,35.01398845752894,35.01398845752894,-211.82223293925173,-211.82223293925173,-211.82223293925173,0.0,0.0,0.0,13531.596073404264
2022-03-21,13708.137329014366,12084.386349538705,14730.603480865297,13708.137329014366,13708.137329014366,-333.92525829252264,-333.92525829252264,-333.92525829252264,-136.43076967909087,-136.43076967909087,-136.43076967909087,-197.4944886134318,-197.4944886134318,-197.4944886134318,0.0,0.0,0.0,13374.212070721844
2022-03-22,13707.870340142746,12350.326355138199,14923.358682946366,13707.870340142746,13707.870340142746,-97.54324542282893,-97.54324542282893,-97.54324542282893,83.05140624540607,83.05140624540607,83.05140624540607,-180.59465166823497,-180.59465166823497,-180.59465166823497,0.0,0.0,0.0,13610.327094719918
2022-03-23,13707.603351271126,12285.362274746476,14823.830017089966,13707.603351271126,13707.603351271126,-147.62512661818693,-147.62512661818693,-147.62512661818693,14.000893595984182,14.000893595984182,14.000893595984182,-161.6260202141711,-161.6260202141711,-161.6260202141711,0.0,0.0,0.0,13559.97822465294
2022-03-24,13707.336362399506,12379.405505954423,14872.358960955533,13707.336362399506,13707.336362399506,-60.23234910920107,-60.23234910920107,-60.23234910920107,80.91051298036263,80.91051298036263,80.91051298036263,-141.1428620895637,-141.1428620895637,-141.1428620895637,0.0,0.0,0.0,13647.104013290305
2022-03-25,13707.069373527886,12343.012219796829,14949.580131245531,13707.069373527886,13707.069373527886,-81.66559154117705,-81.66559154117705,-81.66559154117705,38.07196962542447,38.07196962542447,38.07196962542447,-119.73756116660151,-119.73756116660151,-119.73756116660151,0.0,0.0,0.0,13625.403781986708
2022-03-26,13706.802384656266,12261.219179232525,14727.521921822454,13706.802384656266,13706.802384656266,-212.6446040442829,-212.6446040442829,-212.6446040442829,-114.61800122540266,-114.61800122540266,-114.61800122540266,-98.02660281888022,-98.02660281888022,-98.02660281888022,0.0,0.0,0.0,13494.157780611984
2022-03-27,13706.535395784646,12358.543364957452,15046.572957424907,13706.535395784646,13706.535395784646,-41.62174056651493,-41.62174056651493,-41.62174056651493,35.01398845758489,35.01398845758489,35.01398845758489,-76.63572902409982,-76.63572902409982,-76.63572902409982,0.0,0.0,0.0,13664.91365521813
2022-03-28,13706.268406913026,12181.192981554266,14808.599468907907,13706.268406913026,13706.268406913026,-192.615392108132,-192.615392108132,-192.615392108132,-136.4307696790547,-136.4307696790547,-136.4307696790547,-56.18462242907731,-56.18462242907731,-56.18462242907731,0.0,0.0,0.0,13513.653014804895
2022-03-29,13706.001418041405,12441.75497682982,15011.152201019328,13706.001418041405,13706.001418041405,45.77990750258659,45.77990750258659,45.77990750258659,83.05140624573819,83.05140624573819,83.05140624573819,-37.271498743151604,-37.271498743151604,-37.271498743151604,0.0,0.0,0.0,13751.781325543992
2022-03-30,13705.734429169786,12388.310138983994,15016.506060046207,13705.734429169786,13705.734429169786,-6.457103704275123,-6.457103704275123,-6.457103704275123,14.000893595963474,14.000893595963474,14.000893595963474,-20.457997300238596,-20.457997300238596,-20.457997300238596,0.0,0.0,0.0,13699.277325465511
2022-03-31,13705.467440298165,12463.782639395184,14986.439301981112,13705.467440298165,13705.467440298165,74.65575293938593,74.65575293938593,74.65575293938593,80.91051298086775,80.91051298086775,80.91051298086775,-6.254760041481811,-6.254760041481811,-6.254760041481811,0.0,0.0,0.0,13780.123193237552
2022-04-01,13705.200451426546,12476.972917797824,14982.28636404956,13705.200451426546,13705.200451426546,42.963890357326115,42.963890357326115,42.963890357326115,38.07196962552009,38.07196962552009,38.07196962552009,4.891920731806028,4.891920731806028,4.891920731806028,0.0,0.0,0.0,13748.164341783873
2022-04-02,13704.933462554925,12297.994160620845,14907.689621480153,13704.933462554925,13704.933462554925,-102.00597557559081,-102.00597557559081,-102.00597557559081,-114.61800122602544,-114.61800122602544,-114.61800122602544,12.612025650434635,12.612025650434635,12.612025650434635,0.0,0.0,0.0,13602.927486979335
2022-04-03,13704.666473683303,12449.995400662345,15148.131890556457,13704.666473683303,13704.666473683303,51.63596100264974,51.63596100264974,51.63596100264974,35.013988457640785,35.013988457640785,35.013988457640785,16.621972545008955,16.621972545008955,16.621972545008955,0.0,0.0,0.0,13756.302434685953
2022-04-04,13704.399484811684,12250.173647793514,14905.25884087062,13704.399484811684,13704.399484811684,-119.69803859591796,-119.69803859591796,-119.69803859591796,-136.4307696790974,-136.4307696790974,-136.4307696790974,16.73273108317943,16.73273108317943,16.73273108317943,0.0,0.0,0.0,13584.701446215766
2022-04-05,13704.132495682292,12473.445777354518,15102.789798484515,13704.132495682292,13704.132495682292,95.9070513616099,95.9070513616099,95.9070513616099,83.0514062454468,83.0514062454468,83.0514062454468,12.85564511616309,12.85564511616309,12.85564511616309,0.0,0.0,0.0,13800.039547043902
2022-04-06,13703.865506552898,12317.570823614966,15046.518677746079,13703.865506552898,13703.865506552898,19.006668980045312,19.006668980045312,19.006668980045312,14.000893595543026,14.000893595543026,14.000893595543026,5.005775384502288,5.005775384502288,5.005775384502288,0.0,0.0,0.0,13722.872175532944
2022-04-07,13703.598517423507,12509.89456541957,14977.324127003532,13703.598517423507,13703.598517423507,74.21314954155847,74.21314954155847,74.21314954155847,80.91051298068243,80.91051298068243,80.91051298068243,-6.697363439123969,-6.697363439123969,-6.697363439123969,0.0,0.0,0.0,13777.811666965064
2022-04-08,13703.331528294113,12426.033406640994,15024.80853907601,13703.331528294113,13703.331528294113,16.04023806015503,16.04023806015503,16.04023806015503,38.07196962561568,38.07196962561568,38.07196962561568,-22.03173156546065,-22.03173156546065,-22.03173156546065,0.0,0.0,0.0,13719.371766354268
2022-04-09,13703.064539164721,12214.816420723384,14803.764781239475,13703.064539164721,13703.064539164721,-155.29535156240607,-155.29535156240607,-155.29535156240607,-114.61800122566734,-114.61800122566734,-114.61800122566734,-40.6773503367387,-40.6773503367387,-40.6773503367387,0.0,0.0,0.0,13547.769187602315
2022-04-10,13702.79755003533,12270.791056352615,14952.192903127807,13702.79755003533,13702.79755003533,-27.209479376060916,-27.209479376060916,-27.209479376060916,35.01398845767507,35.01398845767507,35.01398845767507,-62.223467833735995,-62.223467833735995,-62.223467833735995,0.0,0.0,0.0,13675.588070659269
2022-04-11,13702.530560905938,12164.193586206666,14751.550235078583,13702.530560905938,13702.530560905938,-222.60892665612565,-222.60892665612565,-222.60892665612565,-136.4307696791401,-136.4307696791401,-136.4307696791401,-86.17815697698552,-86.17815697698552,-86.17815697698552,0.0,0.0,0.0,13479.921634249813
2022-04-12,13702.263571776544,12441.852932157697,15031.593576767136,13702.263571776544,13702.263571776544,-28.928726913937023,-28.928726913937023,-28.928726913937023,83.0514062454084,83.0514062454084,83.0514062454084,-111.98013315934543,-111.98013315934543,-111.98013315934543,0.0,0.0,0.0,13673.334844862607
2022-04-13,13701.996582647153,12251.252945802018,14830.894134255695,13701.996582647153,13701.996582647153,-125.01162329110636,-125.01162329110636,-125.01162329110636,14.00089359630021,14.00089359630021,14.00089359630021,-139.01251688740655,-139.01251688740655,-139.01251688740655,0.0,0.0,0.0,13576.984959356047
2022-04-14,13701.729593517759,12322.50005964033,14924.579267535055,13701.729593517759,13701.729593517759,-85.70769862799102,-85.70769862799102,-85.70769862799102,80.91051298049713,80.91051298049713,80.91051298049713,-166.61821160848814,-166.61821160848814,-166.61821160848814,0.0,0.0,0.0,13616.021894889767
2022-04-15,13701.462604388369,12343.657885759387,14828.191691953607,13701.462604388369,13701.462604388369,-156.0445498337907,-156.0445498337907,-156.0445498337907,38.07196962505594,38.07196962505594,38.07196962505594,-194.11651945884665,-194.11651945884665,-194.11651945884665,0.0,0.0,0.0,13545.418054554579
2022-04-16,13701.195615258977,12073.818796953059,14729.657478200095,13701.195615258977,13701.195615258977,-335.4385807061431,-335.4385807061431,-335.4385807061431,-114.61800122579969,-114.61800122579969,-114.61800122579969,-220.82057948034338,-220.82057948034338,-220.82057948034338,0.0,0.0,0.0,13365.757034552835
2022-04-17,13700.928626129584,12255.123508895262,14785.896449667,13700.928626129584,13700.928626129584,-211.041196650707,-211.041196650707,-211.041196650707,35.013988457502606,35.013988457502606,35.013988457502606,-246.05518510820963,-246.05518510820963,-246.05518510820963,0.0,0.0,0.0,13489.887429478877
2022-04-18,13700.661637000192,11948.56363497568,14608.459987299046,13700.661637000192,13700.661637000192,-405.6052910052044,-405.6052910052044,-405.6052910052044,-136.43076967910392,-136.43076967910392,-136.43076967910392,-269.1745213261005,-269.1745213261005,-269.1745213261005,0.0,0.0,0.0,13295.056345994988
2022-04-19,13700.394647870799,12204.664523515541,14862.928528869941,13700.394647870799,13700.394647870799,-206.52795120354318,-206.52795120354318,-206.52795120354318,83.05140624536998,83.05140624536998,83.05140624536998,-289.57935744891313,-289.57935744891313,-289.57935744891313,0.0,0.0,0.0,13493.866696667255
2022-04-20,13700.127658741407,12027.911522275303,14755.587184888527,13700.127658741407,13700.127658741407,-292.7323457166507,-292.7323457166507,-292.7323457166507,14.000893595879763,14.000893595879763,14.000893595879763,-306.73323931253043,-306.73323931253043,-306.73323931253043,0.0,0.0,0.0,13407.395313024756
2022-04-21,13699.860669612015,12143.92195046924,14826.6433691183,13699.860669612015,13699.860669612015,-239.26673173105695,-239.26673173105695,-239.26673173105695,80.9105129804668,80.9105129804668,80.9105129804668,-320.1772447115237,-320.1772447115237,-320.1772447115237,0.0,0.0,0.0,13460.593937880958
2022-04-22,13699.593680482623,12148.673992132726,14730.959695444499,13699.593680482623,13699.593680482623,-291.47092823080055,-291.47092823080055,-291.47092823080055,38.071969626101975,38.071969626101975,38.071969626101975,-329.5428978569025,-329.5428978569025,-329.5428978569025,0.0,0.0,0.0,13408.122752251822
2022-04-23,13699.32669135323,12102.9183071955,14472.988843670824,13699.32669135323,13699.32669135323,-449.1808829679279,-449.1808829679279,-449.1808829679279,-114.61800122544157,-114.61800122544157,-114.61800122544157,-334.5628817424864,-334.5628817424864,-334.5628817424864,0.0,0.0,0.0,13250.145808385301
2022-04-24,13699.059702223838,12070.777425579257,14706.438232877726,13699.059702223838,13699.059702223838,-300.0652521509495,-300.0652521509495,-300.0652521509495,35.013988457786894,35.013988457786894,35.013988457786894,-335.07924060873637,-335.07924060873637,-335.07924060873637,0.0,0.0,0.0,13398.994450072889
2022-04-25,13698.792713094444,11992.606457357868,14659.635835700414,13698.792713094444,13698.792713094444,-467.4795965586894,-467.4795965586894,-467.4795965586894,-136.43076967906774,-136.43076967906774,-136.43076967906774,-331.0488268796217,-331.0488268796217,-331.0488268796217,0.0,0.0,0.0,13231.313116535755
2022-04-26,13698.525723965053,12124.552762157517,14615.0486937998,13698.525723965053,13698.525723965053,-239.4944102295601,-239.4944102295601,-239.4944102295601,83.05140624507861,83.05140624507861,83.05140624507861,-322.5458164746387,-322.5458164746387,-322.5458164746387,0.0,0.0,0.0,13459.031313735493
2022-04-27,13698.258734835661,12101.123133756802,14689.862058697661,13698.258734835661,13698.258734835661,-295.7602978884504,-295.7602978884504,-295.7602978884504,14.000893596048135,14.000893596048135,14.000893596048135,-309.7611914844985,-309.7611914844985,-309.7611914844985,0.0,0.0,0.0,13402.498436947211
2022-04-28,13697.99174570627,12242.28248647212,14750.466347578951,13697.99174570627,13697.99174570627,-212.08865492823864,-212.08865492823864,-212.08865492823864,80.91051298097194,80.91051298097194,80.91051298097194,-292.9991679092106,-292.9991679092106,-292.9991679092106,0.0,0.0,0.0,13485.90309077803
2022-04-29,13697.724756611009,12200.595747979489,14689.881220989912,13697.724756611009,13697.724756611009,-234.59865678698742,-234.59865678698742,-234.59865678698742,38.071969625542245,38.071969625542245,38.071969625542245,-272.67062641252966,-272.67062641252966,-272.67062641252966,0.0,0.0,0.0,13463.126099824021
2022-04-30,13697.457767515749,12023.058457599618,14641.286714524433,13697.457767515749,13697.457767515749,-363.90168493823717,-363.90168493823717,-363.90168493823717,-114.61800122557392,-114.61800122557392,-114.61800122557392,-249.28368371266328,-249.28368371266328,-249.28368371266328,0.0,0.0,0.0,13333.556082577512
2022-05-01,13697.19077842049,12146.602735267146,14836.408693599935,13697.19077842049,13697.19077842049,-188.41763070950802,-188.41763070950802,-188.41763070950802,35.01398845761442,35.01398845761442,35.01398845761442,-223.43161916712242,-223.43161916712242,-223.43161916712242,0.0,0.0,0.0,13508.773147710983
2022-05-02,13696.92378932523,12044.525329983677,14637.604164466326,13696.92378932523,13696.92378932523,-332.2092128807827,-332.2092128807827,-332.2092128807827,-136.43076967913194,-136.43076967913194,-136.43076967913194,-195.77844320165073,-195.77844320165073,-195.77844320165073,0.0,0.0,0.0,13364.714576444447
2022-05-03,13696.65680022997,12349.070304475134,14896.437064103291,13696.65680022997,13696.65680022997,-83.99105326676033,-83.99105326676033,-83.99105326676033,83.05140624504018,83.05140624504018,83.05140624504018,-167.0424595118005,-167.0424595118005,-167.0424595118005,0.0,0.0,0.0,13612.66574696321
2022-05-04,13696.389811134712,12292.580946812786,14827.18793312641,13696.389811134712,13696.389811134712,-123.97733598040593,-123.97733598040593,-123.97733598040593,14.000893595627687,14.000893595627687,14.000893595627687,-137.9782295760336,-137.9782295760336,-137.9782295760336,0.0,0.0,0.0,13572.412475154306
2022-05-05,13696.122822039451,12426.159589039455,14898.588582043612,13696.122822039451,13696.122822039451,-28.446881391440318,-28.446881391440318,-28.446881391440318,80.91051298009616,80.91051298009616,80.91051298009616,-109.35739437153647,-109.35739437153647,-109.35739437153647,0.0,0.0,0.0,13667.67594064801
2022-05-06,13695.855832944191,12405.626461164886,14969.449884821928,13695.855832944191,13695.855832944191,-43.876873273608936,-43.876873273608936,-43.876873273608936,38.07196962629319,38.07196962629319,38.07196962629319,-81.94884289990213,-81.94884289990213,-81.94884289990213,0.0,0.0,0.0,13651.978959670581
2022-05-07,13695.588843848931,12229.508069792293,14829.343209701532,13695.588843848931,13695.588843848931,-171.11674039924577,-171.11674039924577,-171.11674039924577,-114.61800122559228,-114.61800122559228,-114.61800122559228,-56.4987391736535,-56.4987391736535,-56.4987391736535,0.0,0.0,0.0,13524.472103449685
2022-05-08,13695.32185475367,12375.951991453228,15018.732795814949,13695.32185475367,13695.32185475367,1.3030604973812554,1.3030604973812554,1.3030604973812554,35.01398845767035,35.01398845767035,35.01398845767035,-33.7109279602891,-33.7109279602891,-33.7109279602891,0.0,0.0,0.0,13696.624915251052
2022-05-09,13695.05486565841,12206.063990908102,14843.305537268428,13695.05486565841,13695.05486565841,-150.65900413871364,-150.65900413871364,-150.65900413871364,-136.43076967909576,-136.43076967909576,-136.43076967909576,-14.228234459617902,-14.228234459617902,-14.228234459617902,0.0,0.0,0.0,13544.395861519697
2022-05-10,13694.787876563152,12398.39776316168,15016.768892937293,13694.787876563152,13694.787876563152,84.43625203207601,84.43625203207601,84.43625203207601,83.0514062453723,83.0514062453723,83.0514062453723,1.3848457867037132,1.3848457867037132,1.3848457867037132,0.0,0.0,0.0,13779.224128595228
2022-05-11,13694.520887467892,12454.20749149559,14988.97723458558,13694.520887467892,13694.520887467892,26.658496302379408,26.658496302379408,26.658496302379408,14.00089359579605,14.00089359579605,14.00089359579605,12.657602706583358,12.657602706583358,12.657602706583358,0.0,0.0,0.0,13721.179383770272
2022-05-12,13694.253898372632,12535.534080880716,15115.643973403909,13694.253898372632,13694.253898372632,100.13680705750319,100.13680705750319,100.13680705750319,80.9105129806013,80.9105129806013,80.9105129806013,19.226294076901898,19.226294076901898,19.226294076901898,0.0,0.0,0.0,13794.390705430134
2022-05-13,13693.986909277372,12461.11699863777,15113.619998438931,13693.986909277372,13693.986909277372,58.9166613688536,58.9166613688536,58.9166613688536,38.071969625733445,38.071969625733445,38.071969625733445,20.84469174312016,20.84469174312016,20.84469174312016,0.0,0.0,0.0,13752.903570646225
2022-05-14,13693.719920182111,12316.917133262838,14909.365822661475,13693.719920182111,13693.719920182111,-97.2263057214251,-97.2263057214251,-97.2263057214251,-114.61800122572461,-114.61800122572461,-114.61800122572461,17.39169550429951,17.39169550429951,17.39169550429951,0.0,0.0,0.0,13596.493614460685
2022-05-15,13693.452931086855,12428.372023958294,14965.299594530356,13693.452931086855,13693.452931086855,43.88978191425342,43.88978191425342,43.88978191425342,35.013988457497874,35.013988457497874,35.013988457497874,8.875793456755542,8.875793456755542,8.875793456755542,0.0,0.0,0.0,13737.342713001108
2022-05-16,13693.185941991595,12271.187184235316,14899.813444421574,13693.185941991595,13693.185941991595,-140.99454064818758,-140.99454064818758,-140.99454064818758,-136.43076967905958,-136.43076967905958,-136.43076967905958,-4.563770969128002,-4.563770969128002,-4.563770969128002,0.0,0.0,0.0,13552.191401343407
2022-05-17,13692.918952896334,12462.850135769644,15080.200305936733,13692.918952896334,13692.918952896334,60.39222697013114,60.39222697013114,60.39222697013114,83.05140624496333,83.05140624496333,83.05140624496333,-22.659179274832194,-22.659179274832194,-22.659179274832194,0.0,0.0,0.0,13753.311179866465
2022-05-18,13692.651963801074,12415.426871817235,14959.047057571555,13692.651963801074,13692.651963801074,-31.018638029299353,-31.018638029299353,-31.018638029299353,14.000893595775349,14.000893595775349,14.000893595775349,-45.0195316250747,-45.0195316250747,-45.0195316250747,0.0,0.0,0.0,13661.633325771774
2022-05-19,13692.384974705814,12444.466815018357,14955.928602369719,13692.384974705814,13692.384974705814,9.770980313055029,9.770980313055029,9.770980313055029,80.91051298041597,80.91051298041597,80.91051298041597,-71.13953266736095,-71.13953266736095,-71.13953266736095,0.0,0.0,0.0,13702.155955018869
2022-05-20,13692.117985610554,12412.12726969224,14903.264620279908,13692.117985610554,13692.117985610554,-62.339193542405425,-62.339193542405425,-62.339193542405425,38.0719696251737,38.0719696251737,38.0719696251737,-100.41116316757912,-100.41116316757912,-100.41116316757912,0.0,0.0,0.0,13629.778792068148
2022-05-21,13691.850996515295,12158.222097585827,14767.471683519982,13691.850996515295,13691.850996515295,-246.75605246810505,-246.75605246810505,-246.75605246810505,-114.61800122536651,-114.61800122536651,-114.61800122536651,-132.13805124273856,-132.13805124273856,-132.13805124273856,0.0,0.0,0.0,13445.09494404719
2022-05-22,13691.584007683465,12290.238357803928,14800.996550397418,13691.584007683465,13691.584007683465,-130.53819570180224,-130.53819570180224,-130.53819570180224,35.0139884575538,35.0139884575538,35.0139884575538,-165.55218415935602,-165.55218415935602,-165.55218415935602,0.0,0.0,0.0,13561.045811981663
2022-05-23,13691.317018851636,12076.66465066774,14615.360071678386,13691.317018851636,13691.317018851636,-336.2633076830872,-336.2633076830872,-336.2633076830872,-136.43076967920265,-136.43076967920265,-136.43076967920265,-199.83253800388454,-199.83253800388454,-199.83253800388454,0.0,0.0,0.0,13355.053711168548
2022-05-24,13691.050030019807,12292.446656225635,14796.56093786805,13691.050030019807,13691.050030019807,-151.0737435239479,-151.0737435239479,-151.0737435239479,83.05140624529545,83.05140624529545,83.05140624529545,-234.12514976924336,-234.12514976924336,-234.12514976924336,0.0,0.0,0.0,13539.97628649586
2022-05-25,13690.783041187979,12126.851082954536,14842.07945113076,13690.783041187979,13690.783041187979,-253.56322246040813,-253.56322246040813,-253.56322246040813,14.000893595943714,14.000893595943714,14.000893595943714,-267.56411605635185,-267.56411605635185,-267.56411605635185,0.0,0.0,0.0,13437.21981872757
2022-05-26,13690.51605235615,12105.957928639184,14825.943737607739,13690.51605235615,13690.51605235615,-218.3824628202813,-218.3824628202813,-218.3824628202813,80.91051298038565,80.91051298038565,80.91051298038565,-299.29297580066697,-299.29297580066697,-299.29297580066697,0.0,0.0,0.0,13472.133589535868
2022-05-27,13690.249063524321,12103.450107364075,14731.002834002413,13690.249063524321,13690.249063524321,-290.4139523819799,-290.4139523819799,-290.4139523819799,38.071969625269304,38.071969625269304,38.071969625269304,-328.4859220072492,-328.4859220072492,-328.4859220072492,0.0,0.0,0.0,13399.835111142342
2022-05-28,13689.982074692492,11942.686036126413,14487.090506363786,13689.982074692492,13689.982074692492,-468.98629105621256,-468.98629105621256,-468.98629105621256,-114.61800122598929,-114.61800122598929,-114.61800122598929,-354.36828983022326,-354.36828983022326,-354.36828983022326,0.0,0.0,0.0,13220.99578363628
2022-05-29,13689.715085860664,12023.019940672408,14651.032930429024,13689.715085860664,13689.715085860664,-341.22179701793186,-341.22179701793186,-341.22179701793186,35.013988457588084,35.013988457588084,35.013988457588084,-376.23578547551995,-376.23578547551995,-376.23578547551995,0.0,0.0,0.0,13348.493288842732
2022-05-30,13689.448097028835,11811.766673322278,14461.137378651943,13689.448097028835,13689.448097028835,-529.9027216320358,-529.9027216320358,-529.9027216320358,-136.43076967908758,-136.43076967908758,-136.43076967908758,-393.47195195294813,-393.47195195294813,-393.47195195294813,0.0,0.0,0.0,13159.5453753968
2022-05-31,13689.181108197006,12056.973119621798,14749.70634645093,13689.181108197006,13689.181108197006,-322.5120066231825,-322.5120066231825,-322.5120066231825,83.05140624562759,83.05140624562759,83.05140624562759,-405.56341286881,-405.56341286881,-405.56341286881,0.0,0.0,0.0,13366.669101573823
2022-06-01,13688.914119365178,11964.127393706849,14584.441098468713,13688.914119365178,13688.914119365178,-398.11159949403805,-398.11159949403805,-398.11159949403805,14.000893595523273,14.000893595523273,14.000893595523273,-412.1124930895613,-412.1124930895613,-412.1124930895613,0.0,0.0,0.0,13290.80251987114
2022-06-02,13688.647130533349,12078.991111751531,14656.14707537128,13688.647130533349,13688.647130533349,-331.9363707222689,-331.9363707222689,-331.9363707222689,80.91051298020035,80.91051298020035,80.91051298020035,-412.84688370246926,-412.84688370246926,-412.84688370246926,0.0,0.0,0.0,13356.71075981108
2022-06-03,13688.380141701518,12041.576664680295,14624.676501325808,13688.380141701518,13688.380141701518,-369.55412683245714,-369.55412683245714,-369.55412683245714,38.071969625004655,38.071969625004655,38.071969625004655,-407.62609645746176,-407.62609645746176,-407.62609645746176,0.0,0.0,0.0,13318.82601486906
2022-06-04,13688.11315286969,11908.384269223541,14456.104839210335,13688.11315286969,13688.11315286969,-511.06253894665235,-511.06253894665235,-511.06253894665235,-114.6180012256312,-114.6180012256312,-114.6180012256312,-396.44453772102116,-396.44453772102116,-396.44453772102116,0.0,0.0,0.0,13177.050613923037
2022-06-05,13687.846164037861,12076.113088999095,14626.072144225229,13687.846164037861,13687.846164037861,-344.4171331869525,-344.4171331869525,-344.4171331869525,35.01398845787239,35.01398845787239,35.01398845787239,-379.43112164482494,-379.43112164482494,-379.43112164482494,0.0,0.0,0.0,13343.429030850908
2022-06-06,13687.579175206032,11935.96222490013,14530.851736848737,13687.579175206032,13687.579175206032,-493.2762040118598,-493.2762040118598,-493.2762040118598,-136.4307696791303,-136.4307696791303,-136.4307696791303,-356.84543433272955,-356.84543433272955,-356.84543433272955,0.0,0.0,0.0,13194.302971194173
2022-06-07,13687.312186374204,12194.934603272413,14760.985417374513,13687.312186374204,13687.312186374204,-246.01914655651228,-246.01914655651228,-246.01914655651228,83.05140624558916,83.05140624558916,83.05140624558916,-329.0705528021014,-329.0705528021014,-329.0705528021014,0.0,0.0,0.0,13441.29303981769
2022-06-08,13687.045197542375,12075.743140230303,14709.870102266728,13687.045197542375,13687.045197542375,-282.6018183763394,-282.6018183763394,-282.6018183763394,14.000893596280457,14.000893596280457,14.000893596280457,-296.6027119726199,-296.6027119726199,-296.6027119726199,0.0,0.0,0.0,13404.443379166036
2022-06-09,13686.778208710546,12238.981686980347,14840.127596403281,13686.778208710546,13686.778208710546,-179.1275843711768,-179.1275843711768,-179.1275843711768,80.91051298001501,80.91051298001501,80.91051298001501,-260.03809735119177,-260.03809735119177,-260.03809735119177,0.0,0.0,0.0,13507.650624339369
2022-06-10,13686.511219878717,12164.446447744733,14728.594069142815,13686.511219878717,13686.511219878717,-181.98514857987126,-181.98514857987126,-181.98514857987126,38.071969625755585,38.071969625755585,38.071969625755585,-220.05711820562686,-220.05711820562686,-220.05711820562686,0.0,0.0,0.0,13504.526071298846
2022-06-11,13686.244231046889,12130.075009270695,14685.066055232193,13686.244231046889,13686.244231046889,-292.0245849335304,-292.0245849335304,-292.0245849335304,-114.6180012252731,-114.6180012252731,-114.6180012252731,-177.40658370825724,-177.40658370825724,-177.40658370825724,0.0,0.0,0.0,13394.219646113359
2022-06-12,13685.97724221506,12258.089873749923,14936.2358575541,13685.97724221506,13685.97724221506,-97.86627246549348,-97.86627246549348,-97.86627246549348,35.01398845769992,35.01398845769992,35.01398845769992,-132.8802609231934,-132.8802609231934,-132.8802609231934,0.0,0.0,0.0,13588.110969749567
2022-06-13,13685.710253383231,12177.766839212303,14740.90932077514,13685.710253383231,13685.710253383231,-223.72910671692617,-223.72910671692617,-223.72910671692617,-136.4307696790941,-136.4307696790941,-136.4307696790941,-87.29833703783206,-87.29833703783206,-87.29833703783206,0.0,0.0,0.0,13461.981146666305
2022-06-14,13685.443264546062,12428.4600046445,15017.565921957379,13685.443264546062,13685.443264546062,41.565068562274035,41.565068562274035,41.565068562274035,83.05140624566835,83.05140624566835,83.05140624566835,-41.48633768339431,-41.48633768339431,-41.48633768339431,0.0,0.0,0.0,13727.008333108335
2022-06-15,13685.17627570889,12425.92252380643,14943.810075132436,13685.17627570889,13685.17627570889,17.74682589512926,17.74682589512926,17.74682589512926,14.00089359586001,14.00089359586001,14.00089359586001,3.745932299269248,3.745932299269248,3.745932299269248,0.0,0.0,0.0,13702.92310160402
2022-06-16,13684.90928687172,12535.435847627368,15043.728776982589,13684.90928687172,13684.90928687172,128.53537310369032,128.53537310369032,128.53537310369032,80.91051297982969,80.91051297982969,80.91051297982969,47.62486012386063,47.62486012386063,47.62486012386063,0.0,0.0,0.0,13813.44465997541
2022-06-17,13684.642298034552,12528.509858178153,15066.471144753092,13684.642298034552,13684.642298034552,127.50432866934509,127.50432866934509,127.50432866934509,38.071969625195855,38.071969625195855,38.071969625195855,89.43235904414924,89.43235904414924,89.43235904414924,0.0,0.0,0.0,13812.146626703898
2022-06-18,13684.375309197381,12461.566170435703,14928.117496978379,13684.375309197381,13684.375309197381,13.905545699439303,13.905545699439303,13.905545699439303,-114.61800122540545,-114.61800122540545,-114.61800122540545,128.52354692484477,128.52354692484477,128.52354692484477,0.0,0.0,0.0,13698.28085489682
2022-06-19,13684.10832036021,12552.947282947182,15189.846521611842,13684.10832036021,13684.10832036021,199.3562850462134,199.3562850462134,199.3562850462134,35.0139884577342,35.0139884577342,35.0139884577342,164.3422965884792,164.3422965884792,164.3422965884792,0.0,0.0,0.0,13883.464605406423
2022-06-20,13683.841331523043,12386.109185828744,15051.571092355576,13683.841331523043,13683.841331523043,60.003473709141566,60.003473709141566,60.003473709141566,-136.4307696790579,-136.4307696790579,-136.4307696790579,196.43424338819946,196.43424338819946,196.43424338819946,0.0,0.0,0.0,13743.844805232184
2022-06-21,13683.574342685872,12810.410020825986,15194.881697609417,13683.574342685872,13683.574342685872,307.5083113426075,307.5083113426075,307.5083113426075,83.05140624525937,83.05140624525937,83.05140624525937,224.45690509734817,224.45690509734817,224.45690509734817,0.0,0.0,0.0,13991.08265402848
2022-06-22,13683.3073538487,12684.767968292595,15174.291364224206,13683.3073538487,13683.3073538487,262.1875419328783,262.1875419328783,262.1875419328783,14.00089359642812,14.00089359642812,14.00089359642812,248.18664833645013,248.18664833645013,248.18664833645013,0.0,0.0,0.0,13945.49489578158
2022-06-23,13683.040365011533,12744.438878421066,15365.466790707185,13683.040365011533,13683.040365011533,348.43283521314214,348.43283521314214,348.43283521314214,80.91051298033483,80.91051298033483,80.91051298033483,267.52232223280726,267.52232223280726,267.52232223280726,0.0,0.0,0.0,14031.473200224675
2022-06-24,13682.773376174362,12716.883232054935,15268.307802721602,13682.773376174362,13682.773376174362,320.55744110110714,320.55744110110714,320.55744110110714,38.071969625291466,38.071969625291466,38.071969625291466,282.48547147581576,282.48547147581576,282.48547147581576,0.0,0.0,0.0,14003.33081727547
2022-06-25,13682.506387337191,12566.255482710809,15189.843153648491,13682.506387337191,13682.506387337191,178.59913366711393,178.59913366711393,178.59913366711393,-114.61800122493337,-114.61800122493337,-114.61800122493337,293.2171348920473,293.2171348920473,293.2171348920473,0.0,0.0,0.0,13861.105521004305
2022-06-26,13682.239398500022,12687.623024320323,15245.805211519804,13682.239398500022,13682.239398500022,334.98531800260156,334.98531800260156,334.98531800260156,35.01398845756172,35.01398845756172,35.01398845756172,299.97132954503985,299.97132954503985,299.97132954503985,0.0,0.0,0.0,14017.224716502624
2022-06-27,13681.972409662852,12599.977192752482,15140.174226673389,13681.972409662852,13681.972409662852,166.67464191579865,166.67464191579865,166.67464191579865,-136.43076967902172,-136.43076967902172,-136.43076967902172,303.1054115948204,303.1054115948204,303.1054115948204,0.0,0.0,0.0,13848.647051578651
2022-06-28,13681.705420825681,12832.930012721292,15399.393042988735,13681.705420825681,13681.705420825681,386.1189974617553,386.1189974617553,386.1189974617553,83.0514062455915,83.0514062455915,83.0514062455915,303.06759121616386,303.06759121616386,303.06759121616386,0.0,0.0,0.0,14067.824418287437
2022-06-29,13681.438431988512,12696.753935556588,15434.497868360604,13681.438431988512,13681.438431988512,314.3828509986084,314.3828509986084,314.3828509986084,14.000893596007673,14.000893596007673,14.000893596007673,300.3819574026007,300.3819574026007,300.3819574026007,0.0,0.0,0.0,13995.82128298712
2022-06-30,13681.171443151341,12665.396678321336,15287.616092722606,13681.171443151341,13681.171443151341,376.54195028707557,376.54195028707557,376.54195028707557,80.91051298030452,80.91051298030452,80.91051298030452,295.63143730677103,295.63143730677103,295.63143730677103,0.0,0.0,0.0,14057.713393438416
2022-07-01,13680.904454314172,12687.089881170663,15217.606339850036,13680.904454314172,13680.904454314172,327.5111415946998,327.5111415946998,327.5111415946998,38.071969625387055,38.071969625387055,38.071969625387055,289.4391719693127,289.4391719693127,289.4391719693127,0.0,0.0,0.0,14008.415595908871
2022-07-02,13680.637465477002,12624.67846097369,15145.659985973683,13680.637465477002,13680.637465477002,167.8308330573738,167.8308330573738,167.8308330573738,-114.61800122555613,-114.61800122555613,-114.61800122555613,282.4488342829299,282.4488342829299,282.4488342829299,0.0,0.0,0.0,13848.468298534377
2022-07-03,13680.370476639831,12691.791810003804,15205.22238264053,13680.370476639831,13680.370476639831,310.3184330480728,310.3184330480728,310.3184330480728,35.01398845784604,35.01398845784604,35.01398845784604,275.30444459022675,275.30444459022675,275.30444459022675,0.0,0.0,0.0,13990.688909687904
2022-07-04,13680.103487802662,12544.338444589148,15172.068866915053,13680.103487802662,13680.103487802662,132.19948389657182,132.19948389657182,132.19948389657182,-136.4307696790644,-136.4307696790644,-136.4307696790644,268.63025357563623,268.63025357563623,268.63025357563623,0.0,0.0,0.0,13812.302971699233
2022-07-05,13679.836498965493,12795.707677335253,15353.566512156352,13679.836498965493,13679.836498965493,346.06266692309106,346.06266692309106,346.06266692309106,83.05140624555307,83.05140624555307,83.05140624555307,263.01126067753796,263.01126067753796,263.01126067753796,0.0,0.0,0.0,14025.899165888584
2022-07-06,13679.569510128322,12687.83895191344,15254.74091108022,13679.569510128322,13679.569510128322,272.9758127073738,272.9758127073738,272.9758127073738,14.000893595587225,14.000893595587225,14.000893595587225,258.97491911178656,258.97491911178656,258.97491911178656,0.0,0.0,0.0,13952.545322835696
2022-07-07,13679.30252129115,12795.703603094962,15317.610441690347,13679.30252129115,13679.30252129115,337.8850592019644,337.8850592019644,337.8850592019644,80.91051298080966,80.91051298080966,80.91051298080966,256.9745462211547,256.9745462211547,256.9745462211547,0.0,0.0,0.0,14017.187580493115
2022-07-08,13679.03553244599,12719.250359254607,15348.771711283423,13679.03553244599,13679.03553244599,295.44688071783264,295.44688071783264,295.44688071783264,38.071969625482645,38.071969625482645,38.071969625482645,257.37491109235,257.37491109235,257.37491109235,0.0,0.0,0.0,13974.482413163823
2022-07-09,13678.768543600827,12458.988982871064,15148.461061747808,13678.768543600827,13678.768543600827,145.82241026609785,145.82241026609785,145.82241026609785,-114.61800122568847,-114.61800122568847,-114.61800122568847,260.44041149178634,260.44041149178634,260.44041149178634,0.0,0.0,0.0,13824.590953866924
2022-07-10,13678.501554755667,12715.738480972297,15222.667521928206,13678.501554755667,13678.501554755667,301.34016923184475,301.34016923184475,301.34016923184475,35.01398845767357,35.01398845767357,35.01398845767357,266.3261807741712,266.3261807741712,266.3261807741712,0.0,0.0,0.0,13979.84172398751
2022-07-11,13678.234565910503,12502.46417539302,15063.844762324274,13678.234565910503,13678.234565910503,138.64161478779633,138.64161478779633,138.64161478779633,-136.43076967912862,-136.43076967912862,-136.43076967912862,275.0723844669249,275.0723844669249,275.0723844669249,0.0,0.0,0.0,13816.8761806983
2022-07-12,13677.967577065341,12778.901151278335,15238.041298822069,13677.967577065341,13677.967577065341,369.65328418006027,369.65328418006027,369.65328418006027,83.05140624551466,83.05140624551466,83.05140624551466,286.6018779345456,286.6018779345456,286.6018779345456,0.0,0.0,0.0,14047.620861245401
2022-07-13,13677.700588220181,12656.54543203182,15268.122609627026,13677.700588220181,13677.700588220181,314.7221968973333,314.7221968973333,314.7221968973333,14.00089359634441,14.00089359634441,14.00089359634441,300.72130330098895,300.72130330098895,300.72130330098895,0.0,0.0,0.0,13992.422785117515
2022-07-14,13677.433599375017,12796.590400427453,15347.871915577678,13677.433599375017,13677.433599375017,398.03612118932836,398.03612118932836,398.03612118932836,80.91051297993388,80.91051297993388,80.91051297993388,317.12560820939444,317.12560820939444,317.12560820939444,0.0,0.0,0.0,14075.469720564346
2022-07-15,13677.166610529855,12855.18788150282,15357.05815039782,13677.166610529855,13677.166610529855,373.4778432801983,373.4778432801983,373.4778432801983,38.071969624922914,38.071969624922914,38.071969624922914,335.40587365527534,335.40587365527534,335.40587365527534,0.0,0.0,0.0,14050.644453810053
2022-07-16,13676.899621684694,12581.852760344887,15231.022620456935,13676.899621684694,13676.899621684694,240.44224444074018,240.44224444074018,240.44224444074018,-114.61800122570683,-114.61800122570683,-114.61800122570683,355.06024566644703,355.06024566644703,355.06024566644703,0.0,0.0,0.0,13917.341866125435
2022-07-17,13676.632632839532,12661.760751254387,15300.573298441941,13676.632632839532,13676.632632839532,410.5216670299598,410.5216670299598,410.5216670299598,35.01398845750109,35.01398845750109,35.01398845750109,375.5076785724587,375.5076785724587,375.5076785724587,0.0,0.0,0.0,14087.154299869491
2022-07-18,13676.36564399437,12699.532953505286,15161.190099709564,13676.36564399437,13676.36564399437,259.6733487258201,259.6733487258201,259.6733487258201,-136.43076967917133,-136.43076967917133,-136.43076967917133,396.1041184049915,396.1041184049915,396.1041184049915,0.0,0.0,0.0,13936.03899272019
2022-07-19,13676.098655149208,12844.91069257128,15391.448112212584,13676.098655149208,13676.098655149208,499.2120920540154,499.2120920540154,499.2120920540154,83.05140624522328,83.05140624522328,83.05140624522328,416.16068580879215,416.16068580879215,416.16068580879215,0.0,0.0,0.0,14175.310747203222
2022-07-20,13675.831666304044,12832.216927842523,15492.30799536437,13675.831666304044,13675.831666304044,448.96425421655636,448.96425421655636,448.96425421655636,14.00089359592397,14.00089359592397,14.00089359592397,434.96336062063233,434.96336062063233,434.96336062063233,0.0,0.0,0.0,14124.7959205206
2022-07-21,13675.564677458884,12947.295051982379,15534.78390677259,13675.564677458884,13675.564677458884,532.7041395905287,532.7041395905287,532.7041395905287,80.91051298043901,80.91051298043901,80.91051298043901,451.7936266100897,451.7936266100897,451.7936266100897,0.0,0.0,0.0,14208.268817049413
2022-07-22,13675.297688613722,12889.928486335742,15415.22695507751,13675.297688613722,13675.297688613722,504.0214756063021,504.0214756063021,504.0214756063021,38.07196962531363,38.07196962531363,38.07196962531363,465.9495059809885,465.9495059809885,465.9495059809885,0.0,0.0,0.0,14179.319164220024
2022-07-23,13675.030699768558,12775.869748118921,15343.319072656777,13675.030699768558,13675.030699768558,362.1483987124675,362.1483987124675,362.1483987124675,-114.61800122534873,-114.61800122534873,-114.61800122534873,476.7663999378163,476.7663999378163,476.7663999378163,0.0,0.0,0.0,14037.179098481025
2022-07-24,13674.763710923398,12824.859595376445,15421.374603422286,13674.763710923398,13674.763710923398,518.6511427830185,518.6511427830185,518.6511427830185,35.01398845778541,35.01398845778541,35.01398845778541,483.6371543252331,483.6371543252331,483.6371543252331,0.0,0.0,0.0,14193.414853706417
2022-07-25,13674.496722078235,12806.852711939218,15350.646957799452,13674.496722078235,13674.496722078235,349.60001832330903,349.60001832330903,349.60001832330903,-136.43076967905625,-136.43076967905625,-136.43076967905625,486.0307880023653,486.0307880023653,486.0307880023653,0.0,0.0,0.0,14024.096740401543
2022-07-26,13674.229733233075,13027.817149610848,15520.796152584797,13674.229733233075,13674.229733233075,566.5607619921113,566.5607619921113,566.5607619921113,83.05140624518486,83.05140624518486,83.05140624518486,483.5093557469264,483.5093557469264,483.5093557469264,0.0,0.0,0.0,14240.790495225187
2022-07-27,13673.96274438791,12885.906584345188,15439.843599069565,13673.96274438791,13673.96274438791,489.74335978262934,489.74335978262934,489.74335978262934,14.00089359590326,14.00089359590326,14.00089359590326,475.7424661867261,475.7424661867261,475.7424661867261,0.0,0.0,0.0,14163.70610417054
2022-07-28,13673.695755542749,13047.027343041644,15452.588650872982,13673.695755542749,13673.695755542749,543.4295502072196,543.4295502072196,543.4295502072196,80.91051298094416,80.91051298094416,80.91051298094416,462.51903722627543,462.51903722627543,462.51903722627543,0.0,0.0,0.0,14217.125305749969
2022-07-29,13673.428766697587,12888.394833484926,15288.418670055155,13673.428766697587,13673.428766697587,481.8279146334578,481.8279146334578,481.8279146334578,38.07196962475386,38.07196962475386,38.07196962475386,443.755945008704,443.755945008704,443.755945008704,0.0,0.0,0.0,14155.256681331044
2022-07-30,13673.161777852425,12702.47504339202,15258.39159425435,13673.161777852425,13673.161777852425,304.885304405173,304.885304405173,304.885304405173,-114.61800122548108,-114.61800122548108,-114.61800122548108,419.50330563065404,419.50330563065404,419.50330563065404,0.0,0.0,0.0,13978.047082257599
2022-07-31,13672.894788974905,12779.857287923294,15331.272616544025,13672.894788974905,13672.894788974905,424.96020782711076,424.96020782711076,424.96020782711076,35.01398845761295,35.01398845761295,35.01398845761295,389.94621936949784,389.94621936949784,389.94621936949784,0.0,0.0,0.0,14097.854996802016
2022-08-01,13672.627800097387,12691.670002381867,15145.734829978937,13672.627800097387,13672.627800097387,218.9721329403849,218.9721329403849,218.9721329403849,-136.43076967909894,-136.43076967909894,-136.43076967909894,355.4029026194839,355.4029026194839,355.4029026194839,0.0,0.0,0.0,13891.599933037773
2022-08-02,13672.360811219867,12712.093334328869,15328.257308777696,13672.360811219867,13672.360811219867,399.3706367258918,399.3706367258918,399.3706367258918,83.05140624514642,83.05140624514642,83.05140624514642,316.31923048074543,316.31923048074543,316.31923048074543,0.0,0.0,0.0,14071.731447945758
2022-08-03,13672.093822342349,12700.992608039593,15224.682629214329,13672.093822342349,13672.093822342349,287.26070393581284,287.26070393581284,287.26070393581284,14.000893595482813,14.000893595482813,14.000893595482813,273.25981034033003,273.25981034033003,273.25981034033003,0.0,0.0,0.0,13959.354526278163
2022-08-04,13671.826833464831,12741.558070289086,15275.571363011471,13671.826833464831,13671.826833464831,307.80631416087283,307.80631416087283,307.80631416087283,80.91051298006838,80.91051298006838,80.91051298006838,226.89580118080445,226.89580118080445,226.89580118080445,0.0,0.0,0.0,13979.633147625704
2022-08-05,13671.559844587311,12590.798126499922,15199.858105991756,13671.559844587311,13671.559844587311,216.0617517974206,216.0617517974206,216.0617517974206,38.071969626160175,38.071969626160175,38.071969626160175,177.98978217126046,177.98978217126046,177.98978217126046,0.0,0.0,0.0,13887.621596384732
2022-08-06,13671.292855709791,12410.127964785985,15040.882979314838,13671.292855709791,13671.292855709791,12.760053698049076,12.760053698049076,12.760053698049076,-114.61800122561341,-114.61800122561341,-114.61800122561341,127.37805492366249,127.37805492366249,127.37805492366249,0.0,0.0,0.0,13684.052909407841
2022-08-07,13671.025866832273,12601.631441780048,15054.819764718934,13671.025866832273,13671.025866832273,110.96482288687565,110.96482288687565,110.96482288687565,35.01398845764722,35.01398845764722,35.01398845764722,75.95083442922844,75.95083442922844,75.95083442922844,0.0,0.0,0.0,13781.990689719149
2022-08-08,13670.758877954753,12292.387643000506,14785.24264904412,13670.758877954753,13670.758877954753,-111.79992748734159,-111.79992748734159,-111.79992748734159,-136.43076967914166,-136.43076967914166,-136.43076967914166,24.63084219180006,24.63084219180006,24.63084219180006,0.0,0.0,0.0,13558.958950467411
2022-08-09,13670.491889077233,12384.67056966278,14999.840080463238,13670.491889077233,13670.491889077233,57.40226609915485,57.40226609915485,57.40226609915485,83.05140624547856,83.05140624547856,83.05140624547856,-25.649140146323706,-25.649140146323706,-25.649140146323706,0.0,0.0,0.0,13727.894155176387
2022-08-10,13670.224900199715,12305.404418006488,14914.15373065309,13670.224900199715,13670.224900199715,-59.96827496198181,-59.96827496198181,-59.96827496198181,14.000893595651178,14.000893595651178,14.000893595651178,-73.96916855763298,-73.96916855763298,-73.96916855763298,0.0,0.0,0.0,13610.256625237733
2022-08-11,13669.957911322197,12255.781489062163,14909.019863936135,13669.957911322197,13669.957911322197,-38.53437059528879,-38.53437059528879,-38.53437059528879,80.91051298057351,80.91051298057351,80.91051298057351,-119.4448835758623,-119.4448835758623,-119.4448835758623,0.0,0.0,0.0,13631.423540726908
2022-08-12,13669.690922444677,12411.023976494162,14929.261900988055,13669.690922444677,13669.690922444677,-123.17753672480742,-123.17753672480742,-123.17753672480742,38.07196962589551,38.07196962589551,38.07196962589551,-161.24950635070294,-161.24950635070294,-161.24950635070294,0.0,0.0,0.0,13546.513385719869
2022-08-13,13669.42393356716,12142.814786864168,14624.250113525977,13669.42393356716,13669.42393356716,-313.2525031690635,-313.2525031690635,-313.2525031690635,-114.61800122574576,-114.61800122574576,-114.61800122574576,-198.6345019433178,-198.6345019433178,-198.6345019433178,0.0,0.0,0.0,13356.171430398095
2022-08-14,13669.15694468964,12210.971245423787,14831.775192248175,13669.15694468964,13669.15694468964,-195.93437337877987,-195.93437337877987,-195.93437337877987,35.013988457474746,35.013988457474746,35.013988457474746,-230.9483618362546,-230.9483618362546,-230.9483618362546,0.0,0.0,0.0,13473.22257131086
2022-08-15,13668.88995581212,12046.583618584606,14588.977969226595,13668.88995581212,13668.88995581212,-394.08377588347645,-394.08377588347645,-394.08377588347645,-136.43076967902658,-136.43076967902658,-136.43076967902658,-257.65300620444987,-257.65300620444987,-257.65300620444987,0.0,0.0,0.0,13274.806179928642
2022-08-16,13668.622966934601,12206.231639866348,14828.252955396858,13668.622966934601,13668.622966934601,-195.2859622327294,-195.2859622327294,-195.2859622327294,83.05140624506957,83.05140624506957,83.05140624506957,-278.337368477799,-278.337368477799,-278.337368477799,0.0,0.0,0.0,13473.337004701873
2022-08-17,13668.355978057081,12189.566167846806,14736.51014837703,13668.355978057081,13668.355978057081,-278.72690486132444,-278.72690486132444,-278.72690486132444,14.00089359581955,14.00089359581955,14.00089359581955,-292.727798457144,-292.727798457144,-292.727798457144,0.0,0.0,0.0,13389.629073195756
2022-08-18,13668.088989179561,12201.25253340489,14628.819264145457,13668.088989179561,13668.088989179561,-219.78449076542398,-219.78449076542398,-219.78449076542398,80.91051298054319,80.91051298054319,80.91051298054319,-300.69500374596714,-300.69500374596714,-300.69500374596714,0.0,0.0,0.0,13448.304498414138
2022-08-19,13667.822000302043,12102.587088494063,14605.849659846053,13667.822000302043,13667.822000302043,-264.1853706489552,-264.1853706489552,-264.1853706489552,38.0719696259911,38.0719696259911,38.0719696259911,-302.25734027494633,-302.25734027494633,-302.25734027494633,0.0,0.0,0.0,13403.636629653089
2022-08-20,13667.555011424525,11911.54910033234,14485.310805160667,13667.555011424525,13667.555011424525,-412.1983600045594,-412.1983600045594,-412.1983600045594,-114.61800122538766,-114.61800122538766,-114.61800122538766,-297.58035877917166,-297.58035877917166,-297.58035877917166,0.0,0.0,0.0,13255.356651419967
2022-08-21,13667.288022547005,12144.073003965208,14680.53196768073,13667.288022547005,13667.288022547005,-251.95862420747693,-251.95862420747693,-251.95862420747693,35.01398845753068,35.01398845753068,35.01398845753068,-286.9726126650076,-286.9726126650076,-286.9726126650076,0.0,0.0,0.0,13415.329398339529
2022-08-22,13667.021033669487,11882.583365641967,14631.572429848435,13667.021033669487,13667.021033669487,-407.30860079834014,-407.30860079834014,-407.30860079834014,-136.43076967916969,-136.43076967916969,-136.43076967916969,-270.87783111917054,-270.87783111917054,-270.87783111917054,0.0,0.0,0.0,13259.712432871147
2022-08-23,13666.754045012927,12153.389200960024,14774.345030630504,13666.754045012927,13666.754045012927,-166.81225069466467,-166.81225069466467,-166.81225069466467,83.05140624514877,83.05140624514877,83.05140624514877,-249.86365693981344,-249.86365693981344,-249.86365693981344,0.0,0.0,0.0,13499.941794318263
2022-08-24,13666.487056356365,12149.908642609975,14775.177678784745,13666.487056356365,13666.487056356365,-210.60634525013234,-210.60634525013234,-210.60634525013234,14.000893595987922,14.000893595987922,14.000893595987922,-224.60723884612023,-224.60723884612023,-224.60723884612023,0.0,0.0,0.0,13455.880711106232
2022-08-25,13666.220067699805,12302.32066228706,14809.159940063762,13666.220067699805,13666.220067699805,-114.96753756281232,-114.96753756281232,-114.96753756281232,80.91051298104833,80.91051298104833,80.91051298104833,-195.87805054386067,-195.87805054386067,-195.87805054386067,0.0,0.0,0.0,13551.252530136993
2022-08-26,13665.953079043245,12261.858243315151,14843.855906001958,13665.953079043245,13665.953079043245,-126.446411769206,-126.446411769206,-126.446411769206,38.07196962543137,38.07196962543137,38.07196962543137,-164.51838139463737,-164.51838139463737,-164.51838139463737,0.0,0.0,0.0,13539.50666727404
2022-08-27,13665.686090386685,12188.875288972431,14680.40859876166,13665.686090386685,13665.686090386685,-246.04000546360103,-246.04000546360103,-246.04000546360103,-114.61800122601043,-114.61800122601043,-114.61800122601043,-131.4220042375906,-131.4220042375906,-131.4220042375906,0.0,0.0,0.0,13419.646084923084
2022-08-28,13665.419101730125,12319.055134785714,14906.736629915837,13665.419101730125,13665.419101730125,-62.49758468624643,-62.49758468624643,-62.49758468624643,35.013988457586606,35.013988457586606,35.013988457586606,-97.51157314383305,-97.51157314383305,-97.51157314383305,0.0,0.0,0.0,13602.921517043878
2022-08-29,13665.152113073565,12203.399966586901,14728.91680008949,13665.152113073565,13665.152113073565,-200.14610609192732,-200.14610609192732,-200.14610609192732,-136.43076967905458,-136.43076967905458,-136.43076967905458,-63.715336412872745,-63.715336412872745,-63.715336412872745,0.0,0.0,0.0,13465.006006981639
2022-08-30,13664.885124417004,12464.018763266373,14981.291639282923,13664.885124417004,13664.885124417004,52.10763911705521,52.10763911705521,52.10763911705521,83.05140624511034,83.05140624511034,83.05140624511034,-30.94376712805513,-30.94376712805513,-30.94376712805513,0.0,0.0,0.0,13716.99276353406
2022-08-31,13664.618135760444,12326.55005155289,14917.187333683436,13664.618135760444,13664.618135760444,13.934178957538585,13.934178957538585,13.934178957538585,14.000893595567472,14.000893595567472,14.000893595567472,-0.06671463802888884,-0.06671463802888884,-0.06671463802888884,0.0,0.0,0.0,13678.552314717983
2022-09-01,13664.351147103886,12411.859836542435,14989.01036418293,13664.351147103886,13664.351147103886,109.01884751763097,109.01884751763097,109.01884751763097,80.91051298017256,80.91051298017256,80.91051298017256,28.108334537458425,28.108334537458425,28.108334537458425,0.0,0.0,0.0,13773.369994621517
2022-09-02,13664.084158447326,12450.62088231751,15003.37257892077,13664.084158447326,13664.084158447326,90.92829786188577,90.92829786188577,90.92829786188577,38.07196962487163,38.07196962487163,38.07196962487163,52.85632823701414,52.85632823701414,52.85632823701414,0.0,0.0,0.0,13755.01245630921
2022-09-03,13663.817169790766,12305.006803891545,14830.265112770312,13663.817169790766,13663.817169790766,-41.06546176235534,-41.06546176235534,-41.06546176235534,-114.61800122553835,-114.61800122553835,-114.61800122553835,73.55253946318301,73.55253946318301,73.55253946318301,0.0,0.0,0.0,13622.75170802841
2022-09-04,13663.550181134206,12546.430376279315,15105.973832185242,13663.550181134206,13663.550181134206,124.70181013013323,124.70181013013323,124.70181013013323,35.01398845764251,35.01398845764251,35.01398845764251,89.68782167249071,89.68782167249071,89.68782167249071,0.0,0.0,0.0,13788.251991264338
2022-09-05,13663.283192477644,12412.75907037012,14929.005887751926,13663.283192477644,13663.283192477644,-35.5499257742258,-35.5499257742258,-35.5499257742258,-136.43076967909727,-136.43076967909727,-136.43076967909727,100.8808439048715,100.8808439048715,100.8808439048715,0.0,0.0,0.0,13627.733266703419
2022-09-06,13663.016203821084,12616.911227687178,15179.421986535202,13663.016203821084,13663.016203821084,189.93840736699568,189.93840736699568,189.93840736699568,83.05140624544246,83.05140624544246,83.05140624544246,106.88700112155323,106.88700112155323,106.88700112155323,0.0,0.0,0.0,13852.954611188079
2022-09-07,13662.749215164524,12574.705160500038,15122.01470187786,13662.749215164524,13662.749215164524,121.60467644848895,121.60467644848895,121.60467644848895,14.000893596324657,14.000893596324657,14.000893596324657,107.6037828521643,107.6037828521643,107.6037828521643,0.0,0.0,0.0,13784.353891613013
2022-09-08,13662.482226507964,12561.881541160672,15166.482377146836,13662.482226507964,13662.482226507964,183.98298930206965,183.98298930206965,183.98298930206965,80.91051298014223,80.91051298014223,80.91051298014223,103.07247632192741,103.07247632192741,103.07247632192741,0.0,0.0,0.0,13846.465215810033
2022-09-09,13662.215237851404,12455.849079603167,15016.953878551494,13662.215237851404,13662.215237851404,131.54814578092618,131.54814578092618,131.54814578092618,38.07196962562257,38.07196962562257,38.07196962562257,93.4761761553036,93.4761761553036,93.4761761553036,0.0,0.0,0.0,13793.76338363233
2022-09-10,13661.948249194842,12203.69626361426,14920.458339362529,13661.948249194842,13661.948249194842,-35.48383224778869,-35.48383224778869,-35.48383224778869,-114.61800122567068,-114.61800122567068,-114.61800122567068,79.134168977882,79.134168977882,79.134168977882,0.0,0.0,0.0,13626.464416947054
2022-09-11,13661.681260538282,12389.446046149835,15020.624223587814,13661.681260538282,13661.681260538282,95.50684366101449,95.50684366101449,95.50684366101449,35.01398845747004,35.01398845747004,35.01398845747004,60.49285520354445,60.49285520354445,60.49285520354445,0.0,0.0,0.0,13757.188104199297
2022-09-12,13661.414271881722,12334.926930763275,14824.715286011266,13661.414271881722,13661.414271881722,-98.31731014926277,-98.31731014926277,-98.31731014926277,-136.4307696790611,-136.4307696790611,-136.4307696790611,38.11345952979833,38.11345952979833,38.11345952979833,0.0,0.0,0.0,13563.096961732459
2022-09-13,13661.147283225162,12458.536281158622,15089.932965809101,13661.147283225162,13661.147283225162,95.70827007266992,95.70827007266992,95.70827007266992,83.05140624577459,83.05140624577459,83.05140624577459,12.656863826895332,12.656863826895332,12.656863826895332,0.0,0.0,0.0,13756.855553297832
2022-09-14,13660.880294568602,12266.167399774773,14975.489424397705,13660.880294568602,13660.880294568602,-1.133137337761797,-1.133137337761797,-1.133137337761797,14.000893595715135,14.000893595715135,14.000893595715135,-15.134030933476932,-15.134030933476932,-15.134030933476932,0.0,0.0,0.0,13659.74715723084
2022-09-15,13660.61330591204,12417.331459496272,14951.266515124633,13660.61330591204,13660.61330591204,36.45656778970314,36.45656778970314,36.45656778970314,80.91051297995692,80.91051297995692,80.91051297995692,-44.45394519025378,-44.45394519025378,-44.45394519025378,0.0,0.0,0.0,13697.069873701743
2022-09-16,13660.346317911968,12281.387122270056,14919.508303159726,13660.346317911968,13660.346317911968,-36.384376374685175,-36.384376374685175,-36.384376374685175,38.07196962506283,38.07196962506283,38.07196962506283,-74.456345999748,-74.456345999748,-74.456345999748,0.0,0.0,0.0,13623.961941537284
2022-09-17,13660.079329911894,12132.087139015835,14728.552693977092,13660.079329911894,13660.079329911894,-218.8935050636101,-218.8935050636101,-218.8935050636101,-114.6180012253126,-114.6180012253126,-114.6180012253126,-104.2755038382975,-104.2755038382975,-104.2755038382975,0.0,0.0,0.0,13441.185824848284
2022-09-18,13659.812341911822,12141.531390198283,14832.001297939363,13659.812341911822,13659.812341911822,-98.03491881106196,-98.03491881106196,-98.03491881106196,35.01398845773272,35.01398845773272,35.01398845773272,-133.04890726879466,-133.04890726879466,-133.04890726879466,0.0,0.0,0.0,13561.77742310076
2022-09-19,13659.545353911746,12116.725757365204,14712.15242331971,13659.545353911746,13659.545353911746,-296.37022593846456,-296.37022593846456,-296.37022593846456,-136.43076967912532,-136.43076967912532,-136.43076967912532,-159.93945625933924,-159.93945625933924,-159.93945625933924,0.0,0.0,0.0,13363.175127973282
2022-09-20,13659.278365911674,12263.231820199602,14719.89952638096,13659.278365911674,13659.278365911674,-101.1054584231269,-101.1054584231269,-101.1054584231269,83.05140624536561,83.05140624536561,83.05140624536561,-184.15686466849252,-184.15686466849252,-184.15686466849252,0.0,0.0,0.0,13558.172907488548
2022-09-21,13659.0113779116,12161.480287549575,14805.706498669135,13659.0113779116,13659.0113779116,-190.97683337065718,-190.97683337065718,-190.97683337065718,14.000893595883507,14.000893595883507,14.000893595883507,-204.97772696654067,-204.97772696654067,-204.97772696654067,0.0,0.0,0.0,13468.034544540942
2022-09-22,13658.744389911526,12227.47486244235,14886.359630670595,13658.744389911526,13658.744389911526,-140.85322990263992,-140.85322990263992,-140.85322990263992,80.91051298046206,80.91051298046206,80.91051298046206,-221.763742883102,-221.763742883102,-221.763742883102,0.0,0.0,0.0,13517.891160008887
2022-09-23,13658.477401911452,12182.271179704758,14809.512966592785,13658.477401911452,13658.477401911452,-195.90567561900275,-195.90567561900275,-195.90567561900275,38.07196962515843,38.07196962515843,38.07196962515843,-233.97764524416118,-233.97764524416118,-233.97764524416118,0.0,0.0,0.0,13462.57172629245
2022-09-24,13658.21041391138,12062.611153825826,14596.127086854402,13658.21041391138,13658.21041391138,-355.81444052707917,-355.81444052707917,-355.81444052707917,-114.6180012249545,-114.6180012249545,-114.6180012249545,-241.1964393021247,-241.1964393021247,-241.1964393021247,0.0,0.0,0.0,13302.3959733843
2022-09-25,13657.943425911304,12154.086885918612,14770.439418803167,13657.943425911304,13657.943425911304,-208.10764617149536,-208.10764617149536,-208.10764617149536,35.01398845756024,35.01398845756024,35.01398845756024,-243.12163462905562,-243.12163462905562,-243.12163462905562,0.0,0.0,0.0,13449.83577973981
2022-09-26,13657.676437911232,12056.371927913005,14516.077734293043,13657.676437911232,13657.676437911232,-376.0170008033025,-376.0170008033025,-376.0170008033025,-136.43076967908914,-136.43076967908914,-136.43076967908914,-239.58623112421338,-239.58623112421338,-239.58623112421338,0.0,0.0,0.0,13281.65943710793
2022-09-27,13657.409449911158,12204.419488097175,14815.746871959824,13657.409449911158,13657.409449911158,-147.506900453222,-147.506900453222,-147.506900453222,83.05140624569773,83.05140624569773,83.05140624569773,-230.55830669891972,-230.55830669891972,-230.55830669891972,0.0,0.0,0.0,13509.902549457936
2022-09-28,13657.142461911082,12189.56693889945,14773.82875241826,13657.142461911082,13657.142461911082,-202.1402498271219,-202.1402498271219,-202.1402498271219,14.00089359546306,14.00089359546306,14.00089359546306,-216.14114342258495,-216.14114342258495,-216.14114342258495,0.0,0.0,0.0,13455.00221208396
2022-09-29,13656.87547391101,12252.261511752651,14961.529134830605,13656.87547391101,13656.87547391101,-115.6594059854441,-115.6594059854441,-115.6594059854441,80.91051298027672,80.91051298027672,80.91051298027672,-196.56991896572083,-196.56991896572083,-196.56991896572083,0.0,0.0,0.0,13541.216067925567
2022-09-30,13656.608485910936,12176.44306917307,14807.193070196307,13656.608485910936,13656.608485910936,-134.13310905349286,-134.13310905349286,-134.13310905349286,38.07196962554912,38.07196962554912,38.07196962554912,-172.205078679042,-172.205078679042,-172.205078679042,0.0,0.0,0.0,13522.475376857443
2022-10-01,13656.341497910862,12037.590439291194,14780.075851662914,13656.341497910862,13656.341497910862,-258.14058950921435,-258.14058950921435,-258.14058950921435,-114.61800122557727,-114.61800122557727,-114.61800122557727,-143.52258828363708,-143.52258828363708,-143.52258828363708,0.0,0.0,0.0,13398.200908401648
2022-10-02,13656.074509910788,12345.122892645084,14839.126542519323,13656.074509910788,13656.074509910788,-76.08735726878238,-76.08735726878238,-76.08735726878238,35.01398845784455,35.01398845784455,35.01398845784455,-111.10134572662695,-111.10134572662695,-111.10134572662695,0.0,0.0,0.0,13579.987152642007
2022-10-03,13655.807521910716,12176.64636053627,14797.93673875333,13655.807521910716,13655.807521910716,-212.03887095435942,-212.03887095435942,-212.03887095435942,-136.43076967913183,-136.43076967913183,-136.43076967913183,-75.60810127522761,-75.60810127522761,-75.60810127522761,0.0,0.0,0.0,13443.768650956357
2022-10-04,13655.54053391064,12412.674629426056,14990.423394700441,13655.54053391064,13655.54053391064,45.2711106379769,45.2711106379769,45.2711106379769,83.05140624565932,83.05140624565932,83.05140624565932,-37.780295607682405,-37.780295607682405,-37.780295607682405,0.0,0.0,0.0,13700.811644548618
2022-10-05,13655.273545910568,12403.879427783037,14924.834466933455,13655.273545910568,13655.273545910568,15.593618578005547,15.593618578005547,15.593618578005547,14.00089359603117,14.00089359603117,14.00089359603117,1.592724981974376,1.592724981974376,1.592724981974376,0.0,0.0,0.0,13670.867164488573
2022-10-06,13655.006557910494,12523.640676990526,15084.679036760113,13655.006557910494,13655.006557910494,122.60013326591758,122.60013326591758,122.60013326591758,80.91051298078186,80.91051298078186,80.91051298078186,41.68962028513572,41.68962028513572,41.68962028513572,0.0,0.0,0.0,13777.606691176412
2022-10-07,13654.739569910422,12510.611882135996,15050.86477496266,13654.739569910422,13654.739569910422,119.74954488832661,119.74954488832661,119.74954488832661,38.07196962564473,38.07196962564473,38.07196962564473,81.67757526268188,81.67757526268188,81.67757526268188,0.0,0.0,0.0,13774.48911479875
2022-10-08,13654.472581910346,12368.916662996246,14901.710922173344,13654.472581910346,13654.472581910346,6.114896020718208,6.114896020718208,6.114896020718208,-114.61800122521917,-114.61800122521917,-114.61800122521917,120.73289724593738,120.73289724593738,120.73289724593738,0.0,0.0,0.0,13660.587477931063
2022-10-09,13654.205593959998,12619.80569748728,15188.500042006735,13654.205593959998,13654.205593959998,193.07515457007298,193.07515457007298,193.07515457007298,35.0139884576721,35.0139884576721,35.0139884576721,158.0611661124009,158.0611661124009,158.0611661124009,0.0,0.0,0.0,13847.280748530071
2022-10-10,13653.938606009646,12348.30065414778,14976.439441387225,13653.938606009646,13653.938606009646,56.48566035611921,56.48566035611921,56.48566035611921,-136.43076967909562,-136.43076967909562,-136.43076967909562,192.91643003521486,192.91643003521486,192.91643003521486,0.0,0.0,0.0,13710.424266365764
2022-10-11,13653.671618059298,12580.903546153155,15232.2974780367,13653.671618059298,13653.671618059298,307.6703763459224,307.6703763459224,307.6703763459224,83.05140624536794,83.05140624536794,83.05140624536794,224.6189701005545,224.6189701005545,224.6189701005545,0.0,0.0,0.0,13961.34199440522
2022-10-12,13653.404630108946,12617.812376348405,15202.242260949535,13653.404630108946,13653.404630108946,266.5720933864656,266.5720933864656,266.5720933864656,14.000893596199536,14.000893596199536,14.000893596199536,252.57119979026606,252.57119979026606,252.57119979026606,0.0,0.0,0.0,13919.97672349541
2022-10-13,13653.137642158596,12686.745404081748,15265.280639149856,13653.137642158596,13653.137642158596,357.1818317186717,357.1818317186717,357.1818317186717,80.9105129799061,80.9105129799061,80.9105129799061,276.2713187387656,276.2713187387656,276.2713187387656,0.0,0.0,0.0,14010.319473877267
2022-10-14,13652.870654208245,12782.581272054504,15263.89854895865,13652.870654208245,13652.870654208245,333.39637238425865,333.39637238425865,333.39637238425865,38.07196962508499,38.07196962508499,38.07196962508499,295.3244027591737,295.3244027591737,295.3244027591737,0.0,0.0,0.0,13986.267026592504
2022-10-15,13652.603666257895,12492.278275713012,15140.171149412523,13652.603666257895,13652.603666257895,194.83268090031333,194.83268090031333,194.83268090031333,-114.61800122572798,-114.61800122572798,-114.61800122572798,309.45068212604133,309.45068212604133,309.45068212604133,0.0,0.0,0.0,13847.43634715821
2022-10-16,13652.336678307545,12725.772332799404,15305.98475074718,13652.336678307545,13652.336678307545,353.50482400889126,353.50482400889126,353.50482400889126,35.01398845770636,35.01398845770636,35.01398845770636,318.4908355511849,318.4908355511849,318.4908355511849,0.0,0.0,0.0,14005.841502316436
2022-10-17,13652.069690357195,12537.64037927257,15159.791999923253,13652.069690357195,13652.069690357195,185.97743646861224,185.97743646861224,185.97743646861224,-136.43076967913836,-136.43076967913836,-136.43076967913836,322.40820614775055,322.40820614775055,322.40820614775055,0.0,0.0,0.0,13838.047126825808
2022-10-18,13651.802702406845,12701.22581681922,15303.978753311498,13651.802702406845,13651.802702406845,404.3393320651645,404.3393320651645,404.3393320651645,83.05140624532952,83.05140624532952,83.05140624532952,321.28792581983504,321.28792581983504,321.28792581983504,0.0,0.0,0.0,14056.14203447201
2022-10-19,13651.535714456495,12681.657226953228,15378.720491862054,13651.535714456495,13651.535714456495,329.33390741810086,329.33390741810086,329.33390741810086,14.0008935963679,14.0008935963679,14.0008935963679,315.33301382173295,315.33301382173295,315.33301382173295,0.0,0.0,0.0,13980.869621874595
2022-10-20,13651.268726506145,12729.178633890873,15179.646584105414,13651.268726506145,13651.268726506145,385.7681046147013,385.7681046147013,385.7681046147013,80.91051298041124,80.91051298041124,80.91051298041124,304.8575916342901,304.8575916342901,304.8575916342901,0.0,0.0,0.0,14037.036831120846
2022-10-21,13651.001738555795,12687.919117484445,15300.390475695356,13651.001738555795,13651.001738555795,328.3493974734767,328.3493974734767,328.3493974734767,38.07196962518059,38.07196962518059,38.07196962518059,290.27742784829616,290.27742784829616,290.27742784829616,0.0,0.0,0.0,13979.351136029272
2022-10-22,13650.734750605443,12472.589418811725,15111.048655790748,13650.734750605443,13650.734750605443,157.48009040184724,157.48009040184724,157.48009040184724,-114.61800122536987,-114.61800122536987,-114.61800122536987,272.0980916272171,272.0980916272171,272.0980916272171,0.0,0.0,0.0,13808.21484100729
2022-10-23,13650.467762655095,12609.913057371457,15196.957375335047,13650.467762655095,13650.467762655095,285.9150384064662,285.9150384064662,285.9150384064662,35.01398845776229,35.01398845776229,35.01398845776229,250.9010499487039,250.9010499487039,250.9010499487039,0.0,0.0,0.0,13936.382801061562
2022-10-24,13650.200774704743,12477.427071909158,15042.09747796084,13650.200774704743,13650.200774704743,90.89732117823038,90.89732117823038,90.89732117823038,-136.43076967902326,-136.43076967902326,-136.43076967902326,227.32809085725367,227.32809085725367,227.32809085725367,0.0,0.0,0.0,13741.098095882973
2022-10-25,13649.933786754395,12644.212791895703,15239.460329902471,13649.933786754395,13649.933786754395,285.1158975605217,285.1158975605217,285.1158975605217,83.05140624566165,83.05140624566165,83.05140624566165,202.06449131486008,202.06449131486008,202.06449131486008,0.0,0.0,0.0,13935.049684314916
2022-10-26,13649.666798804043,12487.178170206384,15106.537158874993,13649.666798804043,13649.666798804043,189.82226675713042,189.82226675713042,189.82226675713042,14.00089359594746,14.00089359594746,14.00089359594746,175.82137316118298,175.82137316118298,175.82137316118298,0.0,0.0,0.0,13839.489065561173
2022-10-27,13649.399810853694,12593.903820548798,15236.096100198843,13649.399810853694,13649.399810853694,230.2282167043971,230.2282167043971,230.2282167043971,80.91051298038091,80.91051298038091,80.91051298038091,149.31770372401618,149.31770372401618,149.31770372401618,0.0,0.0,0.0,13879.628027558092
2022-10-28,13649.132822903342,12614.421077261019,15058.864544895787,13649.132822903342,13649.132822903342,161.33436826422724,161.33436826422724,161.33436826422724,38.07196962462084,38.07196962462084,38.07196962462084,123.26239863960637,123.26239863960637,123.26239863960637,0.0,0.0,0.0,13810.46719116757
2022-10-29,13648.865834952994,12406.998825937646,14817.522740159924,13648.865834952994,13648.865834952994,-16.281027593023104,-16.281027593023104,-16.281027593023104,-114.61800122550223,-114.61800122550223,-114.61800122550223,98.33697363247911,98.33697363247911,98.33697363247911,0.0,0.0,0.0,13632.584807359972
2022-10-30,13648.598847002642,12527.109816191864,15011.9115589098,13648.598847002642,13648.598847002642,110.19315834330364,110.19315834330364,110.19315834330364,35.0139884578182,35.0139884578182,35.0139884578182,75.17916988548544,75.17916988548544,75.17916988548544,0.0,0.0,0.0,13758.792005345946
2022-10-31,13648.331859052294,12281.530181634833,14857.167649090325,13648.331859052294,13648.331859052294,-82.06282469108777,-82.06282469108777,-82.06282469108777,-136.43076967906597,-136.43076967906597,-136.43076967906597,54.3679449879782,54.3679449879782,54.3679449879782,0.0,0.0,0.0,13566.269034361207
2022-11-01,13648.064884013667,12467.440576981267,14977.710246847106,13648.064884013667,13648.064884013667,119.46158559070471,119.46158559070471,119.46158559070471,83.05140624499974,83.05140624499974,83.05140624499974,36.41017934570499,36.41017934570499,36.41017934570499,0.0,0.0,0.0,13767.526469604372
2022-11-02,13647.797908975042,12462.066907264847,14975.391540251303,13647.797908975042,13647.797908975042,35.730291261699804,35.730291261699804,35.730291261699804,14.000893595526996,14.000893595526996,14.000893595526996,21.729397666172805,21.729397666172805,21.729397666172805,0.0,0.0,0.0,13683.528200236742
2022-11-03,13647.530933936416,12444.137825432119,15036.274638408391,13647.530933936416,13647.530933936416,91.56726115563058,91.56726115563058,91.56726115563058,80.9105129801956,80.9105129801956,80.9105129801956,10.656748175434972,10.656748175434972,10.656748175434972,0.0,0.0,0.0,13739.098195092047
2022-11-04,13647.26395889779,12397.027769741426,14924.137638370126,13647.26395889779,13647.26395889779,41.496389832847704,41.496389832847704,41.496389832847704,38.07196962537179,38.07196962537179,38.07196962537179,3.4244202074759174,3.4244202074759174,3.4244202074759174,0.0,0.0,0.0,13688.760348730639
2022-11-05,13646.996983859164,12323.84177606881,14781.141225927962,13646.996983859164,13646.996983859164,-114.45638576209674,-114.45638576209674,-114.45638576209674,-114.61800122563456,-114.61800122563456,-114.61800122563456,0.16161546353781575,0.16161546353781575,0.16161546353781575,0.0,0.0,0.0,13532.540598097068
2022-11-06,13646.73000882054,12302.871978727599,14926.761265626534,13646.73000882054,13646.73000882054,35.90710981294881,35.90710981294881,35.90710981294881,35.013988457645716,35.013988457645716,35.013988457645716,0.8931213553030937,0.8931213553030937,0.8931213553030937,0.0,0.0,0.0,13682.637118633487
2022-11-07,13646.463033781913,12280.82581930612,14854.428892398235,13646.463033781913,13646.463033781913,-130.8903014863952,-130.8903014863952,-130.8903014863952,-136.43076967913018,-136.43076967913018,-136.43076967913018,5.540468192734973,5.540468192734973,5.540468192734973,0.0,0.0,0.0,13515.572732295517
2022-11-08,13646.196058743288,12491.465471196801,15011.500080855574,13646.196058743288,13646.196058743288,96.97699355198208,96.97699355198208,96.97699355198208,83.05140624533186,83.05140624533186,83.05140624533186,13.925587306650218,13.925587306650218,13.925587306650218,0.0,0.0,0.0,13743.17305229527
2022-11-09,13645.929083704661,12482.392136102635,14937.266778566793,13645.929083704661,13645.929083704661,39.77771973906623,39.77771973906623,39.77771973906623,14.000893595695384,14.000893595695384,14.000893595695384,25.776826143370844,25.776826143370844,25.776826143370844,0.0,0.0,0.0,13685.706803443727
2022-11-10,13645.662108666036,12485.60659219185,15079.674722573342,13645.662108666036,13645.662108666036,121.64763343023499,121.64763343023499,121.64763343023499,80.91051298001027,80.91051298001027,80.91051298001027,40.73712045022472,40.73712045022472,40.73712045022472,0.0,0.0,0.0,13767.309742096271
2022-11-11,13645.39513362741,12555.679546282256,15117.111518088164,13645.39513362741,13645.39513362741,96.44604384518766,96.44604384518766,96.44604384518766,38.07196962481204,38.07196962481204,38.07196962481204,58.37407422037562,58.37407422037562,58.37407422037562,0.0,0.0,0.0,13741.841177472597
2022-11-12,13645.128158588785,12277.31473327281,14772.938739576512,13645.128158588785,13645.128158588785,-36.426345001717,-36.426345001717,-36.426345001717,-114.61800122565292,-114.61800122565292,-114.61800122565292,78.19165622393591,78.19165622393591,78.19165622393591,0.0,0.0,0.0,13608.701813587068
2022-11-13,13644.861183550158,12552.784171139705,15110.672202318125,13644.861183550158,13644.861183550158,134.6571770689353,134.6571770689353,134.6571770689353,35.01398845747327,35.01398845747327,35.01398845747327,99.64318861146205,99.64318861146205,99.64318861146205,0.0,0.0,0.0,13779.518360619093
2022-11-14,13644.594208511533,12329.2623701339,14859.995189030125,13644.594208511533,13644.594208511533,-14.285490779027182,-14.285490779027182,-14.285490779027182,-136.430769679094,-136.430769679094,-136.430769679094,122.1452789000668,122.1452789000668,122.1452789000668,0.0,0.0,0.0,13630.308717732505
2022-11-15,13644.327233472908,12573.320101619807,15104.3639115022,13644.327233472908,13644.327233472908,228.14373827148935,228.14373827148935,228.14373827148935,83.05140624492286,83.05140624492286,83.05140624492286,145.09233202656648,145.09233202656648,145.09233202656648,0.0,0.0,0.0,13872.470971744397
2022-11-16,13644.060258434283,12523.229937016438,15171.944795702057,13644.060258434283,13644.060258434283,181.87216779661497,181.87216779661497,181.87216779661497,14.000893595863756,14.000893595863756,14.000893595863756,167.8712742007512,167.8712742007512,167.8712742007512,0.0,0.0,0.0,13825.932426230898
2022-11-17,13643.793283395657,12641.888444932256,15267.73352535648,13643.793283395657,13643.793283395657,270.78663786696524,270.78663786696524,270.78663786696524,80.9105129805154,80.9105129805154,80.9105129805154,189.87612488644982,189.87612488644982,189.87612488644982,0.0,0.0,0.0,13914.579921262623
2022-11-18,13643.526308357032,12511.560131705955,15168.45146172371,13643.526308357032,13643.526308357032,248.59403660991146,248.59403660991146,248.59403660991146,38.07196962585809,38.07196962585809,38.07196962585809,210.52206698405337,210.52206698405337,210.52206698405337,0.0,0.0,0.0,13892.120344966943
2022-11-19,13643.259333318405,12509.353794355595,15046.005128376828,13643.259333318405,13643.259333318405,114.64068634246219,114.64068634246219,114.64068634246219,-114.61800122529482,-114.61800122529482,-114.61800122529482,229.258687567757,229.258687567757,229.258687567757,0.0,0.0,0.0,13757.900019660867
2022-11-20,13642.99235827978,12570.194412854515,15219.917541051736,13642.99235827978,13642.99235827978,280.5960799639613,280.5960799639613,280.5960799639613,35.0139884575292,35.0139884575292,35.0139884575292,245.58209150643205,245.58209150643205,245.58209150643205,0.0,0.0,0.0,13923.588438243742
2022-11-21,13642.725383241153,12421.082749382045,14948.475465679192,13642.725383241153,13642.725383241153,122.61485728822169,122.61485728822169,122.61485728822169,-136.4307696790578,-136.4307696790578,-136.4307696790578,259.0456269672795,259.0456269672795,259.0456269672795,0.0,0.0,0.0,13765.340240529375
2022-11-22,13642.458408202529,12746.893602588292,15267.9115866988,13642.458408202529,13642.458408202529,352.32041022462903,352.32041022462903,352.32041022462903,83.05140624525502,83.05140624525502,83.05140624525502,269.269003979374,269.269003979374,269.269003979374,0.0,0.0,0.0,13994.778818427158
2022-11-23,13642.191433163902,12745.672995743123,15233.2876668386,13642.191433163902,13642.191433163902,289.9465272648185,289.9465272648185,289.9465272648185,14.000893595843047,14.000893595843047,14.000893595843047,275.94563366897546,275.94563366897546,275.94563366897546,0.0,0.0,0.0,13932.13796042872
2022-11-24,13641.92576371395,12730.829608513563,15287.010910755187,13641.92576371395,13641.92576371395,359.7585780804974,359.7585780804974,359.7585780804974,80.91051298102055,80.91051298102055,80.91051298102055,278.8480650994768,278.8480650994768,278.8480650994768,0.0,0.0,0.0,14001.684341794447
2022-11-25,13641.660094264,12570.80951747903,15191.031016636758,13641.660094264,13641.660094264,315.9034171049958,315.9034171049958,315.9034171049958,38.071969625298344,38.071969625298344,38.071969625298344,277.83144747969743,277.83144747969743,277.83144747969743,0.0,0.0,0.0,13957.563511368995
2022-11-26,13641.39442481405,12432.809807806307,15016.926753116702,13641.39442481405,13641.39442481405,158.2169952315898,158.2169952315898,158.2169952315898,-114.61800122591758,-114.61800122591758,-114.61800122591758,272.8349964575074,272.8349964575074,272.8349964575074,0.0,0.0,0.0,13799.61142004564
2022-11-27,13641.128755364098,12649.994284216486,15173.259648333613,13641.128755364098,13641.128755364098,298.89548141776385,298.89548141776385,298.89548141776385,35.0139884575851,35.0139884575851,35.0139884575851,263.8814929601787,263.8814929601787,263.8814929601787,0.0,0.0,0.0,13940.024236781861
2022-11-28,13640.863085914149,12391.163040599316,15086.004116094733,13640.863085914149,13640.863085914149,114.64412062516338,114.64412062516338,114.64412062516338,-136.43076967912205,-136.43076967912205,-136.43076967912205,251.07489030428542,251.07489030428542,251.07489030428542,0.0,0.0,0.0,13755.507206539312
2022-11-29,13640.597416464198,12588.576850271527,15188.377878859686,13640.597416464198,13640.597416464198,317.6475551845039,317.6475551845039,317.6475551845039,83.05140624521657,83.05140624521657,83.05140624521657,234.5961489392873,234.5961489392873,234.5961489392873,0.0,0.0,0.0,13958.2449716487
2022-11-30,13640.331747014247,12564.998186707946,15157.374849818643,13640.331747014247,13640.331747014247,228.69835078489714,228.69835078489714,228.69835078489714,14.000893595422598,14.000893595422598,14.000893595422598,214.6974571894745,214.6974571894745,214.6974571894745,0.0,0.0,0.0,13869.030097799143
2022-12-01,13640.066077564297,12687.425189296899,15199.915696563687,13640.066077564297,13640.066077564297,272.6055428520897,272.6055428520897,272.6055428520897,80.91051298083524,80.91051298083524,80.91051298083524,191.6950298712544,191.6950298712544,191.6950298712544,0.0,0.0,0.0,13912.671620416388
2022-12-02,13639.800408114344,12591.228194754578,15215.503301907691,13639.800408114344,13639.800408114344,204.03267364609962,204.03267364609962,204.03267364609962,38.07196962539395,38.07196962539395,38.07196962539395,165.9607040207057,165.9607040207057,165.9607040207057,0.0,0.0,0.0,13843.833081760444
2022-12-03,13639.534738664393,12352.256721072228,14935.465208785989,13639.534738664393,13639.534738664393,23.294570464887226,23.294570464887226,23.294570464887226,-114.6180012255595,-114.6180012255595,-114.6180012255595,137.91257169044673,137.91257169044673,137.91257169044673,0.0,0.0,0.0,13662.82930912928
2022-12-04,13639.269069214444,12450.880224605946,14992.496677950205,13639.269069214444,13639.269069214444,143.01889204761414,143.01889204761414,143.01889204761414,35.0139884576194,35.0139884576194,35.0139884576194,108.00490358999475,108.00490358999475,108.00490358999475,0.0,0.0,0.0,13782.287961262058
2022-12-05,13639.003399764493,12340.95437416491,14828.446829224662,13639.003399764493,13639.003399764493,-59.713145506668404,-59.713145506668404,-59.713145506668404,-136.43076967908584,-136.43076967908584,-136.43076967908584,76.71762417241743,76.71762417241743,76.71762417241743,0.0,0.0,0.0,13579.290254257825
2022-12-06,13638.737730314544,12505.816644288045,15057.960126366257,13638.737730314544,13638.737730314544,127.59700497464979,127.59700497464979,127.59700497464979,83.05140624554872,83.05140624554872,83.05140624554872,44.54559872910107,44.54559872910107,44.54559872910107,0.0,0.0,0.0,13766.334735289194
2022-12-07,13638.472060864591,12437.162346477211,14970.313354562653,13638.472060864591,13638.472060864591,25.988880042901958,25.988880042901958,25.988880042901958,14.000893596179782,14.000893596179782,14.000893596179782,11.987986446722179,11.987986446722179,11.987986446722179,0.0,0.0,0.0,13664.460940907493
2022-12-08,13638.20639141464,12477.993967507908,15093.838951721207,13638.20639141464,13638.20639141464,60.448413645708804,60.448413645708804,60.448413645708804,80.91051298064991,80.91051298064991,80.91051298064991,-20.4620993349411,-20.4620993349411,-20.4620993349411,0.0,0.0,0.0,13698.654805060349
2022-12-09,13637.940721964691,12391.850702851278,14938.45509348675,13637.940721964691,13637.940721964691,-14.255430986591799,-14.255430986591799,-14.255430986591799,38.07196962578464,38.07196962578464,38.07196962578464,-52.327400612376444,-52.327400612376444,-52.327400612376444,0.0,0.0,0.0,13623.6852909781
2022-12-10,13637.67505251474,12150.71791696573,14714.94347034313,13637.67505251474,13637.67505251474,-197.7735950781801,-197.7735950781801,-197.7735950781801,-114.61800122569183,-114.61800122569183,-114.61800122569183,-83.1555938524883,-83.1555938524883,-83.1555938524883,0.0,0.0,0.0,13439.90145743656
2022-12-11,13637.409383064789,12300.812071199556,14890.792030383118,13637.409383064789,13637.409383064789,-77.51347705141983,-77.51347705141983,-77.51347705141983,35.013988457446935,35.013988457446935,35.013988457446935,-112.52746550886675,-112.52746550886675,-112.52746550886675,0.0,0.0,0.0,13559.89590601337
2022-12-12,13637.143713614838,12186.124119600247,14727.620138256743,13637.143713614838,13637.143713614838,-276.4948101934883,-276.4948101934883,-276.4948101934883,-136.43076967912856,-136.43076967912856,-136.43076967912856,-140.06404051435976,-140.06404051435976,-140.06404051435976,0.0,0.0,0.0,13360.64890342135
2022-12-13,13636.878044164887,12343.94861217982,14866.742923493766,13636.878044164887,13636.878044164887,-82.38114599836685,-82.38114599836685,-82.38114599836685,83.05140624551026,83.05140624551026,83.05140624551026,-165.43255224387713,-165.43255224387713,-165.43255224387713,0.0,0.0,0.0,13554.49689816652
2022-12-14,13636.612374714938,12172.987443645545,14766.114952329137,13636.612374714938,13636.612374714938,-174.35028185485302,-174.35028185485302,-174.35028185485302,14.00089359575935,14.00089359575935,14.00089359575935,-188.35117545061235,-188.35117545061235,-188.35117545061235,0.0,0.0,0.0,13462.262092860085
2022-12-15,13636.346705264987,12270.332823043283,14799.51230613599,13636.346705264987,13636.346705264987,-127.6819638645583,-127.6819638645583,-127.6819638645583,80.91051297992912,80.91051297992912,80.91051297992912,-208.59247684448744,-208.59247684448744,-208.59247684448744,0.0,0.0,0.0,13508.66474140043
2022-12-16,13636.081035815036,12170.506483336036,14775.465327695729,13636.081035815036,13636.081035815036,-187.91360078792144,-187.91360078792144,-187.91360078792144,38.071969625880236,38.071969625880236,38.071969625880236,-225.98557041380167,-225.98557041380167,-225.98557041380167,0.0,0.0,0.0,13448.167435027115
2022-12-17,13635.815366365086,12019.73697475872,14494.485507131598,13635.815366365086,13635.815366365086,-355.0349966964678,-355.0349966964678,-355.0349966964678,-114.61800122533373,-114.61800122533373,-114.61800122533373,-240.41699547113402,-240.41699547113402,-240.41699547113402,0.0,0.0,0.0,13280.780369668619
2022-12-18,13635.54988477131,12123.61319783405,14786.69788518622,13635.54988477131,13635.54988477131,-216.81637553352422,-216.81637553352422,-216.81637553352422,35.01398845773122,35.01398845773122,35.01398845773122,-251.83036399125547,-251.83036399125547,-251.83036399125547,0.0,0.0,0.0,13418.733509237785
2022-12-19,13635.284403177533,11894.421846847867,14517.289528654212,13635.284403177533,13635.284403177533,-396.6556191554871,-396.6556191554871,-396.6556191554871,-136.43076967901345,-136.43076967901345,-136.43076967901345,-260.2248494764736,-260.2248494764736,-260.2248494764736,0.0,0.0,0.0,13238.628784022047
2022-12-20,13635.018921583756,12070.649194232295,14638.68894910384,13635.018921583756,13635.018921583756,-182.60120559005338,-182.60120559005338,-182.60120559005338,83.05140624521893,83.05140624521893,83.05140624521893,-265.6526118352723,-265.6526118352723,-265.6526118352723,0.0,0.0,0.0,13452.417715993703
2022-12-21,13634.753439989981,12129.941212817195,14662.71325972245,13634.753439989981,13634.753439989981,-254.21437761176784,-254.21437761176784,-254.21437761176784,14.0008935959277,14.0008935959277,14.0008935959277,-268.21527120769554,-268.21527120769554,-268.21527120769554,0.0,0.0,0.0,13380.539062378213
2022-12-22,13634.487958396205,12263.4194339944,14815.460505223986,13634.487958396205,13634.487958396205,-187.1490451024572,-187.1490451024572,-187.1490451024572,80.91051298043426,80.91051298043426,80.91051298043426,-268.0595580828915,-268.0595580828915,-268.0595580828915,0.0,0.0,0.0,13447.338913293748
2022-12-23,13634.222476802428,12138.830663769173,14772.333820415402,13634.222476802428,13634.222476802428,-227.30030769377615,-227.30030769377615,-227.30030769377615,38.071969625320506,38.071969625320506,38.071969625320506,-265.37227731909667,-265.37227731909667,-265.37227731909667,0.0,0.0,0.0,13406.922169108651
2022-12-24,13633.956995208651,11981.95604407927,14585.067919474546,13633.956995208651,13633.956995208651,-374.9927310456744,-374.9927310456744,-374.9927310456744,-114.61800122546607,-114.61800122546607,-114.61800122546607,-260.3747298202084,-260.3747298202084,-260.3747298202084,0.0,0.0,0.0,13258.964264162976
2022-12-25,13633.691513614875,12064.941892334182,14724.139252607602,13633.691513614875,13633.691513614875,-218.30274933323935,-218.30274933323935,-218.30274933323935,35.01398845755875,35.01398845755875,35.01398845755875,-253.31673779079813,-253.31673779079813,-253.31673779079813,0.0,0.0,0.0,13415.388764281635
2022-12-26,13633.4260320211,11918.93658698681,14567.308069532306,13633.4260320211,13633.4260320211,-380.90118761553947,-380.90118761553947,-380.90118761553947,-136.43076967905617,-136.43076967905617,-136.43076967905617,-244.47041793648333,-244.47041793648333,-244.47041793648333,0.0,0.0,0.0,13252.52484440556
2022-12-27,13633.160550427323,12121.785269019843,14731.719201550099,13633.160550427323,13633.160550427323,-151.07243580479482,-151.07243580479482,-151.07243580479482,83.05140624518049,83.05140624518049,83.05140624518049,-234.12384204997534,-234.12384204997534,-234.12384204997534,0.0,0.0,0.0,13482.088114622527
2022-12-28,13632.895068833546,12248.7250024001,14699.506056556293,13632.895068833546,13632.895068833546,-208.5738229593103,-208.5738229593103,-208.5738229593103,14.000893595507259,14.000893595507259,14.000893595507259,-222.57471655481757,-222.57471655481757,-222.57471655481757,0.0,0.0,0.0,13424.321245874236
2022-12-29,13632.62958723977,12172.982840704171,14785.068807683236,13632.62958723977,13632.62958723977,-129.21368926672002,-129.21368926672002,-129.21368926672002,80.91051298024895,80.91051298024895,80.91051298024895,-210.124202246969,-210.124202246969,-210.124202246969,0.0,0.0,0.0,13503.41589797305
2022-12-30,13632.364105645993,12275.280356110046,14809.586280780633,13632.364105645993,13632.364105645993,-158.99901358532767,-158.99901358532767,-158.99901358532767,38.07196962607144,38.07196962607144,38.07196962607144,-197.07098321139912,-197.07098321139912,-197.07098321139912,0.0,0.0,0.0,13473.365092060665
2022-12-31,13632.098624052216,11978.069743926868,14618.915204244155,13632.098624052216,13632.098624052216,-298.3236814571372,-298.3236814571372,-298.3236814571372,-114.61800122548443,-114.61800122548443,-114.61800122548443,-183.70568023165274,-183.70568023165274,-183.70568023165274,0.0,0.0,0.0,13333.774942595079
2023-01-01,13631.83314245844,12252.039655129543,14882.89417683667,13631.83314245844,13631.83314245844,-135.29170103931577,-135.29170103931577,-135.29170103931577,35.01398845782142,35.01398845782142,35.01398845782142,-170.30568949713717,-170.30568949713717,-170.30568949713717,0.0,0.0,0.0,13496.541441419124
2023-01-02,13631.567660864663,12022.139408729914,14642.228305159915,13631.567660864663,13631.567660864663,-293.5612822354464,-293.5612822354464,-293.5612822354464,-136.43076967909883,-136.43076967909883,-136.43076967909883,-157.13051255634758,-157.13051255634758,-157.13051255634758,0.0,0.0,0.0,13338.006378629216
2023-01-03,13631.302179270886,12285.5224290776,14876.83969830105,13631.302179270886,13631.302179270886,-61.366222512278576,-61.366222512278576,-61.366222512278576,83.05140624551262,83.05140624551262,83.05140624551262,-144.4176287577912,-144.4176287577912,-144.4176287577912,0.0,0.0,0.0,13569.935956758607
2023-01-04,13631.036697677111,12297.06908337536,14864.98315500068,13631.036697677111,13631.036697677111,-118.37805366999618,-118.37805366999618,-118.37805366999618,14.000893595675624,14.000893595675624,14.000893595675624,-132.3789472656718,-132.3789472656718,-132.3789472656718,0.0,0.0,0.0,13512.658644007115
2023-01-05,13630.771216083336,12326.53349733219,14734.508350066626,13630.771216083336,13630.771216083336,-40.287349537427154,-40.287349537427154,-40.287349537427154,80.91051298090909,80.91051298090909,80.91051298090909,-121.19786251833624,-121.19786251833624,-121.19786251833624,0.0,0.0,0.0,13590.483866545908
2023-01-06,13630.50573448956,12302.821082286895,14878.799482835511,13630.50573448956,13630.50573448956,-72.95495535060822,-72.95495535060822,-72.95495535060822,38.071969625511706,38.071969625511706,38.071969625511706,-111.02692497611993,-111.02692497611993,-111.02692497611993,0.0,0.0,0.0,13557.550779138952
2023-01-07,13630.240252895783,12140.968733789761,14723.91382608036,13630.240252895783,13630.240252895783,-216.60412962902788,-216.60412962902788,-216.60412962902788,-114.61800122561677,-114.61800122561677,-114.61800122561677,-101.98612840341114,-101.98612840341114,-101.98612840341114,0.0,0.0,0.0,13413.636123266755
2023-01-08,13629.974771302006,12383.86687088772,14966.786283674592,13629.974771302006,13629.974771302006,-59.1478173957497,-59.1478173957497,-59.1478173957497,35.01398845764895,35.01398845764895,35.01398845764895,-94.16180585339865,-94.16180585339865,-94.16180585339865,0.0,0.0,0.0,13570.826953906257
2023-01-09,13629.70928970823,12214.321959430386,14614.5324083721,13629.70928970823,13629.70928970823,-224.03688869774015,-224.03688869774015,-224.03688869774015,-136.43076967906265,-136.43076967906265,-136.43076967906265,-87.60611901867749,-87.60611901867749,-87.60611901867749,0.0,0.0,0.0,13405.67240101049
2023-01-10,13629.446655596978,12351.137185586898,14846.564773096128,13629.446655596978,13629.446655596978,0.7142866052041251,0.7142866052041251,0.7142866052041251,83.05140624510362,83.05140624510362,83.05140624510362,-82.3371196398995,-82.3371196398995,-82.3371196398995,0.0,0.0,0.0,13630.160942202181
2023-01-11,13629.184021485726,12375.348263464919,14712.7592006779,13629.184021485726,13629.184021485726,-64.33846351415123,-64.33846351415123,-64.33846351415123,14.000893596243728,14.000893596243728,14.000893596243728,-78.33935711039496,-78.33935711039496,-78.33935711039496,0.0,0.0,0.0,13564.845557971574
2023-01-12,13628.921387374472,12404.77064766542,14954.699059580249,13628.921387374472,13628.921387374472,5.34550986199915,5.34550986199915,5.34550986199915,80.91051298003332,80.91051298003332,80.91051298003332,-75.56500311803417,-75.56500311803417,-75.56500311803417,0.0,0.0,0.0,13634.266897236472
2023-01-13,13628.65875326322,12293.702659464423,14876.337405711045,13628.65875326322,13628.65875326322,-35.863492276338185,-35.863492276338185,-35.863492276338185,38.071969624951954,38.071969624951954,38.071969624951954,-73.93546190129015,-73.93546190129015,-73.93546190129015,0.0,0.0,0.0,13592.795260986883
2023-01-14,13628.39611915197,12126.761514683289,14762.80588696046,13628.39611915197,13628.39611915197,-187.96143444482797,-187.96143444482797,-187.96143444482797,-114.61800122525867,-114.61800122525867,-114.61800122525867,-73.34343321956928,-73.34343321956928,-73.34343321956928,0.0,0.0,0.0,13440.434684707143
2023-01-15,13628.133485040718,12368.141022628452,14956.14952433368,13628.133485040718,13628.133485040718,-38.64140571752113,-38.64140571752113,-38.64140571752113,35.01398845770487,35.01398845770487,35.01398845770487,-73.65539417522601,-73.65539417522601,-73.65539417522601,0.0,0.0,0.0,13589.492079323198
2023-01-16,13627.870850929467,12161.739843244994,14616.82763418156,13627.870850929467,13627.870850929467,-211.1452349833062,-211.1452349833062,-211.1452349833062,-136.43076967920578,-136.43076967920578,-136.43076967920578,-74.71446530410043,-74.71446530410043,-74.71446530410043,0.0,0.0,0.0,13416.72561594616
2023-01-17,13627.608216818213,12358.138099989827,14926.544683269278,13627.608216818213,13627.608216818213,6.707780633322185,6.707780633322185,6.707780633322185,83.05140624543577,83.05140624543577,83.05140624543577,-76.3436256121136,-76.3436256121136,-76.3436256121136,0.0,0.0,0.0,13634.315997451535
2023-01-18,13627.345582706961,12323.791830939257,14876.464330848885,13627.345582706961,13627.345582706961,-64.34834664209555,-64.34834664209555,-64.34834664209555,14.0008935964121,14.0008935964121,14.0008935964121,-78.34924023850765,-78.34924023850765,-78.34924023850765,0.0,0.0,0.0,13562.997236064866
2023-01-19,13627.082948595711,12316.488347495242,15010.060072521495,13627.082948595711,13627.082948595711,0.38564999885291756,0.38564999885291756,0.38564999885291756,80.91051298053844,80.91051298053844,80.91051298053844,-80.52486298168553,-80.52486298168553,-80.52486298168553,0.0,0.0,0.0,13627.468598594563
2023-01-20,13626.82031448446,12285.480211370674,14926.201722863025,13626.82031448446,13626.82031448446,-44.58330425123727,-44.58330425123727,-44.58330425123727,38.07196962504756,38.07196962504756,38.07196962504756,-82.65527387628484,-82.65527387628484,-82.65527387628484,0.0,0.0,0.0,13582.237010233222
2023-01-21,13626.557680373206,12125.30231117014,14760.988563855788,13626.557680373206,13626.557680373206,-199.1387105085799,-199.1387105085799,-199.1387105085799,-114.61800122588143,-114.61800122588143,-114.61800122588143,-84.52070928269843,-84.52070928269843,-84.52070928269843,0.0,0.0,0.0,13427.418969864626
2023-01-22,13626.295046261954,12246.671021420523,14785.663960239524,13626.295046261954,13626.295046261954,-50.887250053257105,-50.887250053257105,-50.887250053257105,35.01398845776079,35.01398845776079,35.01398845776079,-85.9012385110179,-85.9012385110179,-85.9012385110179,0.0,0.0,0.0,13575.407796208696
2023-01-23,13626.032412150704,12025.464202962676,14603.01577883435,13626.032412150704,13626.032412150704,-223.01200658547555,-223.01200658547555,-223.01200658547555,-136.4307696790907,-136.4307696790907,-136.4307696790907,-86.58123690638486,-86.58123690638486,-86.58123690638486,0.0,0.0,0.0,13403.020405565228
2023-01-24,13625.769778039452,12175.821151645114,15053.038947916006,13625.769778039452,13625.769778039452,-3.3024944305008628,-3.3024944305008628,-3.3024944305008628,83.0514062457679,83.0514062457679,83.0514062457679,-86.35390067626875,-86.35390067626875,-86.35390067626875,0.0,0.0,0.0,13622.46728360895
2023-01-25,13625.5071439282,12277.06936536942,14881.398502076203,13625.5071439282,13625.5071439282,-71.0248501337103,-71.0248501337103,-71.0248501337103,14.00089359599166,14.00089359599166,14.00089359599166,-85.02574372970196,-85.02574372970196,-85.02574372970196,0.0,0.0,0.0,13554.48229379449
2023-01-26,13625.244509816946,12359.623578805213,14910.419365104171,13625.244509816946,13625.244509816946,-1.510498674004939,-1.510498674004939,-1.510498674004939,80.91051298035313,80.91051298035313,80.91051298035313,-82.42101165435807,-82.42101165435807,-82.42101165435807,0.0,0.0,0.0,13623.734011142942
2023-01-27,13624.981875705695,12365.372464556656,14863.560838576659,13624.981875705695,13624.981875705695,-40.31397335041916,-40.31397335041916,-40.31397335041916,38.0719696247829,38.0719696247829,38.0719696247829,-78.38594297520206,-78.38594297520206,-78.38594297520206,0.0,0.0,0.0,13584.667902355275
2023-01-28,13624.719241594445,12136.334898504705,14763.29796840765,13624.719241594445,13624.719241594445,-187.41080455466025,-187.41080455466025,-187.41080455466025,-114.61800122540937,-114.61800122540937,-114.61800122540937,-72.79280332925086,-72.79280332925086,-72.79280332925086,0.0,0.0,0.0,13437.308437039785
2023-01-29,13624.456607483193,12278.402715125112,14902.16325118997,13624.456607483193,13624.456607483193,-30.52962606311558,-30.52962606311558,-30.52962606311558,35.01398845781671,35.01398845781671,35.01398845781671,-65.54361452093228,-65.54361452093228,-65.54361452093228,0.0,0.0,0.0,13593.926981420078
2023-01-30,13624.193973371941,12108.876266679306,14699.618678739254,13624.193973371941,13624.193973371941,-193.0042676092308,-193.0042676092308,-193.0042676092308,-136.4307696791334,-136.4307696791334,-136.4307696791334,-56.57349793009742,-56.57349793009742,-56.57349793009742,0.0,0.0,0.0,13431.18970576271
2023-01-31,13623.931339260687,12399.281630637834,14919.944720738302,13623.931339260687,13623.931339260687,37.19785545215202,37.19785545215202,37.19785545215202,83.05140624572947,83.05140624572947,83.05140624572947,-45.853550793577455,-45.853550793577455,-45.853550793577455,0.0,0.0,0.0,13661.12919471284
2023-02-01,13623.668705149437,12333.565026067186,14979.006321054128,13623.668705149437,13623.668705149437,-19.392281189748,-19.392281189748,-19.392281189748,14.000893595970958,14.000893595970958,14.000893595970958,-33.39317478571896,-33.39317478571896,-33.39317478571896,0.0,0.0,0.0,13604.276423959689
2023-02-02,13623.562877846498,12386.701631046388,14947.235649819562,13623.562877846498,13623.562877846498,61.66873360914446,61.66873360914446,61.66873360914446,80.91051298016781,80.91051298016781,80.91051298016781,-19.241779371023352,-19.241779371023352,-19.241779371023352,0.0,0.0,0.0,13685.231611455642
2023-02-03,13623.457050543557,12223.018041159981,14878.24419360997,13623.457050543557,13623.457050543557,34.5821818081733,34.5821818081733,34.5821818081733,38.07196962553386,38.07196962553386,38.07196962553386,-3.4897878173605528,-3.4897878173605528,-3.4897878173605528,0.0,0.0,0.0,13658.03923235173
2023-02-04,13623.351223240616,12163.065438128839,14802.640431082878,13623.351223240616,13623.351223240616,-100.88688291823554,-100.88688291823554,-100.88688291823554,-114.61800122603212,-114.61800122603212,-114.61800122603212,13.73111830779658,13.73111830779658,13.73111830779658,0.0,0.0,0.0,13522.46434032238
2023-02-05,13623.245395937674,12371.734244708585,14963.489733884668,13623.245395937674,13623.245395937674,67.26255826136394,67.26255826136394,67.26255826136394,35.01398845764424,35.01398845764424,35.01398845764424,32.24856980371969,32.24856980371969,32.24856980371969,0.0,0.0,0.0,13690.507954199038
2023-02-06,13623.139568634735,12298.074908727482,14807.856690791192,13623.139568634735,13623.139568634735,-84.57983346554325,-84.57983346554325,-84.57983346554325,-136.4307696790972,-136.4307696790972,-136.4307696790972,51.85093621355396,51.85093621355396,51.85093621355396,0.0,0.0,0.0,13538.559735169192
2023-02-07,13623.033741331796,12475.02717735302,15062.898787115468,13623.033741331796,13623.033741331796,155.34103915362354,155.34103915362354,155.34103915362354,83.05140624580865,83.05140624580865,83.05140624580865,72.28963290781489,72.28963290781489,72.28963290781489,0.0,0.0,0.0,13778.37478048542
2023-02-08,13622.927914028855,12345.441727169858,15026.288050198113,13622.927914028855,13622.927914028855,107.28320968626805,107.28320968626805,107.28320968626805,14.000893595550503,14.000893595550503,14.000893595550503,93.28231609071753,93.28231609071753,93.28231609071753,0.0,0.0,0.0,13730.211123715122
2023-02-09,13622.822086725915,12482.513315089825,15196.306984404724,13622.822086725915,13622.822086725915,195.42746623654398,195.42746623654398,195.42746623654398,80.91051297998249,80.91051297998249,80.91051297998249,114.51695325656148,114.51695325656148,114.51695325656148,0.0,0.0,0.0,13818.24955296246
2023-02-10,13622.716259422974,12532.498863776356,15097.301700141235,13622.716259422974,13622.716259422974,173.72870507334744,173.72870507334744,173.72870507334744,38.071969624974116,38.071969624974116,38.071969624974116,135.65673544837335,135.65673544837335,135.65673544837335,0.0,0.0,0.0,13796.44496449632
2023-02-11,13622.610432120033,12400.851885031429,14918.67024044967,13622.610432120033,13622.610432120033,41.7277742861002,41.7277742861002,41.7277742861002,-114.61800122567406,-114.61800122567406,-114.61800122567406,156.34577551177426,156.34577551177426,156.34577551177426,0.0,0.0,0.0,13664.338206406133
2023-02-12,13622.504604817093,12547.732467755863,15120.936218059325,13622.504604817093,13622.504604817093,211.22950243100894,211.22950243100894,211.22950243100894,35.013988457678515,35.013988457678515,35.013988457678515,176.21551397333042,176.21551397333042,176.21551397333042,0.0,0.0,0.0,13833.734107248103
2023-02-13,13622.398777514154,12490.326186574099,14966.90312845966,13622.398777514154,13622.398777514154,58.460962170295716,58.460962170295716,58.460962170295716,-136.430769679061,-136.430769679061,-136.430769679061,194.89173184935674,194.89173184935674,194.89173184935674,0.0,0.0,0.0,13680.859739684449
2023-02-14,13622.292950211213,12685.954779931022,15184.009482105641,13622.292950211213,13622.292950211213,295.0534545353715,295.0534545353715,295.0534545353715,83.05140624502911,83.05140624502911,83.05140624502911,212.0020482903424,212.0020482903424,212.0020482903424,0.0,0.0,0.0,13917.346404746584
2023-02-15,13622.187122908274,12694.089030173798,15143.120151758952,13622.187122908274,13622.187122908274,241.18465477814752,241.18465477814752,241.18465477814752,14.000893596307687,14.000893596307687,14.000893596307687,227.18376118183983,227.18376118183983,227.18376118183983,0.0,0.0,0.0,13863.371777686421
2023-02-16,13622.081295605332,12767.693851795668,15258.760818863775,13622.081295605332,13622.081295605332,321.002384354891,321.002384354891,321.002384354891,80.91051298048762,80.91051298048762,80.91051298048762,240.09187137440335,240.09187137440335,240.09187137440335,0.0,0.0,0.0,13943.083679960224
2023-02-17,13621.975468302391,12613.699619070783,15173.270404210536,13621.975468302391,13621.975468302391,288.4790863868253,288.4790863868253,288.4790863868253,38.07196962506972,38.07196962506972,38.07196962506972,250.40711676175556,250.40711676175556,250.40711676175556,0.0,0.0,0.0,13910.454554689217
2023-02-18,13621.869640999452,12431.014491852171,15064.491101699428,13621.869640999452,13621.869640999452,143.22583038059938,143.22583038059938,143.22583038059938,-114.61800122531595,-114.61800122531595,-114.61800122531595,257.84383160591534,257.84383160591534,257.84383160591534,0.0,0.0,0.0,13765.095471380051
2023-02-19,13621.763813696512,12581.395643215817,15311.691333317613,13621.763813696512,13621.763813696512,297.1714283344322,297.1714283344322,297.1714283344322,35.01398845750604,35.01398845750604,35.01398845750604,262.15743987692616,262.15743987692616,262.15743987692616,0.0,0.0,0.0,13918.935242030944
2023-02-20,13621.657986393571,12364.375125631594,15001.610745486729,13621.657986393571,13621.657986393571,126.7206197094866,126.7206197094866,126.7206197094866,-136.43076967902482,-136.43076967902482,-136.43076967902482,263.1513893885114,263.1513893885114,263.1513893885114,0.0,0.0,0.0,13748.378606103059
2023-02-21,13621.552159090632,12690.319509646162,15230.099795809088,13621.552159090632,13621.552159090632,343.73474277253206,343.73474277253206,343.73474277253206,83.05140624536125,83.05140624536125,83.05140624536125,260.6833365271708,260.6833365271708,260.6833365271708,0.0,0.0,0.0,13965.286901863165
2023-02-22,13621.44633178769,12637.891243044252,15263.284020391091,13621.44633178769,13621.44633178769,268.6712931954202,268.6712931954202,268.6712931954202,14.000893595887247,14.000893595887247,14.000893595887247,254.670399599533,254.670399599533,254.670399599533,0.0,0.0,0.0,13890.117624983111
2023-02-23,13621.34050448475,12615.55519664071,15271.254073375889,13621.34050448475,13621.34050448475,326.00382532222636,326.00382532222636,326.00382532222636,80.91051298045733,80.91051298045733,80.91051298045733,245.09331234176904,245.09331234176904,245.09331234176904,0.0,0.0,0.0,13947.344329806976
2023-02-24,13621.234677181808,12616.170206717628,15219.015686659124,13621.234677181808,13621.234677181808,270.07129748457965,270.07129748457965,270.07129748457965,38.07196962546041,38.07196962546041,38.07196962546041,231.9993278591192,231.9993278591192,231.9993278591192,0.0,0.0,0.0,13891.305974666388
2023-02-25,13621.12884987887,12426.295367213708,14920.714591825257,13621.12884987887,13621.12884987887,100.88574573240622,100.88574573240622,100.88574573240622,-114.61800122593871,-114.61800122593871,-114.61800122593871,215.50374695834495,215.50374695834495,215.50374695834495,0.0,0.0,0.0,13722.014595611277
2023-02-26,13621.032668450094,12551.981103943399,15142.679916131237,13621.032668450094,13621.032668450094,230.80396155521038,230.80396155521038,230.80396155521038,35.01398845779036,35.01398845779036,35.01398845779036,195.78997309742002,195.78997309742002,195.78997309742002,0.0,0.0,0.0,13851.836630005304
2023-02-27,13620.936487021321,12386.026289327905,14882.258440713991,13620.936487021321,13620.936487021321,36.677258775057815,36.677258775057815,36.677258775057815,-136.4307696790675,-136.4307696790675,-136.4307696790675,173.10802845412533,173.10802845412533,173.10802845412533,0.0,0.0,0.0,13657.61374579638
2023-02-28,13620.840305592545,12490.158339428277,15185.703311082527,13620.840305592545,13620.840305592545,230.82290745831938,230.82290745831938,230.82290745831938,83.05140624506988,83.05140624506988,83.05140624506988,147.77150121324948,147.77150121324948,147.77150121324948,0.0,0.0,0.0,13851.663213050864
2023-03-01,13620.74412416377,12454.57779272259,15040.686966099713,13620.74412416377,13620.74412416377,134.1538258486407,134.1538258486407,134.1538258486407,14.000893595466799,14.000893595466799,14.000893595466799,120.15293225317392,120.15293225317392,120.15293225317392,0.0,0.0,0.0,13754.89795001241
2023-03-02,13620.647942734993,12526.678963452016,15129.890786772545,13620.647942734993,13620.647942734993,171.58820203486897,171.58820203486897,171.58820203486897,80.91051298096245,80.91051298096245,80.91051298096245,90.67768905390656,90.67768905390656,90.67768905390656,0.0,0.0,0.0,13792.236144769862
2023-03-03,13620.551761306218,12490.886839279421,15033.112100063925,13620.551761306218,13620.551761306218,97.8883844307978,97.8883844307978,97.8883844307978,38.071969625556015,38.071969625556015,38.071969625556015,59.816414805241784,59.816414805241784,59.816414805241784,0.0,0.0,0.0,13718.440145737017
2023-03-04,13620.455579877444,12226.055877612129,14729.387701092324,13620.455579877444,13620.455579877444,-86.54182092658657,-86.54182092658657,-86.54182092658657,-114.61800122558064,-114.61800122558064,-114.61800122558064,28.07618029899407,28.07618029899407,28.07618029899407,0.0,0.0,0.0,13533.913758950857
2023-03-05,13620.359398448667,12369.428766657045,14963.164144381684,13620.359398448667,13620.359398448667,31.004492569601997,31.004492569601997,31.004492569601997,35.013988457617906,35.013988457617906,35.013988457617906,-4.0094958880159055,-4.0094958880159055,-4.0094958880159055,0.0,0.0,0.0,13651.363891018269
2023-03-06,13620.263217019894,12120.813063525167,14718.322031217014,13620.263217019894,13620.263217019894,-172.32232796214896,-172.32232796214896,-172.32232796214896,-136.43076967913174,-136.43076967913174,-136.43076967913174,-35.8915582830172,-35.8915582830172,-35.8915582830172,0.0,0.0,0.0,13447.940889057745
2023-03-07,13620.167035591117,12436.116019913674,14986.93561010117,13620.167035591117,13620.167035591117,16.034381670397746,16.034381670397746,16.034381670397746,83.05140624540202,83.05140624540202,83.05140624540202,-67.01702457500427,-67.01702457500427,-67.01702457500427,0.0,0.0,0.0,13636.201417261515
2023-03-08,13620.070854162343,12235.75446608157,14786.105015949532,13620.070854162343,13620.070854162343,-82.84014297356204,-82.84014297356204,-82.84014297356204,14.000893596223975,14.000893596223975,14.000893596223975,-96.84103656978603,-96.84103656978603,-96.84103656978603,0.0,0.0,0.0,13537.23071118878
2023-03-09,13619.974672733568,12238.598123441541,14860.009715476746,13619.974672733568,13619.974672733568,-43.92856020975775,-43.92856020975775,-43.92856020975775,80.91051298008666,80.91051298008666,80.91051298008666,-124.83907318984441,-124.83907318984441,-124.83907318984441,0.0,0.0,0.0,13576.04611252381
2023-03-10,13619.878491304793,12234.657135750329,14837.616198454678,13619.878491304793,13619.878491304793,-112.44706305266924,-112.44706305266924,-112.44706305266924,38.07196962565162,38.07196962565162,38.07196962565162,-150.51903267832085,-150.51903267832085,-150.51903267832085,0.0,0.0,0.0,13507.431428252125
2023-03-11,13619.782309876016,12011.759516012644,14502.936774950063,13619.782309876016,13619.782309876016,-288.05088561027895,-288.05088561027895,-288.05088561027895,-114.61800122559897,-114.61800122559897,-114.61800122559897,-173.43288438467997,-173.43288438467997,-173.43288438467997,0.0,0.0,0.0,13331.731424265738
2023-03-12,13619.686128447242,12228.197153224404,14788.904477911792,13619.686128447242,13619.686128447242,-158.17360292714363,-158.17360292714363,-158.17360292714363,35.01398845744542,35.01398845744542,35.01398845744542,-193.18759138458904,-193.18759138458904,-193.18759138458904,0.0,0.0,0.0,13461.512525520098
2023-03-13,13619.589947018467,12112.820822417369,14576.158737743397,13619.589947018467,13619.589947018467,-345.8857836513989,-345.8857836513989,-345.8857836513989,-136.43076967909553,-136.43076967909553,-136.43076967909553,-209.4550139723034,-209.4550139723034,-209.4550139723034,0.0,0.0,0.0,13273.704163367067
2023-03-14,13619.49376558969,12146.266416915469,14836.050112725643,13619.49376558969,13619.49376558969,-138.92911453580777,-138.92911453580777,-138.92911453580777,83.05140624536358,83.05140624536358,83.05140624536358,-221.98052078117135,-221.98052078117135,-221.98052078117135,0.0,0.0,0.0,13480.564651053883
2023-03-15,13619.397584160917,12105.791455972832,14786.352395855356,13619.397584160917,13619.397584160917,-216.58916516494102,-216.58916516494102,-216.58916516494102,14.000893595803543,14.000893595803543,14.000893595803543,-230.59005876074457,-230.59005876074457,-230.59005876074457,0.0,0.0,0.0,13402.808418995975
2023-03-16,13619.30140273214,12141.647622369754,14691.936934015494,13619.30140273214,13619.30140273214,-154.28495207245558,-154.28495207245558,-154.28495207245558,80.9105129805918,80.9105129805918,80.9105129805918,-235.1954650530474,-235.1954650530474,-235.1954650530474,0.0,0.0,0.0,13465.016450659685
2023-03-17,13619.205221303366,11980.332054830358,14653.129620128602,13619.205221303366,13619.205221303366,-197.7258727132532,-197.7258727132532,-197.7258727132532,38.071969625747215,38.071969625747215,38.071969625747215,-235.7978423390004,-235.7978423390004,-235.7978423390004,0.0,0.0,0.0,13421.479348590112
2023-03-18,13619.109039874591,11929.575710190351,14538.490637256984,13619.109039874591,13619.109039874591,-347.1068648551609,-347.1068648551609,-347.1068648551609,-114.61800122524089,-114.61800122524089,-114.61800122524089,-232.48886362992008,-232.48886362992008,-232.48886362992008,0.0,0.0,0.0,13272.00217501943
2023-03-19,13619.012858445816,12161.085117772864,14635.038360922059,13619.012858445816,13619.012858445816,-190.4359332851685,-190.4359332851685,-190.4359332851685,35.01398845772974,35.01398845772974,35.01398845772974,-225.44992174289823,-225.44992174289823,-225.44992174289823,0.0,0.0,0.0,13428.576925160647
2023-03-20,13618.91667701704,12000.83480472556,14530.377272470361,13618.91667701704,13618.91667701704,-351.3798613069868,-351.3798613069868,-351.3798613069868,-136.43076967898045,-136.43076967898045,-136.43076967898045,-214.94909162800636,-214.94909162800636,-214.94909162800636,0.0,0.0,0.0,13267.536815710053
2023-03-21,13618.855005466246,12179.01658802481,14779.178858581694,13618.855005466246,13618.855005466246,-118.28452273708733,-118.28452273708733,-118.28452273708733,83.05140624532514,83.05140624532514,83.05140624532514,-201.33592898241247,-201.33592898241247,-201.33592898241247,0.0,0.0,0.0,13500.57048272916
2023-03-22,13618.793333915452,12117.01264944567,14705.506593774373,13618.793333915452,13618.793333915452,-171.03329117733549,-171.03329117733549,-171.03329117733549,14.000893595782832,14.000893595782832,14.000893595782832,-185.03418477311828,-185.03418477311828,-185.03418477311828,0.0,0.0,0.0,13447.760042738117
2023-03-23,13618.731662364657,12194.055332894583,14726.844112766497,13618.731662364657,13618.731662364657,-85.62205791008863,-85.62205791008863,-85.62205791008863,80.91051298109694,80.91051298109694,80.91051298109694,-166.53257089118557,-166.53257089118557,-166.53257089118557,0.0,0.0,0.0,13533.109604454568
2023-03-24,13618.669990813863,12211.213300658186,14876.912689467235,13618.669990813863,13618.669990813863,-108.30179603939855,-108.30179603939855,-108.30179603939855,38.07196962518747,38.07196962518747,38.07196962518747,-146.37376566458602,-146.37376566458602,-146.37376566458602,0.0,0.0,0.0,13510.368194774464
2023-03-25,13618.608319263069,12120.293139020398,14829.670211368777,13618.608319263069,13618.608319263069,-239.75989909083552,-239.75989909083552,-239.75989909083552,-114.61800122537323,-114.61800122537323,-114.61800122537323,-125.14189786546228,-125.14189786546228,-125.14189786546228,0.0,0.0,0.0,13378.848420172233
2023-03-26,13618.546647712274,12202.200332211145,14816.272036700224,13618.546647712274,13618.546647712274,-68.43480425602439,-68.43480425602439,-68.43480425602439,35.01398845755727,35.01398845755727,35.01398845755727,-103.44879271358164,-103.44879271358164,-103.44879271358164,0.0,0.0,0.0,13550.111843456249
2023-03-27,13618.48497616148,12198.068222090935,14697.72263283754,13618.48497616148,13618.48497616148,-218.3500715457906,-218.3500715457906,-218.3500715457906,-136.43076967912359,-136.43076967912359,-136.43076967912359,-81.91930186666701,-81.91930186666701,-81.91930186666701,0.0,0.0,0.0,13400.13490461569
2023-03-28,13618.423304610686,12356.522561313435,14974.444415398271,13618.423304610686,13618.423304610686,21.875335942172274,21.875335942172274,21.875335942172274,83.05140624528674,83.05140624528674,83.05140624528674,-61.17607030311447,-61.17607030311447,-61.17607030311447,0.0,0.0,0.0,13640.298640552857
2023-03-29,13618.361633059892,12375.933353260714,14834.259584614154,13618.361633059892,13618.361633059892,-27.823221730311722,-27.823221730311722,-27.823221730311722,14.00089359536237,14.00089359536237,14.00089359536237,-41.82411532567409,-41.82411532567409,-41.82411532567409,0.0,0.0,0.0,13590.53841132958
2023-03-30,13618.299961509098,12305.239596321788,14928.14876013404,13618.299961509098,13618.299961509098,56.47490714352376,56.47490714352376,56.47490714352376,80.91051298037617,80.91051298037617,80.91051298037617,-24.435605836852414,-24.435605836852414,-24.435605836852414,0.0,0.0,0.0,13674.774868652621
2023-03-31,13618.238289958303,12418.638577634336,14878.744894844082,13618.238289958303,13618.238289958303,28.53673663156219,28.53673663156219,28.53673663156219,38.07196962593842,38.07196962593842,38.07196962593842,-9.535232994376234,-9.535232994376234,-9.535232994376234,0.0,0.0,0.0,13646.775026589865
2023-04-01,13618.17661840751,12209.461331351798,14755.872617274399,13618.17661840751,13618.17661840751,-112.20455726891083,-112.20455726891083,-112.20455726891083,-114.61800122550555,-114.61800122550555,-114.61800122550555,2.4134439565947123,2.4134439565947123,2.4134439565947123,0.0,0.0,0.0,13505.972061138598
2023-04-02,13618.114946856715,12357.365033418182,14959.570043269903,13618.114946856715,13618.114946856715,46.03429895831798,46.03429895831798,46.03429895831798,35.013988457591545,35.013988457591545,35.013988457591545,11.02031050072644,11.02031050072644,11.02031050072644,0.0,0.0,0.0,13664.149245815033
2023-04-03,13618.05327530592,12194.095363026141,14792.727408587529,13618.05327530592,13618.05327530592,-120.45143986511832,-120.45143986511832,-120.45143986511832,-136.4307696790874,-136.4307696790874,-136.4307696790874,15.979329813969082,15.979329813969082,15.979329813969082,0.0,0.0,0.0,13497.6018354408
2023-04-04,13617.991603755127,12331.582417922504,14954.70810942936,13617.991603755127,13617.991603755127,100.12860081174136,100.12860081174136,100.12860081174136,83.05140624561886,83.05140624561886,83.05140624561886,17.0771945661225,17.0771945661225,17.0771945661225,0.0,0.0,0.0,13718.120204566869
2023-04-05,13617.929932204332,12313.230143322766,14912.249965043868,13617.929932204332,13617.929932204332,28.200635774657464,28.200635774657464,28.200635774657464,14.000893595530735,14.000893595530735,14.000893595530735,14.19974217912673,14.19974217912673,14.19974217912673,0.0,0.0,0.0,13646.13056797899
2023-04-06,13617.868260653539,12332.589610478113,14961.2669935097,13617.868260653539,13617.868260653539,88.24644472312914,88.24644472312914,88.24644472312914,80.9105129808813,80.9105129808813,80.9105129808813,7.335931742247841,7.335931742247841,7.335931742247841,0.0,0.0,0.0,13706.114705376667
2023-04-07,13617.806589102744,12315.125241379106,14940.299143943776,13617.806589102744,13617.806589102744,34.651210371921664,34.651210371921664,34.651210371921664,38.071969625673766,38.071969625673766,38.071969625673766,-3.420759253752108,-3.420759253752108,-3.420759253752108,0.0,0.0,0.0,13652.457799474665
2023-04-08,13617.744917551949,12217.543991679477,14788.004670971422,13617.744917551949,13617.744917551949,-132.49159657144486,-132.49159657144486,-132.49159657144486,-114.6180012256379,-114.6180012256379,-114.6180012256379,-17.873595345806955,-17.873595345806955,-17.873595345806955,0.0,0.0,0.0,13485.253320980504
2023-04-09,13617.683246001156,12316.967165785982,14959.524520524425,13617.683246001156,13617.683246001156,-0.7125211284953471,-0.7125211284953471,-0.7125211284953471,35.01398845764747,35.01398845764747,35.01398845764747,-35.72650958614281,-35.72650958614281,-35.72650958614281,0.0,0.0,0.0,13616.97072487266
2023-04-10,13617.62157445036,12136.517989488457,14709.139726299923,13617.62157445036,13617.62157445036,-193.02140510324062,-193.02140510324062,-193.02140510324062,-136.43076967913012,-136.43076967913012,-136.43076967913012,-56.5906354241105,-56.5906354241105,-56.5906354241105,0.0,0.0,0.0,13424.60016934712
2023-04-11,13617.559902899566,12361.558791732865,14854.544172060856,13617.559902899566,13617.559902899566,3.058092114881084,3.058092114881084,3.058092114881084,83.05140624520989,83.05140624520989,83.05140624520989,-79.99331413032881,-79.99331413032881,-79.99331413032881,0.0,0.0,0.0,13620.617995014447
2023-04-12,13617.49823134877,12241.457629957891,14781.027476468444,13617.49823134877,13617.49823134877,-91.38848737649077,-91.38848737649077,-91.38848737649077,14.000893595699122,14.000893595699122,14.000893595699122,-105.38938097218988,-105.38938097218988,-105.38938097218988,0.0,0.0,0.0,13526.10974397228
2023-04-13,13617.440136994619,12371.914785450906,14879.261151368692,13617.440136994619,13617.440136994619,-51.26395750657047,-51.26395750657047,-51.26395750657047,80.91051298000554,80.91051298000554,80.91051298000554,-132.17447048657598,-132.17447048657598,-132.17447048657598,0.0,0.0,0.0,13566.17617948805
2023-04-14,13617.382042640467,12224.413505024888,14883.475529052163,13617.382042640467,13617.382042640467,-121.62805454859779,-121.62805454859779,-121.62805454859779,38.07196962576936,38.07196962576936,38.07196962576936,-159.70002417436714,-159.70002417436714,-159.70002417436714,0.0,0.0,0.0,13495.75398809187
2023-04-15,13617.323948286315,12042.289682123688,14592.631750374478,13617.323948286315,13617.323948286315,-301.9076356202032,-301.9076356202032,-301.9076356202032,-114.6180012252798,-114.6180012252798,-114.6180012252798,-187.2896343949234,-187.2896343949234,-187.2896343949234,0.0,0.0,0.0,13315.416312666111
2023-04-16,13617.265853932164,12063.33054399911,14792.477859678855,13617.265853932164,13617.265853932164,-179.242329161833,-179.242329161833,-179.242329161833,35.01398845770339,35.01398845770339,35.01398845770339,-214.25631761953642,-214.25631761953642,-214.25631761953642,0.0,0.0,0.0,13438.023524770331
2023-04-17,13617.207759578014,11913.035014971098,14485.14162107004,13617.207759578014,13617.207759578014,-376.35104942880287,-376.35104942880287,-376.35104942880287,-136.43076967917278,-136.43076967917278,-136.43076967917278,-239.92027974963008,-239.92027974963008,-239.92027974963008,0.0,0.0,0.0,13240.856710149212
2023-04-18,13617.149665223862,12209.186104013777,14611.004761300856,13617.149665223862,13617.149665223862,-180.5753106483695,-180.5753106483695,-180.5753106483695,83.05140624528907,83.05140624528907,83.05140624528907,-263.62671689365857,-263.62671689365857,-263.62671689365857,0.0,0.0,0.0,13436.574354575492
2023-04-19,13617.09157086971,12047.955360258247,14638.821890150319,13617.09157086971,13617.09157086971,-270.7622939334868,-270.7622939334868,-270.7622939334868,14.000893595867486,14.000893595867486,14.000893595867486,-284.76318752935424,-284.76318752935424,-284.76318752935424,0.0,0.0,0.0,13346.329276936223
2023-04-20,13617.033476515559,12092.412865453838,14675.164010968001,13617.033476515559,13617.033476515559,-221.86558374172463,-221.86558374172463,-221.86558374172463,80.91051298051067,80.91051298051067,80.91051298051067,-302.7760967222353,-302.7760967222353,-302.7760967222353,0.0,0.0,0.0,13395.167892773834
2023-04-21,13616.975382161405,11938.739055008835,14562.518890429901,13616.975382161405,13616.975382161405,-279.1138804677615,-279.1138804677615,-279.1138804677615,38.07196962520963,38.07196962520963,38.07196962520963,-317.18585009297107,-317.18585009297107,-317.18585009297107,0.0,0.0,0.0,13337.861501693644
2023-04-22,13616.917287807253,11863.585214478691,14440.945171728385,13616.917287807253,13616.917287807253,-442.2182654667836,-442.2182654667836,-442.2182654667836,-114.61800122590256,-114.61800122590256,-114.61800122590256,-327.600264240881,-327.600264240881,-327.600264240881,0.0,0.0,0.0,13174.69902234047
2023-04-23,13616.859193453101,12049.221396639667,14619.118506661043,13616.859193453101,13616.859193453101,-298.71187227776414,-298.71187227776414,-298.71187227776414,35.01398845773765,35.01398845773765,35.01398845773765,-333.7258607355018,-333.7258607355018,-333.7258607355018,0.0,0.0,0.0,13318.147321175336
2023-04-24,13616.80109909895,11839.249394751789,14509.09120503378,13616.80109909895,13616.80109909895,-471.80749132971414,-471.80749132971414,-471.80749132971414,-136.4307696790577,-136.4307696790577,-136.4307696790577,-335.3767216506564,-335.3767216506564,-335.3767216506564,0.0,0.0,0.0,13144.993607769236
2023-04-25,13616.743004744798,12127.239637969598,14572.396853242873,13616.743004744798,13616.743004744798,-249.42923847234653,-249.42923847234653,-249.42923847234653,83.05140624525065,83.05140624525065,83.05140624525065,-332.48064471759716,-332.48064471759716,-332.48064471759716,0.0,0.0,0.0,13367.313766272451
2023-04-26,13616.684910390646,11946.001702150439,14529.974963270446,13616.684910390646,13616.684910390646,-311.08151042768145,-311.08151042768145,-311.08151042768145,14.000893595846785,14.000893595846785,14.000893595846785,-325.08240402352817,-325.08240402352817,-325.08240402352817,0.0,0.0,0.0,13305.603399962965
2023-04-27,13616.626816036494,12046.76305473102,14759.575376487497,13616.626816036494,13616.626816036494,-232.43348307347551,-232.43348307347551,-232.43348307347551,80.91051298032535,80.91051298032535,80.91051298032535,-313.3439960538009,-313.3439960538009,-313.3439960538009,0.0,0.0,0.0,13384.19333296302
2023-04-28,13616.568721682343,12081.786882920223,14674.411309500216,13616.568721682343,13616.568721682343,-259.46985924934813,-259.46985924934813,-259.46985924934813,38.07196962464989,38.07196962464989,38.07196962464989,-297.54182887399804,-297.54182887399804,-297.54182887399804,0.0,0.0,0.0,13357.098862432995
2023-04-29,13616.510627328193,12025.91286150471,14537.341641700395,13616.510627328193,13616.510627328193,-392.6788935341592,-392.6788935341592,-392.6788935341592,-114.61800122543052,-114.61800122543052,-114.61800122543052,-278.0608923087287,-278.0608923087287,-278.0608923087287,0.0,0.0,0.0,13223.831733794033
2023-04-30,13616.45253297404,12079.906288543885,14715.770086926135,13616.45253297404,13616.45253297404,-220.3720385400298,-220.3720385400298,-220.3720385400298,35.01398845779359,35.01398845779359,35.01398845779359,-255.38602699782336,-255.38602699782336,-255.38602699782336,0.0,0.0,0.0,13396.08049443401
2023-05-01,13616.394438619887,12009.76548228932,14554.481369117251,13616.394438619887,13616.394438619887,-366.52125770226377,-366.52125770226377,-366.52125770226377,-136.4307696791004,-136.4307696791004,-136.4307696791004,-230.0904880231634,-230.0904880231634,-230.0904880231634,0.0,0.0,0.0,13249.873180917624
2023-05-02,13616.336344265736,12215.519198175816,14806.412229237723,13616.336344265736,13616.336344265736,-119.7706660538432,-119.7706660538432,-119.7706660538432,83.05140624558277,83.05140624558277,83.05140624558277,-202.822072299426,-202.822072299426,-202.822072299426,0.0,0.0,0.0,13496.565678211893
2023-05-03,13616.278249911584,12207.00210660972,14711.947834746443,13616.278249911584,13616.278249911584,-160.28625248212415,-160.28625248212415,-160.28625248212415,14.000893596015157,14.000893596015157,14.000893596015157,-174.28714607813933,-174.28714607813933,-174.28714607813933,0.0,0.0,0.0,13455.991997429459
2023-05-04,13616.220155557432,12140.391995090491,14838.541379828614,13616.220155557432,13616.220155557432,-64.32245487880213,-64.32245487880213,-64.32245487880213,80.91051298029502,80.91051298029502,80.91051298029502,-145.2329678590972,-145.2329678590972,-145.2329678590972,0.0,0.0,0.0,13551.89770067863
2023-05-05,13616.16206120328,12314.072274378172,14859.735284906805,13616.16206120328,13616.16206120328,-78.35678142603943,-78.35678142603943,-78.35678142603943,38.071969625400826,38.071969625400826,38.071969625400826,-116.42875105144026,-116.42875105144026,-116.42875105144026,0.0,0.0,0.0,13537.805279777242
2023-05-06,13616.10396684913,12195.891931983908,14646.71305493271,13616.10396684913,13616.10396684913,-203.26394969053237,-203.26394969053237,-203.26394969053237,-114.61800122556282,-114.61800122556282,-114.61800122556282,-88.64594846496952,-88.64594846496952,-88.64594846496952,0.0,0.0,0.0,13412.840017158598
2023-05-07,13616.046231876884,12317.34900172533,14788.963653269533,13616.046231876884,13616.046231876884,-27.624277551278613,-27.624277551278613,-27.624277551278613,35.01398845762112,35.01398845762112,35.01398845762112,-62.63826600889973,-62.63826600889973,-62.63826600889973,0.0,0.0,0.0,13588.421954325606
2023-05-08,13615.988496904636,12119.60487277578,14785.645013932826,13615.988496904636,13615.988496904636,-175.5526946903514,-175.5526946903514,-175.5526946903514,-136.4307696790642,-136.4307696790642,-136.4307696790642,-39.12192501128719,-39.12192501128719,-39.12192501128719,0.0,0.0,0.0,13440.435802214284
2023-05-09,13615.93076193239,12471.398563201505,15041.442922568716,13615.93076193239,13615.93076193239,64.2947153305587,64.2947153305587,64.2947153305587,83.0514062459149,83.0514062459149,83.0514062459149,-18.756690915356202,-18.756690915356202,-18.756690915356202,0.0,0.0,0.0,13680.22547726295
2023-05-10,13615.873026960144,12304.004384232026,14960.265903418453,13615.873026960144,13615.873026960144,11.872722951970715,11.872722951970715,11.872722951970715,14.000893595594702,14.000893595594702,14.000893595594702,-2.128170643623987,-2.128170643623987,-2.128170643623987,0.0,0.0,0.0,13627.745749912114
2023-05-11,13615.815291987896,12487.433435413497,14975.508095684838,13615.815291987896,13615.815291987896,91.17866101941206,91.17866101941206,91.17866101941206,80.9105129801097,80.9105129801097,80.9105129801097,10.26814803930236,10.26814803930236,10.26814803930236,0.0,0.0,0.0,13706.993953007308
2023-05-12,13615.757557015651,12323.44797326796,15040.807413151639,13615.757557015651,13615.757557015651,56.11265328377999,56.11265328377999,56.11265328377999,38.07196962484108,38.07196962484108,38.07196962484108,18.04068365893891,18.04068365893891,18.04068365893891,0.0,0.0,0.0,13671.870210299432
2023-05-13,13615.699822043405,12160.718260650623,14727.562216729115,13615.699822043405,13615.699822043405,-93.70500441124615,-93.70500441124615,-93.70500441124615,-114.61800122569517,-114.61800122569517,-114.61800122569517,20.912996814449023,20.912996814449023,20.912996814449023,0.0,0.0,0.0,13521.99481763216
2023-05-14,13615.642087071159,12405.63877879773,14946.511142995725,13615.642087071159,13615.642087071159,53.74614939789954,53.74614939789954,53.74614939789954,35.01398845767704,35.01398845767704,35.01398845767704,18.732160940222503,18.732160940222503,18.732160940222503,0.0,0.0,0.0,13669.388236469058
2023-05-15,13615.584352098911,12186.391951243877,14751.722901659372,13615.584352098911,13615.584352098911,-124.95674226870553,-124.95674226870553,-124.95674226870553,-136.43076967912845,-136.43076967912845,-136.43076967912845,11.474027410422908,11.474027410422908,11.474027410422908,0.0,0.0,0.0,13490.627609830206
2023-05-16,13615.526617126665,12492.631686605135,14993.985272651833,13615.526617126665,13615.526617126665,82.29663061314686,82.29663061314686,82.29663061314686,83.05140624550592,83.05140624550592,83.05140624550592,-0.7547756323590612,-0.7547756323590612,-0.7547756323590612,0.0,0.0,0.0,13697.823247739812
2023-05-17,13615.468882154419,12279.232890891406,14877.804131471727,13615.468882154419,13615.468882154419,-3.717292848501032,-3.717292848501032,-3.717292848501032,14.000893596351887,14.000893596351887,14.000893596351887,-17.71818644485292,-17.71818644485292,-17.71818644485292,0.0,0.0,0.0,13611.751589305917
2023-05-18,13615.411147182172,12408.95521681273,14967.925838298628,13615.411147182172,13615.411147182172,41.85512994532945,41.85512994532945,41.85512994532945,80.91051298061484,80.91051298061484,80.91051298061484,-39.055383035285395,-39.055383035285395,-39.055383035285395,0.0,0.0,0.0,13657.266277127503
2023-05-19,13615.353412209924,12236.049729875067,14893.225300079675,13615.353412209924,13615.353412209924,-26.21671742482049,-26.21671742482049,-26.21671742482049,38.071969624936685,38.071969624936685,38.071969624936685,-64.28868704975717,-64.28868704975717,-64.28868704975717,0.0,0.0,0.0,13589.136694785104
2023-05-20,13615.295677237678,12033.748324038464,14691.944261399185,13615.295677237678,13615.295677237678,-207.45251399554203,-207.45251399554203,-207.45251399554203,-114.61800122571353,-114.61800122571353,-114.61800122571353,-92.83451276982848,-92.83451276982848,-92.83451276982848,0.0,0.0,0.0,13407.843163242136
2023-05-21,13615.237942265434,12119.653182624537,14663.717020773543,13615.237942265434,13615.237942265434,-89.00310594428427,-89.00310594428427,-89.00310594428427,35.01398845750455,35.01398845750455,35.01398845750455,-124.01709440178882,-124.01709440178882,-124.01709440178882,0.0,0.0,0.0,13526.23483632115
2023-05-22,13615.180207293186,12057.149319005373,14546.904477917524,13615.180207293186,13615.180207293186,-293.5154197279184,-293.5154197279184,-293.5154197279184,-136.43076967909226,-136.43076967909226,-136.43076967909226,-157.08465004882618,-157.08465004882618,-157.08465004882618,0.0,0.0,0.0,13321.664787565267
2023-05-23,13615.12247232094,12197.516333764755,14797.912643325986,13615.12247232094,13615.12247232094,-108.1761683821561,-108.1761683821561,-108.1761683821561,83.05140624583804,83.05140624583804,83.05140624583804,-191.22757462799416,-191.22757462799416,-191.22757462799416,0.0,0.0,0.0,13506.946303938783
2023-05-24,13615.064737348694,12155.573035980962,14800.773285616144,13615.064737348694,13615.064737348694,-211.59730476059622,-211.59730476059622,-211.59730476059622,14.000893595931439,14.000893595931439,14.000893595931439,-225.59819835652766,-225.59819835652766,-225.59819835652766,0.0,0.0,0.0,13403.467432588097
2023-05-25,13615.007002376447,11990.455584394957,14710.795557355501,13615.007002376447,13615.007002376447,-178.42109088209645,-178.42109088209645,-178.42109088209645,80.91051298042953,80.91051298042953,80.91051298042953,-259.331603862526,-259.331603862526,-259.331603862526,0.0,0.0,0.0,13436.58591149435
2023-05-26,13614.9492674042,12038.793227471348,14576.093625496846,13614.9492674042,13614.9492674042,-253.49499507788883,-253.49499507788883,-253.49499507788883,38.071969625327384,38.071969625327384,38.071969625327384,-291.56696470321623,-291.56696470321623,-291.56696470321623,0.0,0.0,0.0,13361.454272326311
2023-05-27,13614.891532431953,11934.583078649684,14512.15779193284,13614.891532431953,13614.891532431953,-436.0868532309714,-436.0868532309714,-436.0868532309714,-114.61800122584587,-114.61800122584587,-114.61800122584587,-321.46885200512554,-321.46885200512554,-321.46885200512554,0.0,0.0,0.0,13178.80467920098
2023-05-28,13614.833797459707,11956.884865325006,14584.827529693013,13614.833797459707,13614.833797459707,-313.23396612610287,-313.23396612610287,-313.23396612610287,35.013988457788884,35.013988457788884,35.013988457788884,-348.2479545838917,-348.2479545838917,-348.2479545838917,0.0,0.0,0.0,13301.599831333604
2023-05-29,13614.776062487459,11760.82775187465,14435.925530859677,13614.776062487459,13614.776062487459,-507.6114410400139,-507.6114410400139,-507.6114410400139,-136.43076967913495,-136.43076967913495,-136.43076967913495,-371.18067136087893,-371.18067136087893,-371.18067136087893,0.0,0.0,0.0,13107.164621447446
2023-05-30,13614.718785170282,12015.363267632325,14549.712595664307,13614.718785170282,13614.718785170282,-306.5756566582021,-306.5756566582021,-306.5756566582021,83.05140624517611,83.05140624517611,83.05140624517611,-389.62706290337826,-389.62706290337826,-389.62706290337826,0.0,0.0,0.0,13308.14312851208
2023-05-31,13614.661507853103,11995.01292878942,14509.843420757963,13614.661507853103,13614.661507853103,-389.04579717291006,-389.04579717291006,-389.04579717291006,14.000893595910744,14.000893595910744,14.000893595910744,-403.04669076882084,-403.04669076882084,-403.04669076882084,0.0,0.0,0.0,13225.615710680193
2023-06-01,13614.604230535926,11977.397292168094,14613.40635671921,13614.604230535926,13614.604230535926,-330.1014149991231,-330.1014149991231,-330.1014149991231,80.91051298093467,80.91051298093467,80.91051298093467,-411.0119279800578,-411.0119279800578,-411.0119279800578,0.0,0.0,0.0,13284.502815536804
2023-06-02,13614.546953218747,12046.485643628834,14593.839691173194,13614.546953218747,13614.546953218747,-375.1464203508952,-375.1464203508952,-375.1464203508952,38.07196962542299,38.07196962542299,38.07196962542299,-413.2183899763182,-413.2183899763182,-413.2183899763182,0.0,0.0,0.0,13239.400532867852
2023-06-03,13614.48967590157,11790.753760246216,14411.810559480851,13614.48967590157,13614.48967590157,-524.1102122599032,-524.1102122599032,-524.1102122599032,-114.61800122597822,-114.61800122597822,-114.61800122597822,-409.492211033925,-409.492211033925,-409.492211033925,0.0,0.0,0.0,13090.379463641668
2023-06-04,13614.432398584391,11966.731263543097,14568.888617675115,13614.432398584391,13614.432398584391,-364.7799859756033,-364.7799859756033,-364.7799859756033,35.01398845761642,35.01398845761642,35.01398845761642,-399.7939744332197,-399.7939744332197,-399.7939744332197,0.0,0.0,0.0,13249.652412608788
2023-06-05,13614.375121267212,11759.765890345092,14419.393132163183,13614.375121267212,13614.375121267212,-520.6499630124339,-520.6499630124339,-520.6499630124339,-136.43076967909874,-136.43076967909874,-136.43076967909874,-384.2191933333351,-384.2191933333351,-384.2191933333351,0.0,0.0,0.0,13093.725158254778
2023-06-06,13614.317843950033,12033.706864034135,14573.742661718272,13614.317843950033,13614.317843950033,-279.9439247832502,-279.9439247832502,-279.9439247832502,83.05140624550825,83.05140624550825,83.05140624550825,-362.9953310287585,-362.9953310287585,-362.9953310287585,0.0,0.0,0.0,13334.373919166783
2023-06-07,13614.260566632856,12016.49761324382,14667.285443321885,13614.260566632856,13614.260566632856,-322.474547926428,-322.474547926428,-322.474547926428,14.0008935960791,14.0008935960791,14.0008935960791,-336.4754415225071,-336.4754415225071,-336.4754415225071,0.0,0.0,0.0,13291.786018706429
2023-06-08,13614.203289315677,12013.198212010268,14634.342603102414,13614.203289315677,13614.203289315677,-224.21808868682703,-224.21808868682703,-224.21808868682703,80.9105129800589,80.9105129800589,80.9105129800589,-305.1286016668859,-305.1286016668859,-305.1286016668859,0.0,0.0,0.0,13389.985200628851
2023-06-09,13614.146011998499,12075.908019052893,14726.433283306225,13614.146011998499,13614.146011998499,-231.4554224048862,-231.4554224048862,-231.4554224048862,38.07196962551859,38.07196962551859,38.07196962551859,-269.5273920304048,-269.5273920304048,-269.5273920304048,0.0,0.0,0.0,13382.690589593612
2023-06-10,13614.088734681322,11941.138410183152,14522.355180573855,13614.088734681322,13614.088734681322,-344.95076403066525,-344.95076403066525,-344.95076403066525,-114.6180012256201,-114.6180012256201,-114.6180012256201,-230.33276280504515,-230.33276280504515,-230.33276280504515,0.0,0.0,0.0,13269.137970650656
2023-06-11,13614.031457364143,12193.204938058552,14832.316606298931,13614.031457364143,13614.031457364143,-153.26270284989312,-153.26270284989312,-153.26270284989312,35.013988457650676,35.013988457650676,35.013988457650676,-188.2766913075438,-188.2766913075438,-188.2766913075438,0.0,0.0,0.0,13460.768754514249
2023-06-12,13613.974180046966,12096.764318375335,14623.565491110438,13613.974180046966,13613.974180046966,-280.5738666766649,-280.5738666766649,-280.5738666766649,-136.43076967914146,-136.43076967914146,-136.43076967914146,-144.14309699752346,-144.14309699752346,-144.14309699752346,0.0,0.0,0.0,13333.4003133703
2023-06-13,13613.916902729787,12277.571693417096,14858.085623948944,13613.916902729787,13613.916902729787,-15.696120568692658,-15.696120568692658,-15.696120568692658,83.05140624546982,83.05140624546982,83.05140624546982,-98.74752681416248,-98.74752681416248,-98.74752681416248,0.0,0.0,0.0,13598.220782161094
2023-06-14,13613.859625412608,12272.173878273023,14784.115461558798,13613.859625412608,13613.859625412608,-38.91526308674072,-38.91526308674072,-38.91526308674072,14.000893596247458,14.000893596247458,14.000893596247458,-52.91615668298818,-52.91615668298818,-52.91615668298818,0.0,0.0,0.0,13574.944362325867
2023-06-15,13613.802348095429,12308.993757266988,14956.875101352112,13613.802348095429,13613.802348095429,73.44583962361665,73.44583962361665,73.44583962361665,80.91051298056402,80.91051298056402,80.91051298056402,-7.46467335694737,-7.46467335694737,-7.46467335694737,0.0,0.0,0.0,13687.248187719046
2023-06-16,13613.745070778252,12420.263390435586,15036.70801858928,13613.745070778252,13613.745070778252,74.8943658574906,74.8943658574906,74.8943658574906,38.07196962590928,38.07196962590928,38.07196962590928,36.82239623158131,36.82239623158131,36.82239623158131,0.0,0.0,0.0,13688.639436635742
2023-06-17,13613.687793461073,12320.1194627119,14801.814303613108,13613.687793461073,13613.687793461073,-35.40664790628602,-35.40664790628602,-35.40664790628602,-114.61800122526203,-114.61800122526203,-114.61800122526203,79.21135331897601,79.21135331897601,79.21135331897601,0.0,0.0,0.0,13578.281145554787
2023-06-18,13613.630516143896,12463.623721540218,15044.879980656046,13613.630516143896,13613.630516143896,154.05145452086964,154.05145452086964,154.05145452086964,35.01398845770661,35.01398845770661,35.01398845770661,119.03746606316301,119.03746606316301,119.03746606316301,0.0,0.0,0.0,13767.681970664766
2023-06-19,13613.573238826717,12391.472716666452,14930.504752690546,13613.573238826717,13613.573238826717,19.290323614199686,19.290323614199686,19.290323614199686,-136.43076967902638,-136.43076967902638,-136.43076967902638,155.72109329322606,155.72109329322606,155.72109329322606,0.0,0.0,0.0,13632.863562440916
2023-06-20,13613.51596150954,12610.77866386431,15207.410436341917,13613.51596150954,13613.51596150954,271.83276925496745,271.83276925496745,271.83276925496745,83.05140624543141,83.05140624543141,83.05140624543141,188.78136300953605,188.78136300953605,188.78136300953605,0.0,0.0,0.0,13885.348730764508
2023-06-21,13613.45868419236,12406.760497214078,15065.82211880354,13613.45868419236,13613.45868419236,231.8479359408301,231.8479359408301,231.8479359408301,14.000893595827025,14.000893595827025,14.000893595827025,217.84704234500308,217.84704234500308,217.84704234500308,0.0,0.0,0.0,13845.30662013319
2023-06-22,13613.401407440337,12643.736489469622,15270.525230753985,13613.401407440337,13613.401407440337,323.57482562949326,323.57482562949326,323.57482562949326,80.9105129805337,80.9105129805337,80.9105129805337,242.66431264895954,242.66431264895954,242.66431264895954,0.0,0.0,0.0,13936.97623306983
2023-06-23,13613.344130688312,12675.397851301435,15162.894140915503,13613.344130688312,13613.344130688312,301.1732178340605,301.1732178340605,301.1732178340605,38.07196962534953,38.07196962534953,38.07196962534953,263.101248208711,263.101248208711,263.101248208711,0.0,0.0,0.0,13914.517348522373
2023-06-24,13613.286853936288,12528.383896186468,15032.160785602991,13613.286853936288,13613.286853936288,164.53088634560126,164.53088634560126,164.53088634560126,-114.61800122539435,-114.61800122539435,-114.61800122539435,279.1488875709956,279.1488875709956,279.1488875709956,0.0,0.0,0.0,13777.81774028189
2023-06-25,13613.229577184266,12610.127512032186,15222.066694200792,13613.229577184266,13613.229577184266,325.9328684604785,325.9328684604785,325.9328684604785,35.01398845776253,35.01398845776253,35.01398845776253,290.918880002716,290.918880002716,290.918880002716,0.0,0.0,0.0,13939.162445644744
2023-06-26,13613.172300432241,12475.59138842004,15040.22845076149,13613.172300432241,13613.172300432241,162.2070140968214,162.2070140968214,162.2070140968214,-136.4307696790906,-136.4307696790906,-136.4307696790906,298.637783775912,298.637783775912,298.637783775912,0.0,0.0,0.0,13775.379314529062
2023-06-27,13613.115023680219,12679.00276129719,15266.458555463854,13613.115023680219,13613.115023680219,385.68959133670194,385.68959133670194,385.68959133670194,83.05140624514004,83.05140624514004,83.05140624514004,302.63818509156187,302.63818509156187,302.63818509156187,0.0,0.0,0.0,13998.804615016921
2023-06-28,13613.057746928194,12669.172820695256,15205.174279478664,13613.057746928194,13613.057746928194,317.34778763617624,317.34778763617624,317.34778763617624,14.000893595406584,14.000893595406584,14.000893595406584,303.3468940407697,303.3468940407697,303.3468940407697,0.0,0.0,0.0,13930.40553456437
2023-06-29,13613.00047017617,12700.697086042685,15330.678354931153,13613.00047017617,13613.00047017617,382.1810676118787,382.1810676118787,382.1810676118787,80.91051298034839,80.91051298034839,80.91051298034839,301.27055463153033,301.27055463153033,301.27055463153033,0.0,0.0,0.0,13995.181537788048
2023-06-30,13612.94319342415,12634.445468803724,15245.387491894111,13612.94319342415,13612.94319342415,335.0510469658517,335.0510469658517,335.0510469658517,38.07196962610048,38.07196962610048,38.07196962610048,296.97907733975126,296.97907733975126,296.97907733975126,0.0,0.0,0.0,13947.99424039
2023-07-01,13612.885916672125,12502.454707864194,15102.746082312326,13612.885916672125,13612.885916672125,176.46936169752857,176.46936169752857,176.46936169752857,-114.61800122552668,-114.61800122552668,-114.61800122552668,291.08736292305525,291.08736292305525,291.08736292305525,0.0,0.0,0.0,13789.355278369654
2023-07-02,13612.8286399201,12654.752256939717,15251.584052942024,13612.8286399201,13612.8286399201,319.2498221135625,319.2498221135625,319.2498221135625,35.01398845759005,35.01398845759005,35.01398845759005,284.23583365597244,284.23583365597244,284.23583365597244,0.0,0.0,0.0,13932.078462033664
2023-07-03,13612.771363168078,12574.36446140747,15087.145456319307,13612.771363168078,13612.771363168078,140.63955172458765,140.63955172458765,140.63955172458765,-136.43076967905438,-136.43076967905438,-136.43076967905438,277.070321403642,277.070321403642,277.070321403642,0.0,0.0,0.0,13753.410914892665
2023-07-04,13612.714086416054,12771.918226590973,15271.848126352295,13612.714086416054,13612.714086416054,353.2732863393319,353.2732863393319,353.2732863393319,83.05140624547217,83.05140624547217,83.05140624547217,270.22188009385974,270.22188009385974,270.22188009385974,0.0,0.0,0.0,13965.987372755386
2023-07-05,13612.656809664031,12519.937899608894,15157.18339323927,13612.656809664031,13612.656809664031,278.28798624406795,278.28798624406795,278.28798624406795,14.000893595574942,14.000893595574942,14.000893595574942,264.28709264849306,264.28709264849306,264.28709264849306,0.0,0.0,0.0,13890.944795908099
2023-07-06,13612.599532912007,12794.685417559045,15285.169352476909,13612.599532912007,13612.599532912007,340.7199421870314,340.7199421870314,340.7199421870314,80.91051298016308,80.91051298016308,80.91051298016308,259.8094292068683,259.8094292068683,259.8094292068683,0.0,0.0,0.0,13953.319475099039
2023-07-07,13612.542256159983,12553.413876384417,15147.98247174958,13612.542256159983,13612.542256159983,295.33415446189645,295.33415446189645,295.33415446189645,38.071969625540746,38.071969625540746,38.071969625540746,257.2621848363557,257.2621848363557,257.2621848363557,0.0,0.0,0.0,13907.876410621879
2023-07-08,13612.48497940796,12477.7096624947,15015.740754161929,13612.48497940796,13612.48497940796,142.41548042755824,142.41548042755824,142.41548042755824,-114.61800122554506,-114.61800122554506,-114.61800122554506,257.0334816531033,257.0334816531033,257.0334816531033,0.0,0.0,0.0,13754.900459835519
2023-07-09,13612.427702655936,12675.526088781284,15187.875738625644,13612.427702655936,13612.427702655936,294.4277519810112,294.4277519810112,294.4277519810112,35.01398845741759,35.01398845741759,35.01398845741759,259.4137635235936,259.4137635235936,259.4137635235936,0.0,0.0,0.0,13906.855454636947
2023-07-10,13612.370425903911,12465.743404761084,15023.251533488554,13612.370425903911,13612.370425903911,128.15537314802145,128.15537314802145,128.15537314802145,-136.4307696790971,-136.4307696790971,-136.4307696790971,264.5861428271186,264.5861428271186,264.5861428271186,0.0,0.0,0.0,13740.525799051933
2023-07-11,13612.313149151889,12717.379273483228,15252.799274922827,13612.313149151889,13612.313149151889,355.67128624474435,355.67128624474435,355.67128624474435,83.05140624506319,83.05140624506319,83.05140624506319,272.6198799996812,272.6198799996812,272.6198799996812,0.0,0.0,0.0,13967.984435396633
2023-07-12,13612.255872399865,12658.151555378325,15212.718013227523,13612.255872399865,13612.255872399865,297.4680834926687,297.4680834926687,297.4680834926687,14.000893595743314,14.000893595743314,14.000893595743314,283.46718989692533,283.46718989692533,283.46718989692533,0.0,0.0,0.0,13909.723955892534
2023-07-13,13612.198595647842,12726.016103171749,15310.827117167219,13612.198595647842,13612.198595647842,377.8739897651396,377.8739897651396,377.8739897651396,80.91051298013275,80.91051298013275,80.91051298013275,296.9634767850069,296.9634767850069,296.9634767850069,0.0,0.0,0.0,13990.072585412981
2023-07-14,13612.141318895818,12747.590439611824,15244.78054222442,13612.141318895818,13612.141318895818,350.90297414307236,350.90297414307236,350.90297414307236,38.07196962563634,38.07196962563634,38.07196962563634,312.831004517436,312.831004517436,312.831004517436,0.0,0.0,0.0,13963.04429303889
2023-07-15,13612.084042143793,12599.755363786056,15039.85834630979,13612.084042143793,13612.084042143793,216.06791157607333,216.06791157607333,216.06791157607333,-114.61800122518694,-114.61800122518694,-114.61800122518694,330.68591280126026,330.68591280126026,330.68591280126026,0.0,0.0,0.0,13828.151953719867
2023-07-16,13612.026765562096,12765.028955891474,15302.692256203782,13612.026765562096,13612.026765562096,385.06238548901365,385.06238548901365,385.06238548901365,35.013988457473516,35.013988457473516,35.013988457473516,350.04839703154016,350.04839703154016,350.04839703154016,0.0,0.0,0.0,13997.08915105111
2023-07-17,13611.969488980396,12644.43845862383,15218.019472137838,13611.969488980396,13611.969488980396,233.9250108696461,233.9250108696461,233.9250108696461,-136.43076967906092,-136.43076967906092,-136.43076967906092,370.355780548707,370.355780548707,370.355780548707,0.0,0.0,0.0,13845.894499850043
2023-07-18,13611.912212398694,12708.664429532639,15388.881053409927,13611.912212398694,13611.912212398694,474.0295330491375,474.0295330491375,474.0295330491375,83.05140624539533,83.05140624539533,83.05140624539533,390.9781268037422,390.9781268037422,390.9781268037422,0.0,0.0,0.0,14085.941745447832
2023-07-19,13611.854935816995,12652.864437229446,15369.271721363228,13611.854935816995,13611.854935816995,425.2368606442269,425.2368606442269,425.2368606442269,14.00089359572262,14.00089359572262,14.00089359572262,411.2359670485042,411.2359670485042,411.2359670485042,0.0,0.0,0.0,14037.091796461222
2023-07-20,13611.797659235293,12728.905219349374,15402.87903391728,13611.797659235293,13611.797659235293,511.33017178395147,511.33017178395147,511.33017178395147,80.91051297994743,80.91051297994743,80.91051297994743,430.41965880400403,430.41965880400403,430.41965880400403,0.0,0.0,0.0,14123.127831019245
2023-07-21,13611.740382653594,12853.01245720808,15353.093368135236,13611.740382653594,13611.740382653594,485.8818127932433,485.8818127932433,485.8818127932433,38.07196962507659,38.07196962507659,38.07196962507659,447.8098431681667,447.8098431681667,447.8098431681667,0.0,0.0,0.0,14097.622195446836
2023-07-22,13611.683106071892,12653.533921306613,15316.503874669905,13611.683106071892,13611.683106071892,348.0804351250588,348.0804351250588,348.0804351250588,-114.61800122580973,-114.61800122580973,-114.61800122580973,462.6984363508685,462.6984363508685,462.6984363508685,0.0,0.0,0.0,13959.763541196951
2023-07-23,13611.625829490193,12778.215630816558,15367.02132110282,13611.625829490193,13611.625829490193,509.42356203087974,509.42356203087974,509.42356203087974,35.01398845796456,35.01398845796456,35.01398845796456,474.4095735729152,474.4095735729152,474.4095735729152,0.0,0.0,0.0,14121.049391521072
2023-07-24,13611.568552908493,12761.775963814847,15232.9633200484,13611.568552908493,13611.568552908493,345.88915247519213,345.88915247519213,345.88915247519213,-136.43076967912515,-136.43076967912515,-136.43076967912515,482.3199221543173,482.3199221543173,482.3199221543173,0.0,0.0,0.0,13957.457705383686
2023-07-25,13611.511276326793,12975.120173597277,15521.057072898147,13611.511276326793,13611.511276326793,568.9292015601989,568.9292015601989,568.9292015601989,83.05140624535689,83.05140624535689,83.05140624535689,485.87779531484193,485.87779531484193,485.87779531484193,0.0,0.0,0.0,14180.440477886992
2023-07-26,13611.453999745094,12842.261718920932,15370.788472590837,13611.453999745094,13611.453999745094,498.62142213546326,498.62142213546326,498.62142213546326,14.000893595302172,14.000893595302172,14.000893595302172,484.62052854016105,484.62052854016105,484.62052854016105,0.0,0.0,0.0,14110.075421880558
2023-07-27,13611.396723163392,12896.940701208558,15435.998709374293,13611.396723163392,13611.396723163392,559.1001385129172,559.1001385129172,559.1001385129172,80.91051298045255,80.91051298045255,80.91051298045255,478.1896255324647,478.1896255324647,478.1896255324647,0.0,0.0,0.0,14170.496861676309
2023-07-28,13611.339446581693,12805.14579355732,15377.762836732376,13611.339446581693,13611.339446581693,504.41520918970855,504.41520918970855,504.41520918970855,38.0719696251722,38.0719696251722,38.0719696251722,466.3432395645363,466.3432395645363,466.3432395645363,0.0,0.0,0.0,14115.754655771401
2023-07-29,13611.282169999991,12620.655877587733,15144.79355402051,13611.282169999991,13611.282169999991,334.34762567339965,334.34762567339965,334.34762567339965,-114.61800122545162,-114.61800122545162,-114.61800122545162,448.9656268988513,448.9656268988513,448.9656268988513,0.0,0.0,0.0,13945.62979567339
2023-07-30,13611.224893418292,12759.868815688977,15305.330857751893,13611.224893418292,13611.224893418292,461.0872783722331,461.0872783722331,461.0872783722331,35.013988457792095,35.013988457792095,35.013988457792095,426.073289914441,426.073289914441,426.073289914441,0.0,0.0,0.0,14072.312171790525
2023-07-31,13611.16761683659,12552.67373367278,15125.897249992227,13611.16761683659,13611.16761683659,261.38684682748743,261.38684682748743,261.38684682748743,-136.43076967908894,-136.43076967908894,-136.43076967908894,397.81761650657637,397.81761650657637,397.81761650657637,0.0,0.0,0.0,13872.554463664077
2023-08-01,13611.110340254892,12803.838579083747,15322.90874513198,13611.110340254892,13611.110340254892,447.53532302332627,447.53532302332627,447.53532302332627,83.05140624568902,83.05140624568902,83.05140624568902,364.48391677763726,364.48391677763726,364.48391677763726,0.0,0.0,0.0,14058.64566327822
2023-08-02,13611.053063673191,12674.010795970373,15182.791479059113,13611.053063673191,13611.053063673191,340.4877490502677,340.4877490502677,340.4877490502677,14.000893596059356,14.000893596059356,14.000893596059356,326.4868554542083,326.4868554542083,326.4868554542083,0.0,0.0,0.0,13951.540812723459
2023-08-03,13610.995787091491,12787.647618092431,15266.182175143505,13610.995787091491,13610.995787091491,365.2728891800899,365.2728891800899,365.2728891800899,80.91051297957678,80.91051297957678,80.91051297957678,284.36237620051315,284.36237620051315,284.36237620051315,0.0,0.0,0.0,13976.268676271582
2023-08-04,13610.938510509792,12561.888480635173,15197.6350118289,13610.938510509792,13610.938510509792,276.8282790130127,276.8282790130127,276.8282790130127,38.071969625562915,38.071969625562915,38.071969625562915,238.75630938744985,238.75630938744985,238.75630938744985,0.0,0.0,0.0,13887.766789522804
2023-08-05,13610.88123392809,12451.150181160245,15042.001019416604,13610.88123392809,13610.88123392809,75.79194410026795,75.79194410026795,75.79194410026795,-114.61800122558395,-114.61800122558395,-114.61800122558395,190.4099453258519,190.4099453258519,190.4099453258519,0.0,0.0,0.0,13686.673178028359
2023-08-06,13610.82395734639,12510.313665424095,15004.566563552266,13610.82395734639,13610.82395734639,175.15692647348138,175.15692647348138,175.15692647348138,35.01398845761963,35.01398845761963,35.01398845761963,140.14293801586174,140.14293801586174,140.14293801586174,0.0,0.0,0.0,13785.980883819871
2023-08-07,13610.76668076469,12328.245033893372,14858.815811250202,13610.76668076469,13610.76668076469,-47.596791848124994,-47.596791848124994,-47.596791848124994,-136.43076967913163,-136.43076967913163,-136.43076967913163,88.83397783100665,88.83397783100665,88.83397783100665,0.0,0.0,0.0,13563.169888916564
2023-08-08,13610.709405875376,12362.407473551277,14911.335056512919,13610.709405875376,13610.709405875376,120.451139510678,120.451139510678,120.451139510678,83.0514062456506,83.0514062456506,83.0514062456506,37.3997332650274,37.3997332650274,37.3997332650274,0.0,0.0,0.0,13731.160545386054
2023-08-09,13610.652130986062,12273.44282577625,14944.939722413592,13610.652130986062,13610.652130986062,0.7735037930576149,0.7735037930576149,0.7735037930576149,14.000893595449828,14.000893595449828,14.000893595449828,-13.227389802392212,-13.227389802392212,-13.227389802392212,0.0,0.0,0.0,13611.42563477912
2023-08-10,13610.594856096748,12279.788775246885,14868.093926886797,13610.594856096748,13610.594856096748,18.788423785760063,18.788423785760063,18.788423785760063,80.91051298008192,80.91051298008192,80.91051298008192,-62.12208919432186,-62.12208919432186,-62.12208919432186,0.0,0.0,0.0,13629.383279882508
2023-08-11,13610.537581207436,12168.609048329077,14808.842927808306,13610.537581207436,13610.537581207436,-70.31703807578624,-70.31703807578624,-70.31703807578624,38.0719696256585,38.0719696256585,38.0719696256585,-108.38900770144474,-108.38900770144474,-108.38900770144474,0.0,0.0,0.0,13540.22054313165
2023-08-12,13610.480306318123,12086.359354055756,14605.572666099233,13610.480306318123,13610.480306318123,-265.8029736207519,-265.8029736207519,-265.8029736207519,-114.61800122522587,-114.61800122522587,-114.61800122522587,-151.18497239552605,-151.18497239552605,-151.18497239552605,0.0,0.0,0.0,13344.67733269737
2023-08-13,13610.423031428809,12181.08251999226,14624.6389213399,13610.423031428809,13610.423031428809,-154.72605561450817,-154.72605561450817,-154.72605561450817,35.013988457675545,35.013988457675545,35.013988457675545,-189.7400440721837,-189.7400440721837,-189.7400440721837,0.0,0.0,0.0,13455.6969758143
2023-08-14,13610.365756539495,12045.997164163431,14471.861391872859,13610.365756539495,13610.365756539495,-359.807588599336,-359.807588599336,-359.807588599336,-136.43076967901655,-136.43076967901655,-136.43076967901655,-223.37681892031944,-223.37681892031944,-223.37681892031944,0.0,0.0,0.0,13250.558167940158
2023-08-15,13610.308481650181,12150.868506577206,14721.842168890538,13610.308481650181,13610.308481650181,-168.47606325599352,-168.47606325599352,-168.47606325599352,83.05140624535923,83.05140624535923,83.05140624535923,-251.52746950135275,-251.52746950135275,-251.52746950135275,0.0,0.0,0.0,13441.832418394188
2023-08-16,13610.25120676087,12153.406139462344,14668.841616289692,13610.25120676087,13610.25120676087,-259.74717730593864,-259.74717730593864,-259.74717730593864,14.000893596207005,14.000893596207005,14.000893596207005,-273.7480709021456,-273.7480709021456,-273.7480709021456,0.0,0.0,0.0,13350.50402945493
2023-08-17,13610.193931871556,12165.005040536205,14667.801566233913,13610.193931871556,13610.193931871556,-208.8193159131858,-208.8193159131858,-208.8193159131858,80.91051298058706,80.91051298058706,80.91051298058706,-289.72982889377283,-289.72982889377283,-289.72982889377283,0.0,0.0,0.0,13401.37461595837
2023-08-18,13610.136656982242,12061.734592211753,14645.727387593246,13610.136656982242,13610.136656982242,-261.2349385601119,-261.2349385601119,-261.2349385601119,38.07196962509875,38.07196962509875,38.07196962509875,-299.30690818521066,-299.30690818521066,-299.30690818521066,0.0,0.0,0.0,13348.90171842213
2023-08-19,13610.079382092928,11945.54262364365,14477.044463232764,13610.079382092928,13610.079382092928,-417.0786494475786,-417.0786494475786,-417.0786494475786,-114.61800122535821,-114.61800122535821,-114.61800122535821,-302.46064822222036,-302.46064822222036,-302.46064822222036,0.0,0.0,0.0,13193.00073264535
2023-08-20,13610.022107203615,12080.316464535763,14626.137002563322,13610.022107203615,13610.022107203615,-264.3060605778587,-264.3060605778587,-264.3060605778587,35.013988457481446,35.013988457481446,35.013988457481446,-299.32004903534016,-299.32004903534016,-299.32004903534016,0.0,0.0,0.0,13345.716046625756
2023-08-21,13609.964832314303,11917.860687537392,14558.148298932456,13609.964832314303,13609.964832314303,-426.5892775188018,-426.5892775188018,-426.5892775188018,-136.43076967905927,-136.43076967905927,-136.43076967905927,-290.1585078397425,-290.1585078397425,-290.1585078397425,0.0,0.0,0.0,13183.3755547955
2023-08-22,13609.90755742499,12066.854096745452,14659.175162698293,13609.90755742499,13609.90755742499,-192.33547955081042,-192.33547955081042,-192.33547955081042,83.0514062453208,83.0514062453208,83.0514062453208,-275.3868857961312,-275.3868857961312,-275.3868857961312,0.0,0.0,0.0,13417.572077874178
2023-08-23,13609.850282535675,12082.45348304268,14659.350757588505,13609.850282535675,13609.850282535675,-241.54218731229787,-241.54218731229787,-241.54218731229787,14.000893595786565,14.000893595786565,14.000893595786565,-255.54308090808445,-255.54308090808445,-255.54308090808445,0.0,0.0,0.0,13368.308095223378
2023-08-24,13609.793007646362,12154.596812431795,14680.453220488562,13609.793007646362,13609.793007646362,-150.3678619000719,-150.3678619000719,-150.3678619000719,80.91051298040175,80.91051298040175,80.91051298040175,-231.2783748804736,-231.2783748804736,-231.2783748804736,0.0,0.0,0.0,13459.42514574629
2023-08-25,13609.735732757048,12260.445092303944,14755.49202776716,13609.735732757048,13609.735732757048,-165.26893681113665,-165.26893681113665,-165.26893681113665,38.0719696258497,38.0719696258497,38.0719696258497,-203.34090643698633,-203.34090643698633,-203.34090643698633,0.0,0.0,0.0,13444.466795945911
2023-08-26,13609.678457867736,12072.144669023008,14640.284715888127,13609.678457867736,13609.678457867736,-287.1747000719542,-287.1747000719542,-287.1747000719542,-114.618001225867,-114.618001225867,-114.618001225867,-172.5566988460872,-172.5566988460872,-172.5566988460872,0.0,0.0,0.0,13322.503757795783
2023-08-27,13609.621182978422,12136.355552401208,14800.922633927983,13609.621182978422,13609.621182978422,-104.79474477480153,-104.79474477480153,-104.79474477480153,35.01398845776574,35.01398845776574,35.01398845776574,-139.80873323256725,-139.80873323256725,-139.80873323256725,0.0,0.0,0.0,13504.826438203621
2023-08-28,13609.563908089109,12105.439087875407,14666.100588045094,13609.563908089109,13609.563908089109,-242.44537966504444,-242.44537966504444,-242.44537966504444,-136.43076967910199,-136.43076967910199,-136.43076967910199,-106.01460998594249,-106.01460998594249,-106.01460998594249,0.0,0.0,0.0,13367.118528424064
2023-08-29,13609.506633199795,12442.526667833148,14982.434946919535,13609.506633199795,13609.506633199795,10.948029372034846,10.948029372034846,10.948029372034846,83.05140624565294,83.05140624565294,83.05140624565294,-72.1033768736181,-72.1033768736181,-72.1033768736181,0.0,0.0,0.0,13620.45466257183
2023-08-30,13609.449358310483,12220.863942402328,14952.424794186863,13609.449358310483,13609.449358310483,-24.991229812073172,-24.991229812073172,-24.991229812073172,14.000893595954937,14.000893595954937,14.000893595954937,-38.99212340802811,-38.99212340802811,-38.99212340802811,0.0,0.0,0.0,13584.45812849841
2023-08-31,13609.39208342117,12402.755990265337,14940.821352025841,13609.39208342117,13609.39208342117,73.34756690756423,73.34756690756423,73.34756690756423,80.91051298106188,80.91051298106188,80.91051298106188,-7.562946073497654,-7.562946073497654,-7.562946073497654,0.0,0.0,0.0,13682.739650328735
2023-09-01,13609.334808531856,12397.998192501516,14873.868502625563,13609.334808531856,13609.334808531856,59.431091518238965,59.431091518238965,59.431091518238965,38.07196962528996,38.07196962528996,38.07196962528996,21.359121892949005,21.359121892949005,21.359121892949005,0.0,0.0,0.0,13668.765900050095
2023-09-02,13609.277533642542,12228.4901140977,14830.003497629827,13609.277533642542,13609.277533642542,-67.59135219906727,-67.59135219906727,-67.59135219906727,-114.61800122599934,-114.61800122599934,-114.61800122599934,47.02664902693206,47.02664902693206,47.02664902693206,0.0,0.0,0.0,13541.686181443474
2023-09-03,13609.220258753228,12451.926912100816,14973.744050917394,13609.220258753228,13609.220258753228,103.80227521310462,103.80227521310462,103.80227521310462,35.013988457593264,35.013988457593264,35.013988457593264,68.78828675551136,68.78828675551136,68.78828675551136,0.0,0.0,0.0,13713.022533966334
2023-09-04,13609.162983863916,12207.738258764639,14756.182670427796,13609.162983863916,13609.162983863916,-50.326047127735166,-50.326047127735166,-50.326047127735166,-136.43076967906575,-136.43076967906575,-136.43076967906575,86.10472255133061,86.10472255133061,86.10472255133061,0.0,0.0,0.0,13558.836936736181
2023-09-05,13609.105708974603,12507.881458665857,15111.297254458328,13609.105708974603,13609.105708974603,181.61310817999302,181.61310817999302,181.61310817999302,83.05140624499101,83.05140624499101,83.05140624499101,98.56170193500203,98.56170193500203,98.56170193500203,0.0,0.0,0.0,13790.718817154595
2023-09-06,13609.048434085289,12419.969667581045,15020.71969709444,13609.048434085289,13609.048434085289,119.88068747941647,119.88068747941647,119.88068747941647,14.0008935961233,14.0008935961233,14.0008935961233,105.87979388329319,105.87979388329319,105.87979388329319,0.0,0.0,0.0,13728.929121564706
2023-09-07,13608.991159195975,12598.643821946425,15166.796503465479,13608.991159195975,13608.991159195975,188.83117319173812,188.83117319173812,188.83117319173812,80.9105129801861,80.9105129801861,80.9105129801861,107.92066021155199,107.92066021155199,107.92066021155199,0.0,0.0,0.0,13797.822332387714
2023-09-08,13608.933884306662,12459.592906328993,15085.790218082384,13608.933884306662,13608.933884306662,142.76165109308,142.76165109308,142.76165109308,38.07196962473021,38.07196962473021,38.07196962473021,104.68968146834978,104.68968146834978,104.68968146834978,0.0,0.0,0.0,13751.695535399742
2023-09-09,13608.87660941735,12352.239263176894,14835.339666779395,13608.87660941735,13608.87660941735,-18.28311389576796,-18.28311389576796,-18.28311389576796,-114.61800122564124,-114.61800122564124,-114.61800122564124,96.33488732987328,96.33488732987328,96.33488732987328,0.0,0.0,0.0,13590.593495521582
2023-09-10,13608.819334528036,12530.610358700447,15037.615389310089,13608.819334528036,13608.819334528036,118.15622432879552,118.15622432879552,118.15622432879552,35.0139884576492,35.0139884576492,35.0139884576492,83.14223587114633,83.14223587114633,83.14223587114633,0.0,0.0,0.0,13726.975558856831
2023-09-11,13608.762059638722,12317.642465267252,14846.287145715325,13608.762059638722,13608.762059638722,-70.90338882029911,-70.90338882029911,-70.90338882029911,-136.43076967920888,-136.43076967920888,-136.43076967920888,65.52738085890977,65.52738085890977,65.52738085890977,0.0,0.0,0.0,13537.858670818423
2023-09-12,13608.704784749409,12443.83342456399,15043.8770378395,13608.704784749409,13608.704784749409,127.07556309982571,127.07556309982571,127.07556309982571,83.05140624532315,83.05140624532315,83.05140624532315,44.02415685450256,44.02415685450256,44.02415685450256,0.0,0.0,0.0,13735.780347849235
2023-09-13,13608.647509860097,12260.148370443221,14948.109388709276,13608.647509860097,13608.647509860097,33.27098965194691,33.27098965194691,33.27098965194691,14.000893596291665,14.000893596291665,14.000893596291665,19.270096055655248,19.270096055655248,19.270096055655248,0.0,0.0,0.0,13641.918499512043
2023-09-14,13608.590234970783,12418.871312909463,14919.307426614005,13608.590234970783,13608.590234970783,72.89987923379346,72.89987923379346,72.89987923379346,80.91051298069124,80.91051298069124,80.91051298069124,-8.010633746897783,-8.010633746897783,-8.010633746897783,0.0,0.0,0.0,13681.490114204576
2023-09-15,13608.53296008147,12269.428976897625,14852.642212003215,13608.53296008147,13608.53296008147,1.0455537090365237,1.0455537090365237,1.0455537090365237,38.07196962482582,38.07196962482582,38.07196962482582,-37.02641591578929,-37.02641591578929,-37.02641591578929,0.0,0.0,0.0,13609.578513790506
2023-09-16,13608.475685192156,12075.236952232834,14750.161854106982,13608.475685192156,13608.475685192156,-181.55699094446496,-181.55699094446496,-181.55699094446496,-114.61800122565961,-114.61800122565961,-114.61800122565961,-66.93898971880536,-66.93898971880536,-66.93898971880536,0.0,0.0,0.0,13426.91869424769
2023-09-17,13608.418410302842,12226.9687471338,14894.56437045802,13608.418410302842,13608.418410302842,-61.87133901359002,-61.87133901359002,-61.87133901359002,35.01398845770513,35.01398845770513,35.01398845770513,-96.88532747129514,-96.88532747129514,-96.88532747129514,0.0,0.0,0.0,13546.547071289251
2023-09-18,13608.36113541353,12089.50100136424,14563.659031251278,13608.36113541353,13608.36113541353,-262.43078376297325,-262.43078376297325,-262.43078376297325,-136.4307696790938,-136.4307696790938,-136.4307696790938,-126.0000140838794,-126.0000140838794,-126.0000140838794,0.0,0.0,0.0,13345.930351650557
2023-09-19,13608.303860524216,12265.931840995361,14780.170227088705,13608.303860524216,13608.303860524216,-70.38614350073264,-70.38614350073264,-70.38614350073264,83.05140624491416,83.05140624491416,83.05140624491416,-153.43754974564683,-153.43754974564683,-153.43754974564683,0.0,0.0,0.0,13537.917717023483
2023-09-20,13608.246585634903,12183.229108648484,14691.728946229234,13608.246585634903,13608.246585634903,-164.39310881607847,-164.39310881607847,-164.39310881607847,14.000893595871233,14.000893595871233,14.000893595871233,-178.39400241194969,-178.39400241194969,-178.39400241194969,0.0,0.0,0.0,13443.853476818824
2023-09-21,13608.189310745589,12209.655146853509,14789.566511356556,13608.189310745589,13608.189310745589,-119.21694469148169,-119.21694469148169,-119.21694469148169,80.91051298050593,80.91051298050593,80.91051298050593,-200.12745767198763,-200.12745767198763,-200.12745767198763,0.0,0.0,0.0,13488.972366054108
2023-09-22,13608.132035856275,12140.208046890772,14769.04127109061,13608.132035856275,13608.132035856275,-179.9047791452938,-179.9047791452938,-179.9047791452938,38.07196962521651,38.07196962521651,38.07196962521651,-217.9767487705103,-217.9767487705103,-217.9767487705103,0.0,0.0,0.0,13428.227256710981
2023-09-23,13608.074760966963,11961.915529147986,14645.664844708648,13608.074760966963,13608.074760966963,-345.99599923711526,-345.99599923711526,-345.99599923711526,-114.6180012253015,-114.6180012253015,-114.6180012253015,-231.3779980118138,-231.3779980118138,-231.3779980118138,0.0,0.0,0.0,13262.078761729848
2023-09-24,13608.01748607765,12152.771710321058,14609.220045002043,13608.01748607765,13608.01748607765,-204.86457264888153,-204.86457264888153,-204.86457264888153,35.01398845776103,35.01398845776103,35.01398845776103,-239.87856110664256,-239.87856110664256,-239.87856110664256,0.0,0.0,0.0,13403.152913428768
2023-09-25,13607.960211188336,11886.17220947492,14456.370978910454,13607.960211188336,13607.960211188336,-379.5788062137043,-379.5788062137043,-379.5788062137043,-136.43076967913652,-136.43076967913652,-136.43076967913652,-243.14803653456786,-243.14803653456786,-243.14803653456786,0.0,0.0,0.0,13228.381404974632
2023-09-26,13607.902936299022,12162.19579180244,14733.345305905194,13607.902936299022,13607.902936299022,-157.93467450205236,-157.93467450205236,-157.93467450205236,83.0514062452463,83.0514062452463,83.0514062452463,-240.98608074729864,-240.98608074729864,-240.98608074729864,0.0,0.0,0.0,13449.96826179697
2023-09-27,13607.845661409709,12185.470686036178,14603.165834226198,13607.845661409709,13607.845661409709,-219.32596128247914,-219.32596128247914,-219.32596128247914,14.000893595850531,14.000893595850531,14.000893595850531,-233.32685487832967,-233.32685487832967,-233.32685487832967,0.0,0.0,0.0,13388.51970012723
2023-09-28,13607.788386520397,12200.416203019347,14786.255909484253,13607.788386520397,13607.788386520397,-139.32950428671273,-139.32950428671273,-139.32950428671273,80.9105129803206,80.9105129803206,80.9105129803206,-220.2400172670333,-220.2400172670333,-220.2400172670333,0.0,0.0,0.0,13468.458882233685
2023-09-29,13607.731111631083,12168.901223083265,14684.700233939233,13607.731111631083,13607.731111631083,-163.85629654712966,-163.85629654712966,-163.85629654712966,38.071969625967455,38.071969625967455,38.071969625967455,-201.9282661730971,-201.9282661730971,-201.9282661730971,0.0,0.0,0.0,13443.874815083953
2023-09-30,13607.67383674177,12009.202521085552,14687.852665497892,13607.67383674177,13607.67383674177,-293.3395273937743,-293.3395273937743,-293.3395273937743,-114.61800122592429,-114.61800122592429,-114.61800122592429,-178.72152616785002,-178.72152616785002,-178.72152616785002,0.0,0.0,0.0,13314.334309347994
2023-10-01,13607.616561852456,12196.396143920709,14782.431885849322,13607.616561852456,13607.616561852456,-116.05396904583938,-116.05396904583938,-116.05396904583938,35.01398845758857,35.01398845758857,35.01398845758857,-151.06795750342798,-151.06795750342798,-151.06795750342798,0.0,0.0,0.0,13491.562592806617
2023-10-02,13607.559286963144,12021.57253089007,14682.26397234704,13607.559286963144,13607.559286963144,-255.95281772996324,-255.95281772996324,-255.95281772996324,-136.43076967910034,-136.43076967910034,-136.43076967910034,-119.52204805086295,-119.52204805086295,-119.52204805086295,0.0,0.0,0.0,13351.60646923318
2023-10-03,13607.50201207383,12232.884902903521,14815.04172086838,13607.50201207383,13607.50201207383,-1.6787138617155495,-1.6787138617155495,-1.6787138617155495,83.05140624557842,83.05140624557842,83.05140624557842,-84.73012010729397,-84.73012010729397,-84.73012010729397,0.0,0.0,0.0,13605.823298212115
2023-10-04,13607.444737184516,12270.877887043915,14855.22520866351,13607.444737184516,13607.444737184516,-33.41275407187528,-33.41275407187528,-33.41275407187528,14.000893595430068,14.000893595430068,14.000893595430068,-47.41364766730534,-47.41364766730534,-47.41364766730534,0.0,0.0,0.0,13574.031983112642
2023-10-05,13607.387462295203,12284.09673246401,14880.980303469209,13607.387462295203,13607.387462295203,72.55968091141573,72.55968091141573,72.55968091141573,80.91051298013528,80.91051298013528,80.91051298013528,-8.350832068719555,-8.350832068719555,-8.350832068719555,0.0,0.0,0.0,13679.947143206618
2023-10-06,13607.330187405889,12449.360274182964,15046.733865759034,13607.330187405889,13607.330187405889,69.71504562632686,69.71504562632686,69.71504562632686,38.071969625407704,38.071969625407704,38.071969625407704,31.643076000919145,31.643076000919145,31.643076000919145,0.0,0.0,0.0,13677.045233032215
2023-10-07,13607.272912516577,12202.626930694,14763.307892514344,13607.272912516577,13607.272912516577,-42.88180800636178,-42.88180800636178,-42.88180800636178,-114.61800122556619,-114.61800122556619,-114.61800122556619,71.73619321920441,71.73619321920441,71.73619321920441,0.0,0.0,0.0,13564.391104510216
2023-10-08,13607.215637627263,12424.402411626967,15025.30741205548,13607.215637627263,13607.215637627263,146.11461938630347,146.11461938630347,146.11461938630347,35.013988457622844,35.013988457622844,35.013988457622844,111.10063092868063,111.10063092868063,111.10063092868063,0.0,0.0,0.0,13753.330257013567
2023-10-09,13607.15836273795,12343.496516651865,15006.942897291972,13607.15836273795,13607.15836273795,12.502035880645352,12.502035880645352,12.502035880645352,-136.43076967916454,-136.43076967916454,-136.43076967916454,148.93280555980988,148.93280555980988,148.93280555980988,0.0,0.0,0.0,13619.660398618595
2023-10-10,13607.101087848636,12557.961303683951,15165.12018338317,13607.101087848636,13607.101087848636,267.5243253349979,267.5243253349979,267.5243253349979,83.05140624516945,83.05140624516945,83.05140624516945,184.47291908982848,184.47291908982848,184.47291908982848,0.0,0.0,0.0,13874.625413183634
2023-10-11,13607.043812959322,12492.88743194884,15200.240585384603,13607.043812959322,13607.043812959322,231.02401758933823,231.02401758933823,231.02401758933823,14.000893596187266,14.000893596187266,14.000893596187266,217.02312399315096,217.02312399315096,217.02312399315096,0.0,0.0,0.0,13838.06783054866
2023-10-12,13606.98653807001,12597.23388628063,15282.133399982918,13606.98653807001,13606.98653807001,326.8744399250578,326.8744399250578,326.8744399250578,80.91051298064042,80.91051298064042,80.91051298064042,245.9639269444174,245.9639269444174,245.9639269444174,0.0,0.0,0.0,13933.860977995068
2023-10-13,13606.929263180697,12689.059340244172,15118.117001949367,13606.929263180697,13606.929263180697,308.84040603038255,308.84040603038255,308.84040603038255,38.07196962579841,38.07196962579841,38.07196962579841,270.7684364045841,270.7684364045841,270.7684364045841,0.0,0.0,0.0,13915.769669211079
2023-10-14,13606.871988291383,12516.631420380501,15013.714704020264,13606.871988291383,13606.871988291383,176.396118449626,176.396118449626,176.396118449626,-114.61800122520808,-114.61800122520808,-114.61800122520808,291.0141196748341,291.0141196748341,291.0141196748341,0.0,0.0,0.0,13783.268106741009
2023-10-15,13606.81471340207,12777.903492665664,15322.390467670975,13606.81471340207,13606.81471340207,341.40579177115376,341.40579177115376,341.40579177115376,35.01398845745036,35.01398845745036,35.01398845745036,306.39180331370335,306.39180331370335,306.39180331370335,0.0,0.0,0.0,13948.220505173224
2023-10-16,13606.757438512757,12457.836917815264,15147.886019664415,13606.757438512757,13606.757438512757,180.28095541453163,180.28095541453163,180.28095541453163,-136.43076967912836,-136.43076967912836,-136.43076967912836,316.71172509366,316.71172509366,316.71172509366,0.0,0.0,0.0,13787.038393927289
2023-10-17,13606.700163623444,12733.070759142633,15259.944206084536,13606.700163623444,13606.700163623444,404.95793011734327,404.95793011734327,404.95793011734327,83.05140624550157,83.05140624550157,83.05140624550157,321.9065238718417,321.9065238718417,321.9065238718417,0.0,0.0,0.0,14011.658093740787
2023-10-18,13606.64288873413,12595.538968240211,15352.383995634289,13606.64288873413,13606.64288873413,336.0320273698617,336.0320273698617,336.0320273698617,14.000893595766811,14.000893595766811,14.000893595766811,322.0311337740949,322.0311337740949,322.0311337740949,0.0,0.0,0.0,13942.674916103992
2023-10-19,13606.585613844816,12680.467782545884,15345.156370297284,13606.585613844816,13606.585613844816,398.17014178077335,398.17014178077335,398.17014178077335,80.91051297991964,80.91051297991964,80.91051297991964,317.25962880085376,317.25962880085376,317.25962880085376,0.0,0.0,0.0,14004.755755625589
2023-10-20,13606.528338955502,12663.239403447817,15294.72705745204,13606.528338955502,13606.528338955502,345.9511109105913,345.9511109105913,345.9511109105913,38.071969625238665,38.071969625238665,38.071969625238665,307.87914128535266,307.87914128535266,307.87914128535266,0.0,0.0,0.0,13952.479449866094
2023-10-21,13606.47106406619,12439.528260374156,15104.30561501138,13606.47106406619,13606.47106406619,179.66304933804673,179.66304933804673,179.66304933804673,-114.61800122583087,-114.61800122583087,-114.61800122583087,294.2810505638776,294.2810505638776,294.2810505638776,0.0,0.0,0.0,13786.134113404238
2023-10-22,13606.413789176877,12676.147868303737,15274.349333429347,13606.413789176877,13606.413789176877,311.9636933835101,311.9636933835101,311.9636933835101,35.01398845773468,35.01398845773468,35.01398845773468,276.9497049257754,276.9497049257754,276.9497049257754,0.0,0.0,0.0,13918.377482560387
2023-10-23,13606.356514287563,12447.778576396251,15038.958973345098,13606.356514287563,13606.356514287563,120.01822905933511,120.01822905933511,120.01822905933511,-136.43076967909215,-136.43076967909215,-136.43076967909215,256.4489987384273,256.4489987384273,256.4489987384273,0.0,0.0,0.0,13726.374743346898
2023-10-24,13606.29923939825,12629.485177661372,15250.169025887837,13606.29923939825,13606.29923939825,316.45858242887715,316.45858242887715,316.45858242887715,83.0514062452102,83.0514062452102,83.0514062452102,233.40717618366696,233.40717618366696,233.40717618366696,0.0,0.0,0.0,13922.757821827126
2023-10-25,13606.241964508936,12594.294061902892,15247.094160002955,13606.241964508936,13606.241964508936,222.50116574819182,222.50116574819182,222.50116574819182,14.000893595346371,14.000893595346371,14.000893595346371,208.5002721528454,208.5002721528454,208.5002721528454,0.0,0.0,0.0,13828.743130257128
2023-10-26,13606.184689619624,12593.272672898569,15173.780846794622,13606.184689619624,13606.184689619624,263.34514166245526,263.34514166245526,263.34514166245526,80.91051298042478,80.91051298042478,80.91051298042478,182.43462868203048,182.43462868203048,182.43462868203048,0.0,0.0,0.0,13869.52983128208
2023-10-27,13606.12741473031,12487.918842452269,15116.669096200461,13606.12741473031,13606.12741473031,194.0009109644316,194.0009109644316,194.0009109644316,38.071969625334276,38.071969625334276,38.071969625334276,155.92894133909732,155.92894133909732,155.92894133909732,0.0,0.0,0.0,13800.128325694743
2023-10-28,13606.070139840996,12453.373341656685,14957.977239036101,13606.070139840996,13606.070139840996,15.078292762933094,15.078292762933094,15.078292762933094,-114.61800122547277,-114.61800122547277,-114.61800122547277,129.69629398840587,129.69629398840587,129.69629398840587,0.0,0.0,0.0,13621.14843260393
2023-10-29,13606.012864951683,12466.350587822077,15046.351385831973,13606.012864951683,13606.012864951683,139.44062092738525,139.44062092738525,139.44062092738525,35.01398845756222,35.01398845756222,35.01398845756222,104.42663246982303,104.42663246982303,104.42663246982303,0.0,0.0,0.0,13745.453485879068
2023-10-30,13605.955590062369,12239.998018670032,14922.543533051015,13605.955590062369,13605.955590062369,-55.66066130141274,-55.66066130141274,-55.66066130141274,-136.43076967905594,-136.43076967905594,-136.43076967905594,80.77010837764323,80.77010837764323,80.77010837764323,0.0,0.0,0.0,13550.294928760957
2023-10-31,13605.898315173057,12468.269063173102,15146.274547748602,13605.898315173057,13605.898315173057,142.3731002624687,142.3731002624687,142.3731002624687,83.05140624554232,83.05140624554232,83.05140624554232,59.32169401692641,59.32169401692641,59.32169401692641,0.0,0.0,0.0,13748.271415435525
2023-11-01,13605.841040283743,12386.432858250713,14851.168926172708,13605.841040283743,13605.841040283743,54.60832336545846,54.60832336545846,54.60832336545846,14.000893596103548,14.000893596103548,14.000893596103548,40.60742976935491,40.60742976935491,40.60742976935491,0.0,0.0,0.0,13660.449363649202
2023-11-02,13605.78376539443,12394.31579804374,14966.620090719442,13605.78376539443,13605.78376539443,105.98312971649895,105.98312971649895,105.98312971649895,80.91051297954901,80.91051297954901,80.91051297954901,25.07261673694993,25.07261673694993,25.07261673694993,0.0,0.0,0.0,13711.766895110928
2023-11-03,13605.726490505116,12414.211545960861,14983.664147140014,13605.726490505116,13605.726490505116,51.14418172278757,51.14418172278757,51.14418172278757,38.07196962542987,38.07196962542987,38.07196962542987,13.072212097357697,13.072212097357697,13.072212097357697,0.0,0.0,0.0,13656.870672227904
2023-11-04,13605.669215615804,12260.856805834395,14833.172475012552,13605.669215615804,13605.669215615804,-109.75437752705857,-109.75437752705857,-109.75437752705857,-114.61800122549113,-114.61800122549113,-114.61800122549113,4.863623698432571,4.863623698432571,4.863623698432571,0.0,0.0,0.0,13495.914838088745
2023-11-05,13605.61194072649,12366.04150187691,14946.105391106357,13605.61194072649,13605.61194072649,35.61602419717939,35.61602419717939,35.61602419717939,35.01398845782487,35.01398845782487,35.01398845782487,0.6020357393545236,0.6020357393545236,0.6020357393545236,0.0,0.0,0.0,13641.22796492367
2023-11-06,13605.554665837177,12199.533051179826,14758.097394932269,13605.554665837177,13605.554665837177,-136.09243895962575,-136.09243895962575,-136.09243895962575,-136.43076967909866,-136.43076967909866,-136.43076967909866,0.3383307194728867,0.3383307194728867,0.3383307194728867,0.0,0.0,0.0,13469.462226877551
2023-11-07,13605.497390947863,12388.238137024011,15014.992071654573,13605.497390947863,13605.497390947863,87.07101220704605,87.07101220704605,87.07101220704605,83.05140624550391,83.05140624550391,83.05140624550391,4.019605961542144,4.019605961542144,4.019605961542144,0.0,0.0,0.0,13692.56840315491
2023-11-08,13605.44011605855,12255.218617264194,14865.73603572017,13605.44011605855,13605.44011605855,25.49311128423112,25.49311128423112,25.49311128423112,14.000893595683115,14.000893595683115,14.000893595683115,11.492217688548005,11.492217688548005,11.492217688548005,0.0,0.0,0.0,13630.93322734278
2023-11-09,13605.38284116924,12398.608757976437,15051.181656028542,13605.38284116924,13605.38284116924,103.41773651131246,103.41773651131246,103.41773651131246,80.91051298020915,80.91051298020915,80.91051298020915,22.507223531103303,22.507223531103303,22.507223531103303,0.0,0.0,0.0,13708.800577680551
2023-11-10,13605.325566279924,12426.119953706615,14879.509824950366,13605.325566279924,13605.325566279924,74.8000066306156,74.8000066306156,74.8000066306156,38.07196962552548,38.07196962552548,38.07196962552548,36.728037005090115,36.728037005090115,36.728037005090115,0.0,0.0,0.0,13680.12557291054
2023-11-11,13605.26829139061,12292.256150527266,14855.698550220826,13605.26829139061,13605.26829139061,-60.87794490537061,-60.87794490537061,-60.87794490537061,-114.61800122513303,-114.61800122513303,-114.61800122513303,53.740056319762424,53.740056319762424,53.740056319762424,0.0,0.0,0.0,13544.39034648524
2023-11-12,13605.211016501296,12536.559976931487,15000.235957355195,13605.211016501296,13605.211016501296,108.07597449195303,108.07597449195303,108.07597449195303,35.01398845765241,35.01398845765241,35.01398845765241,73.06198603430062,73.06198603430062,73.06198603430062,0.0,0.0,0.0,13713.286990993249
2023-11-13,13605.153741611983,12302.673775231182,14948.39223732748,13605.153741611983,13605.153741611983,-42.27223512816408,-42.27223512816408,-42.27223512816408,-136.43076967898358,-136.43076967898358,-136.43076967898358,94.15853455081951,94.15853455081951,94.15853455081951,0.0,0.0,0.0,13562.881506483818
2023-11-14,13605.096466722673,12479.652847609763,15055.30337446871,13605.096466722673,13605.096466722673,199.50555015457687,199.50555015457687,199.50555015457687,83.05140624546547,83.05140624546547,83.05140624546547,116.4541439091114,116.4541439091114,116.4541439091114,0.0,0.0,0.0,13804.60201687725
2023-11-15,13605.039191833359,12433.832241776858,15020.60755824532,13605.039191833359,13605.039191833359,153.3482849154315,153.3482849154315,153.3482849154315,14.000893595662392,14.000893595662392,14.000893595662392,139.34739131976912,139.34739131976912,139.34739131976912,0.0,0.0,0.0,13758.38747674879
2023-11-16,13604.981916944043,12624.860596019638,15057.469392041805,13604.981916944043,13604.981916944043,243.13620748151357,243.13620748151357,243.13620748151357,80.91051298002382,80.91051298002382,80.91051298002382,162.22569450148973,162.22569450148973,162.22569450148973,0.0,0.0,0.0,13848.118124425557
2023-11-17,13604.92464205473,12528.028217825768,15136.55676520493,13604.92464205473,13604.92464205473,222.55192474876782,222.55192474876782,222.55192474876782,38.071969624965725,38.071969624965725,38.071969624965725,184.47995512380209,184.47995512380209,184.47995512380209,0.0,0.0,0.0,13827.476566803498
2023-11-18,13604.86736716542,12469.624378203867,15005.488408812327,13604.86736716542,13604.86736716542,90.90078494064902,90.90078494064902,90.90078494064902,-114.61800122526536,-114.61800122526536,-114.61800122526536,205.51878616591438,205.51878616591438,205.51878616591438,0.0,0.0,0.0,13695.76815210607
2023-11-19,13604.810092276106,12584.304435625798,15098.016389992768,13604.810092276106,13604.810092276106,259.7959776718415,259.7959776718415,259.7959776718415,35.01398845747994,35.01398845747994,35.01398845747994,224.78198921436157,224.78198921436157,224.78198921436157,0.0,0.0,0.0,13864.606069947948
2023-11-20,13604.752817386792,12339.808485088271,14916.052594788254,13604.752817386792,13604.752817386792,105.32220618999122,105.32220618999122,105.32220618999122,-136.4307696791267,-136.4307696791267,-136.4307696791267,241.75297586911793,241.75297586911793,241.75297586911793,0.0,0.0,0.0,13710.075023576783
2023-11-21,13604.695542497479,12631.809040001664,15372.961901095561,13604.695542497479,13604.695542497479,339.02126876631024,339.02126876631024,339.02126876631024,83.05140624542706,83.05140624542706,83.05140624542706,255.9698625208832,255.9698625208832,255.9698625208832,0.0,0.0,0.0,13943.716811263788
2023-11-22,13604.638267608165,12644.350463685192,15216.58774456263,13604.638267608165,13604.638267608165,281.0359022804003,281.0359022804003,281.0359022804003,14.000893595830755,14.000893595830755,14.000893595830755,267.0350086845695,267.0350086845695,267.0350086845695,0.0,0.0,0.0,13885.674169888565
2023-11-23,13604.580992718853,12622.335420342697,15185.02472703465,13604.580992718853,13604.580992718853,355.53332754854404,355.53332754854404,355.53332754854404,80.91051298052896,80.91051298052896,80.91051298052896,274.6228145680151,274.6228145680151,274.6228145680151,0.0,0.0,0.0,13960.114320267397
2023-11-24,13604.52371782954,12608.969205945243,15144.952781769123,13604.52371782954,13604.52371782954,316.557611906736,316.557611906736,316.557611906736,38.07196962571667,38.07196962571667,38.07196962571667,278.4856422810193,278.4856422810193,278.4856422810193,0.0,0.0,0.0,13921.081329736275
2023-11-25,13604.466442940226,12484.853123879342,15014.429222519953,13604.466442940226,13604.466442940226,163.83977445050905,163.83977445050905,163.83977445050905,-114.6180012253977,-114.6180012253977,-114.6180012253977,278.45777567590676,278.45777567590676,278.45777567590676,0.0,0.0,0.0,13768.306217390735
2023-11-26,13604.409168050912,12554.703628408672,15078.210698868685,13604.409168050912,13604.409168050912,309.47137332044497,309.47137332044497,309.47137332044497,35.01398845776425,35.01398845776425,35.01398845776425,274.4573848626807,274.4573848626807,274.4573848626807,0.0,0.0,0.0,13913.880541371356
2023-11-27,13604.351893161598,12447.222358864748,15068.865646859342,13604.351893161598,13604.351893161598,130.055741926409,130.055741926409,130.055741926409,-136.43076967909053,-136.43076967909053,-136.43076967909053,266.4865116054995,266.4865116054995,266.4865116054995,0.0,0.0,0.0,13734.407635088008
2023-11-28,13604.294618272286,12629.855273310455,15283.923020035889,13604.294618272286,13604.294618272286,337.6805460537555,337.6805460537555,337.6805460537555,83.05140624575918,83.05140624575918,83.05140624575918,254.62913980799632,254.62913980799632,254.62913980799632,0.0,0.0,0.0,13941.975164326042
2023-11-29,13604.237343382973,12577.04947582343,15163.260843420914,13604.237343382973,13604.237343382973,253.04835353306132,253.04835353306132,253.04835353306132,14.000893595999136,14.000893595999136,14.000893595999136,239.0474599370622,239.0474599370622,239.0474599370622,0.0,0.0,0.0,13857.285696916033
2023-11-30,13604.180068493659,12475.9368383549,15137.724886688748,13604.180068493659,13604.180068493659,300.886989466225,300.886989466225,300.886989466225,80.9105129810341,80.9105129810341,80.9105129810341,219.9764764851909,219.9764764851909,219.9764764851909,0.0,0.0,0.0,13905.067057959885
2023-12-01,13604.122793604345,12627.609354035645,15196.850658464582,13604.122793604345,13604.122793604345,235.78911214941488,235.78911214941488,235.78911214941488,38.07196962545203,38.07196962545203,38.07196962545203,197.71714252396285,197.71714252396285,197.71714252396285,0.0,0.0,0.0,13839.91190575376
2023-12-02,13604.065518715031,12381.036099419774,14872.956189711285,13604.065518715031,13604.065518715031,58.01023312484959,58.01023312484959,58.01023312484959,-114.6180012259065,-114.6180012259065,-114.6180012259065,172.6282343507561,172.6282343507561,172.6282343507561,0.0,0.0,0.0,13662.07575183988
2023-12-03,13604.00824382572,12533.127283595612,15091.019747382703,13604.00824382572,13604.00824382572,180.13119010456597,180.13119010456597,180.13119010456597,35.013988457591786,35.013988457591786,35.013988457591786,145.1172016469742,145.1172016469742,145.1172016469742,0.0,0.0,0.0,13784.139433930286
2023-12-04,13603.950968936406,12335.856058048415,14862.021831774491,13603.950968936406,13603.950968936406,-20.800525555241585,-20.800525555241585,-20.800525555241585,-136.43076967913322,-136.43076967913322,-136.43076967913322,115.63024412389163,115.63024412389163,115.63024412389163,0.0,0.0,0.0,13583.150443381164
2023-12-05,13603.893694047092,12491.061400281626,15049.867713045403,13603.893694047092,13603.893694047092,167.6932804488726,167.6932804488726,167.6932804488726,83.05140624535021,83.05140624535021,83.05140624535021,84.6418742035224,84.6418742035224,84.6418742035224,0.0,0.0,0.0,13771.586974495965
2023-12-06,13603.836419157778,12363.453585283683,14912.711526260497,13603.836419157778,13603.836419157778,66.64512053233625,66.64512053233625,66.64512053233625,14.000893595978434,14.000893595978434,14.000893595978434,52.64422693635781,52.64422693635781,52.64422693635781,0.0,0.0,0.0,13670.481539690114
2023-12-07,13603.779144268467,12432.297901101607,15042.475444709737,13603.779144268467,13603.779144268467,101.04688633564065,101.04688633564065,101.04688633564065,80.91051298015833,80.91051298015833,80.91051298015833,20.136373355482323,20.136373355482323,20.136373355482323,0.0,0.0,0.0,13704.826030604107
2023-12-08,13603.721869379153,12410.132273588997,15070.915050925045,13603.721869379153,13603.721869379153,25.685851852316528,25.685851852316528,25.685851852316528,38.07196962554763,38.07196962554763,38.07196962554763,-12.3861177732311,-12.3861177732311,-12.3861177732311,0.0,0.0,0.0,13629.40772123147
2023-12-09,13603.66459448984,12148.636041308338,14676.162169526584,13603.66459448984,13603.66459448984,-159.05914296010482,-159.05914296010482,-159.05914296010482,-114.6180012255484,-114.6180012255484,-114.6180012255484,-44.44114173455643,-44.44114173455643,-44.44114173455643,0.0,0.0,0.0,13444.605451529735
2023-12-10,13603.607319600525,12302.90029675567,14823.601015823484,13603.607319600525,13603.607319600525,-40.55534847839575,-40.55534847839575,-40.55534847839575,35.013988457647706,35.013988457647706,35.013988457647706,-75.56933693604347,-75.56933693604347,-75.56933693604347,0.0,0.0,0.0,13563.05197112213
2023-12-11,13603.550044711212,12022.574104637102,14616.265587220227,13603.550044711212,13603.550044711212,-241.77327066219766,-241.77327066219766,-241.77327066219766,-136.43076967917594,-136.43076967917594,-136.43076967917594,-105.34250098302172,-105.34250098302172,-105.34250098302172,0.0,0.0,0.0,13361.776774049014
2023-12-12,13603.4927698219,12255.86537051345,14814.94822049913,13603.4927698219,13603.4927698219,-50.31958640638976,-50.31958640638976,-50.31958640638976,83.05140624542939,83.05140624542939,83.05140624542939,-133.37099265181914,-133.37099265181914,-133.37099265181914,0.0,0.0,0.0,13553.17318341551
2023-12-13,13603.435494932586,12138.022234198499,14667.580494263364,13603.435494932586,13603.435494932586,-145.3091065479657,-145.3091065479657,-145.3091065479657,14.00089359614679,14.00089359614679,14.00089359614679,-159.31000014411248,-159.31000014411248,-159.31000014411248,0.0,0.0,0.0,13458.12638838462
2023-12-14,13603.378220043272,12202.599820170368,14793.455471216335,13603.378220043272,13603.378220043272,-101.95407583858072,-101.95407583858072,-101.95407583858072,80.91051298066346,80.91051298066346,80.91051298066346,-182.86458881924418,-182.86458881924418,-182.86458881924418,0.0,0.0,0.0,13501.424144204691
2023-12-15,13603.320945153959,12151.015567042878,14714.680400782192,13603.320945153959,13603.320945153959,-165.72150519212505,-165.72150519212505,-165.72150519212505,38.07196962498788,38.07196962498788,38.07196962498788,-203.79347481711292,-203.79347481711292,-203.79347481711292,0.0,0.0,0.0,13437.599439961834
2023-12-16,13603.263670264645,12011.209729447188,14547.995650930587,13603.263670264645,13603.263670264645,-336.52950490699305,-336.52950490699305,-336.52950490699305,-114.61800122568074,-114.61800122568074,-114.61800122568074,-221.91150368131238,-221.91150368131238,-221.91150368131238,0.0,0.0,0.0,13266.734165357651
2023-12-17,13603.206395375333,12104.028293002888,14674.460900978354,13603.206395375333,13603.206395375333,-202.07685597184982,-202.07685597184982,-202.07685597184982,35.013988457681975,35.013988457681975,35.013988457681975,-237.09084442953178,-237.09084442953178,-237.09084442953178,0.0,0.0,0.0,13401.129539403484
2023-12-18,13603.14912048602,11943.879446048224,14560.209589272126,13603.14912048602,13603.14912048602,-385.6917084225441,-385.6917084225441,-385.6917084225441,-136.43076967906083,-136.43076967906083,-136.43076967906083,-249.26093874348322,-249.26093874348322,-249.26093874348322,0.0,0.0,0.0,13217.457412063475
2023-12-19,13603.091845596706,12191.870203673401,14670.766107279127,13603.091845596706,13603.091845596706,-175.35586515627588,-175.35586515627588,-175.35586515627588,83.05140624502042,83.05140624502042,83.05140624502042,-258.40727140129627,-258.40727140129627,-258.40727140129627,0.0,0.0,0.0,13427.73598044043
2023-12-20,13603.034570707392,12049.08787908995,14592.621199489151,13603.034570707392,13603.034570707392,-250.56815762255764,-250.56815762255764,-250.56815762255764,14.000893595726343,14.000893595726343,14.000893595726343,-264.56905121828396,-264.56905121828396,-264.56905121828396,0.0,0.0,0.0,13352.466413084834
2023-12-21,13602.97729581808,12135.482933957,14683.672918978578,13602.97729581808,13602.97729581808,-186.9253982089852,-186.9253982089852,-186.9253982089852,80.91051298047813,80.91051298047813,80.91051298047813,-267.83591118946333,-267.83591118946333,-267.83591118946333,0.0,0.0,0.0,13416.051897609095
2023-12-22,13602.920020928766,12057.500356330758,14671.75863777404,13602.920020928766,13602.920020928766,-230.2717823385556,-230.2717823385556,-230.2717823385556,38.07196962442814,38.07196962442814,38.07196962442814,-268.34375196298373,-268.34375196298373,-268.34375196298373,0.0,0.0,0.0,13372.64823859021
2023-12-23,13602.862746039453,11993.54566277055,14472.727751760702,13602.862746039453,13602.862746039453,-380.88786530337757,-380.88786530337757,-380.88786530337757,-114.61800122532263,-114.61800122532263,-114.61800122532263,-266.2698640780549,-266.2698640780549,-266.2698640780549,0.0,0.0,0.0,13221.974880736076
2023-12-24,13602.805471150139,12144.465510050877,14675.599402449416,13602.805471150139,13602.805471150139,-226.81348310815184,-226.81348310815184,-226.81348310815184,35.0139884577379,35.0139884577379,35.0139884577379,-261.82747156588977,-261.82747156588977,-261.82747156588977,0.0,0.0,0.0,13375.991988041987
2023-12-25,13602.748196260825,11993.779830728266,14524.58140693681,13602.748196260825,13602.748196260825,-391.6906123337878,-391.6906123337878,-391.6906123337878,-136.43076967910352,-136.43076967910352,-136.43076967910352,-255.25984265468426,-255.25984265468426,-255.25984265468426,0.0,0.0,0.0,13211.057583927037
2023-12-26,13602.690921371513,12194.264501787993,14690.667086312515,13602.690921371513,13602.690921371513,-163.7827064189638,-163.7827064189638,-163.7827064189638,83.05140624535254,83.05140624535254,83.05140624535254,-246.83411266431634,-246.83411266431634,-246.83411266431634,0.0,0.0,0.0,13438.90821495255
2023-12-27,13602.6336464822,12129.433599013038,14695.695889966184,13602.6336464822,13602.6336464822,-222.83406646221994,-222.83406646221994,-222.83406646221994,14.00089359589473,14.00089359589473,14.00089359589473,-236.83496005811466,-236.83496005811466,-236.83496005811466,0.0,0.0,0.0,13379.79958001998
2023-12-28,13602.576371592886,12198.53951749252,14772.981568171328,13602.576371592886,13602.576371592886,-144.64775645982775,-144.64775645982775,-144.64775645982775,80.9105129804478,80.9105129804478,80.9105129804478,-225.55826944027558,-225.55826944027558,-225.55826944027558,0.0,0.0,0.0,13457.928615133058
2023-12-29,13602.519096703572,12136.45892508714,14717.332964233825,13602.519096703572,13602.519096703572,-175.23293589856388,-175.23293589856388,-175.23293589856388,38.07196962517908,38.07196962517908,38.07196962517908,-213.30490552374297,-213.30490552374297,-213.30490552374297,0.0,0.0,0.0,13427.286160805008
2023-12-30,13602.461821814259,11976.253596721965,14568.68742013634,13602.461821814259,13602.461821814259,-314.99271149156726,-314.99271149156726,-314.99271149156726,-114.61800122594542,-114.61800122594542,-114.61800122594542,-200.37471026562181,-200.37471026562181,-200.37471026562181,0.0,0.0,0.0,13287.46911032269
2023-12-31,13602.404546924947,12109.546292233259,14709.288412390652,13602.404546924947,13602.404546924947,-152.04683354335384,-152.04683354335384,-152.04683354335384,35.01398845756543,35.01398845756543,35.01398845756543,-187.06082200091927,-187.06082200091927,-187.06082200091927,0.0,0.0,0.0,13450.357713381592
2024-01-01,13602.347272035633,12047.199344706454,14597.701473635085,13602.347272035633,13602.347272035633,-310.0751707400183,-310.0751707400183,-310.0751707400183,-136.43076967906734,-136.43076967906734,-136.43076967906734,-173.64440106095097,-173.64440106095097,-173.64440106095097,0.0,0.0,0.0,13292.272101295615
2024-01-02,13602.28999714632,12244.145004501484,14866.622082148318,13602.28999714632,13602.28999714632,-77.33842529893947,-77.33842529893947,-77.33842529893947,83.05140624506116,83.05140624506116,83.05140624506116,-160.38983154400066,-160.38983154400066,-160.38983154400066,0.0,0.0,0.0,13524.95157184738
2024-01-03,13602.232722257006,12161.650484337524,14723.59653764686,13602.232722257006,13602.232722257006,-133.53956052189406,-133.53956052189406,-133.53956052189406,14.000893595474267,14.000893595474267,14.000893595474267,-147.5404541173683,-147.5404541173683,-147.5404541173683,0.0,0.0,0.0,13468.693161735111
2024-01-04,13602.175447367692,12271.23575577806,14844.375743708537,13602.175447367692,13602.175447367692,-54.40435742442186,-54.40435742442186,-54.40435742442186,80.91051298026251,80.91051298026251,80.91051298026251,-135.31487040468437,-135.31487040468437,-135.31487040468437,0.0,0.0,0.0,13547.77108994327
2024-01-05,13602.11817247838,12253.7340827811,14800.88115967275,13602.11817247838,13602.11817247838,-85.83187639893269,-85.83187639893269,-85.83187639893269,38.071969626225126,38.071969626225126,38.071969626225126,-123.9038460251578,-123.9038460251578,-123.9038460251578,0.0,0.0,0.0,13516.286296079448
2024-01-06,13602.060897589066,12091.400411593795,14697.703980004135,13602.060897589066,13602.060897589066,-228.08582824019183,-228.08582824019183,-228.08582824019183,-114.61800122558734,-114.61800122558734,-114.61800122558734,-113.46782701460451,-113.46782701460451,-113.46782701460451,0.0,0.0,0.0,13373.975069348875
2024-01-07,13602.003622699753,12245.130290647538,14753.128349956629,13602.003622699753,13602.003622699753,-69.12108492291371,-69.12108492291371,-69.12108492291371,35.01398845762136,35.01398845762136,35.01398845762136,-104.13507338053508,-104.13507338053508,-104.13507338053508,0.0,0.0,0.0,13532.882537776839
2024-01-08,13601.946347810439,12116.562353133098,14568.712928192155,13601.946347810439,13601.946637839803,-232.43117376132705,-232.43117376132705,-232.43117376132705,-136.43076967913154,-136.43076967913154,-136.43076967913154,-96.00040408219549,-96.00040408219549,-96.00040408219549,0.0,0.0,0.0,13369.515174049113
2024-01-09,13601.889072921127,12321.84013978635,14847.05831530313,13601.889072921127,13601.892781693594,-6.073133584610873,-6.073133584610873,-6.073133584610873,83.05140624502275,83.05140624502275,83.05140624502275,-89.12453982963362,-89.12453982963362,-89.12453982963362,0.0,0.0,0.0,13595.815939336517
2024-01-10,13601.831798031813,12281.92233156736,14817.884640533252,13601.829321108264,13601.839613107037,-69.53313015102201,-69.53313015102201,-69.53313015102201,14.000893596231458,14.000893596231458,14.000893596231458,-83.53402374725346,-83.53402374725346,-83.53402374725346,0.0,0.0,0.0,13532.298667880792
2024-01-11,13601.7745231425,12303.647682739424,14958.610604871314,13601.769059309601,13601.787802824369,1.6888179267107444,1.6888179267107444,1.6888179267107444,80.91051298076765,80.91051298076765,80.91051298076765,-79.2216950540569,-79.2216950540569,-79.2216950540569,0.0,0.0,0.0,13603.463341069211
2024-01-12,13601.717248253186,12343.86718016471,14985.60649555861,13601.708216778477,13601.735113858693,-38.07571769324385,-38.07571769324385,-38.07571769324385,38.071969625665396,38.071969625665396,38.071969625665396,-76.14768731890925,-76.14768731890925,-76.14768731890925,0.0,0.0,0.0,13563.641530559942
2024-01-13,13601.659973363872,12178.527904231001,14722.945874360548,13601.647329762065,13601.68501065718,-188.85892157632543,-188.85892157632543,-188.85892157632543,-114.61800122560568,-114.61800122560568,-114.61800122560568,-74.24092035071973,-74.24092035071973,-74.24092035071973,0.0,0.0,0.0,13412.801051787546
2024-01-14,13601.60269847456,12428.494390295718,14907.188992432588,13601.58545533168,13601.633357043978,-38.387064675907176,-38.387064675907176,-38.387064675907176,35.013988457448875,35.013988457448875,35.013988457448875,-73.40105313335604,-73.40105313335604,-73.40105313335604,0.0,0.0,0.0,13563.215633798653
2024-01-15,13601.545423585247,12164.737924177572,14654.00580083969,13601.522598848433,13601.584325654761,-209.93163382967785,-209.93163382967785,-209.93163382967785,-136.43076967909536,-136.43076967909536,-136.43076967909536,-73.50086415058247,-73.50086415058247,-73.50086415058247,0.0,0.0,0.0,13391.613789755569
2024-01-16,13601.488148695933,12249.59063521703,14785.05375107799,13601.45879616592,13601.534317964246,8.662381555817458,8.662381555817458,8.662381555817458,83.05140624498435,83.05140624498435,83.05140624498435,-74.38902468916689,-74.38902468916689,-74.38902468916689,0.0,0.0,0.0,13610.15053025175
2024-01-17,13601.43087380662,12264.128758463732,14856.242386081713,13601.393625813855,13601.48212616685,-61.89233640281462,-61.89233640281462,-61.89233640281462,14.00089359581101,14.00089359581101,14.00089359581101,-75.89322999862563,-75.89322999862563,-75.89322999862563,0.0,0.0,0.0,13539.538537403805
2024-01-18,13601.373598917306,12293.107166471478,14966.543474947344,13601.328853088122,13601.431301555564,3.086860707833019,3.086860707833019,3.086860707833019,80.91051298058233,80.91051298058233,80.91051298058233,-77.8236522727493,-77.8236522727493,-77.8236522727493,0.0,0.0,0.0,13604.46045962514
2024-01-19,13601.316324027994,12321.999576069487,14911.451898186728,13601.26339393082,13601.38229836456,-41.90470847517189,-41.90470847517189,-41.90470847517189,38.07196962510564,38.07196962510564,38.07196962510564,-79.97667810027751,-79.97667810027751,-79.97667810027751,0.0,0.0,0.0,13559.411615552823
2024-01-20,13601.25904913868,12173.68822843166,14722.793240150624,13601.196647237624,13601.333709981003,-196.75689237490104,-196.75689237490104,-196.75689237490104,-114.61800122573803,-114.61800122573803,-114.61800122573803,-82.13889114916303,-82.13889114916303,-82.13889114916303,0.0,0.0,0.0,13404.50215676378
2024-01-21,13601.201774249366,12279.534916144572,14827.32182454318,13601.133071671213,13601.284387946065,-49.07726983412316,-49.07726983412316,-49.07726983412316,35.0139884577332,35.0139884577332,35.0139884577332,-84.09125829185635,-84.09125829185635,-84.09125829185635,0.0,0.0,0.0,13552.124504415244
2024-01-22,13601.144499360053,12067.444572751656,14683.511781365594,13601.066747893945,13601.235494624321,-222.044243798462,-222.044243798462,-222.044243798462,-136.43076967905918,-136.43076967905918,-136.43076967905918,-85.61347411940284,-85.61347411940284,-85.61347411940284,0.0,0.0,0.0,13379.10025556159
2024-01-23,13601.08722447074,12343.47751867914,14947.24687587303,13601.001655074468,13601.185155452116,-3.437008606921604,-3.437008606921604,-3.437008606921604,83.05140624531644,83.05140624531644,83.05140624531644,-86.48841485223805,-86.48841485223805,-86.48841485223805,0.0,0.0,0.0,13597.65021586382
2024-01-24,13601.029949581427,12211.95752690801,14774.647645650695,13600.935188105108,13601.135906479096,-72.505754536283,-72.505754536283,-72.505754536283,14.000893595790316,14.000893595790316,14.000893595790316,-86.50664813207334,-86.50664813207334,-86.50664813207334,0.0,0.0,0.0,13528.524195045144
2024-01-25,13600.972674692113,12400.772187287816,14950.654911696929,13600.869782386628,13601.090441830218,-4.560427257376395,-4.560427257376395,-4.560427257376395,80.91051298108745,80.91051298108745,80.91051298108745,-85.47094023846384,-85.47094023846384,-85.47094023846384,0.0,0.0,0.0,13596.412247434737
2024-01-26,13600.9153998028,12346.026134493059,14780.73473293162,13600.802216508007,13601.043875713303,-45.128727517144085,-45.128727517144085,-45.128727517144085,38.07196962520125,38.07196962520125,38.07196962520125,-83.20069714234533,-83.20069714234533,-83.20069714234533,0.0,0.0,0.0,13555.786672285656
2024-01-27,13600.858124913486,12138.083762695253,14668.45617839041,13600.732862085935,13600.995106876422,-194.15427197685932,-194.15427197685932,-194.15427197685932,-114.61800122587036,-114.61800122587036,-114.61800122587036,-79.53627075098893,-79.53627075098893,-79.53627075098893,0.0,0.0,0.0,13406.703852936627
2024-01-28,13600.800850024174,12197.506813857415,14814.46512475459,13600.661969843795,13600.945801828377,-39.32906858634722,-39.32906858634722,-39.32906858634722,35.01398845756073,35.01398845756073,35.01398845756073,-74.34305704390793,-74.34305704390793,-74.34305704390793,0.0,0.0,0.0,13561.471781437827
2024-01-29,13600.74357513486,12061.44590441258,14697.18478399493,13600.592831244023,13600.90134856952,-203.94607856273896,-203.94607856273896,-203.94607856273896,-136.4307696791234,-136.4307696791234,-136.4307696791234,-67.51530888361559,-67.51530888361559,-67.51530888361559,0.0,0.0,0.0,13396.79749657212
2024-01-30,13600.686300245547,12390.275659088255,14980.073054462551,13600.52422281327,13600.852526624076,24.071822779126176,24.071822779126176,24.071822779126176,83.05140624564856,83.05140624564856,83.05140624564856,-58.9795834665224,-58.9795834665224,-58.9795834665224,0.0,0.0,0.0,13624.758123024672
2024-01-31,13600.629025356233,12245.99720140535,14980.425642705508,13600.455053237702,13600.809532879624,-34.696849413832496,-34.696849413832496,-34.696849413832496,14.000893595958667,14.000893595958667,14.000893595958667,-48.69774300979116,-48.69774300979116,-48.69774300979116,0.0,0.0,0.0,13565.9321759424
2024-02-01,13600.57175046692,12423.138805642335,14878.860510650202,13600.382313972137,13600.76417044587,44.24108529631273,44.24108529631273,44.24108529631273,80.91051297967621,80.91051297967621,80.91051297967621,-36.66942768336349,-36.66942768336349,-36.66942768336349,0.0,0.0,0.0,13644.812835763232
2024-02-02,13600.514475577607,12336.766016238294,14964.995562310272,13600.315380804212,13600.72296157956,15.138047341413017,15.138047341413017,15.138047341413017,38.07196962529684,38.07196962529684,38.07196962529684,-22.933922283883824,-22.933922283883824,-22.933922283883824,0.0,0.0,0.0,13615.652522919021
2024-02-03,13600.457200688294,12122.274550586875,14813.67213863784,13600.244598971472,13600.677040550527,-122.18934417846647,-122.18934417846647,-122.18934417846647,-114.61800122551226,-114.61800122551226,-114.61800122551226,-7.571342952954215,-7.571342952954215,-7.571342952954215,0.0,0.0,0.0,13478.267856509827
2024-02-04,13600.39992579898,12407.898038206014,14844.082633723918,13600.17427619511,13600.627546623879,44.31091091932878,44.31091091932878,44.31091091932878,35.013988457595,35.013988457595,35.013988457595,9.296922461733773,9.296922461733773,9.296922461733773,0.0,0.0,0.0,13644.710836718308
2024-02-05,13600.342650909666,12161.380744523829,14760.204445075533,13600.102836893839,13600.579952395336,-108.92219275315958,-108.92219275315958,-108.92219275315958,-136.43076967916605,-136.43076967916605,-136.43076967916605,27.508576926006494,27.508576926006494,27.508576926006494,0.0,0.0,0.0,13491.420458156506
2024-02-06,13600.285376020352,12409.401077525046,14958.166518523012,13600.030793337171,13600.533005110226,129.91302992361486,129.91302992361486,129.91302992361486,83.05140624561015,83.05140624561015,83.05140624561015,46.86162367800468,46.86162367800468,46.86162367800468,0.0,0.0,0.0,13730.198405943967
2024-02-07,13600.22810113104,12406.551122564964,15061.737292583579,13599.961314589778,13600.484847852284,81.11734532454959,81.11734532454959,81.11734532454959,14.000893596127032,14.000893596127032,14.000893596127032,67.11645172842256,67.11645172842256,67.11645172842256,0.0,0.0,0.0,13681.34544645559
2024-02-08,13600.170826241727,12463.412266234613,15100.888386587416,13599.89214995992,13600.44110560391,168.909322237353,168.909322237353,168.909322237353,80.91051298018135,80.91051298018135,80.91051298018135,87.99880925717164,87.99880925717164,87.99880925717164,0.0,0.0,0.0,13769.080148479079
2024-02-09,13600.113551352413,12502.282654185132,15074.445008139593,13599.821925270733,13600.393596352476,147.27562713942748,147.27562713942748,147.27562713942748,38.071969625687544,38.071969625687544,38.071969625687544,109.20365751373994,109.20365751373994,109.20365751373994,0.0,0.0,0.0,13747.389178491841
2024-02-10,13600.0562764631,12300.789172380406,14774.595874122737,13599.752290153601,13600.352843373012,15.781875755045503,15.781875755045503,15.781875755045503,-114.61800122515416,-114.61800122515416,-114.61800122515416,130.39987698019968,130.39987698019968,130.39987698019968,0.0,0.0,0.0,13615.838152218144
2024-02-11,13599.999001573788,12529.085900404354,15172.775419408437,13599.68229421867,13600.3050079083,186.24976404808234,186.24976404808234,186.24976404808234,35.01398845765093,35.01398845765093,35.01398845765093,151.2357755904314,151.2357755904314,151.2357755904314,0.0,0.0,0.0,13786.24876562187
2024-02-12,13599.941726684474,12321.117503650388,14895.862649500734,13599.61545548563,13600.263137740527,34.91455660260218,34.91455660260218,34.91455660260218,-136.430769679051,-136.430769679051,-136.430769679051,171.34532628165317,171.34532628165317,171.34532628165317,0.0,0.0,0.0,13634.856283287076
2024-02-13,13599.88445179516,12608.108488818061,15159.75540310795,13599.544122057741,13600.22091755486,273.4064449486997,273.4064449486997,273.4064449486997,83.05140624557173,83.05140624557173,83.05140624557173,190.35503870312797,190.35503870312797,190.35503870312797,0.0,0.0,0.0,13873.29089674386
2024-02-14,13599.827176905846,12505.856273084073,15109.90060459925,13599.477347807615,13600.18158961874,221.8922418096392,221.8922418096392,221.8922418096392,14.000893595706598,14.000893595706598,14.000893595706598,207.89134821393262,207.89134821393262,207.89134821393262,0.0,0.0,0.0,13821.719418715486
2024-02-15,13599.769902016533,12608.26356118786,15179.591808298788,13599.405880493343,13600.143527123968,304.498898026392,304.498898026392,304.498898026392,80.91051297999604,80.91051297999604,80.91051297999604,223.58838504639596,223.58838504639596,223.58838504639596,0.0,0.0,0.0,13904.268800042924
2024-02-16,13599.712627127221,12663.1585362506,15204.820620109138,13599.338672288433,13600.097983696176,275.16793803977026,275.16793803977026,275.16793803977026,38.071969625127785,38.071969625127785,38.071969625127785,237.09596841464247,237.09596841464247,237.09596841464247,0.0,0.0,0.0,13874.880565166992
2024-02-17,13599.655352237907,12373.499140314392,14851.320219834852,13599.272005257868,13600.052375087245,133.4696538551834,133.4696538551834,133.4696538551834,-114.61800122528649,-114.61800122528649,-114.61800122528649,248.08765508046991,248.08765508046991,248.08765508046991,0.0,0.0,0.0,13733.12500609309
2024-02-18,13599.598077348594,12558.233691679096,15095.596924900368,13599.204959997913,13600.021405236119,291.28264857078005,291.28264857078005,291.28264857078005,35.013988457706844,35.013988457706844,35.013988457706844,256.26866011307317,256.26866011307317,256.26866011307317,0.0,0.0,0.0,13890.880725919373
2024-02-19,13599.54080245928,12476.90439737228,15043.338751753434,13599.135754409434,13599.976732398636,124.95269016536182,124.95269016536182,124.95269016536182,-136.4307696790937,-136.4307696790937,-136.4307696790937,261.3834598444555,261.3834598444555,261.3834598444555,0.0,0.0,0.0,13724.493492624642
2024-02-20,13599.483527569966,12643.479789138635,15294.260138831218,13599.059150028601,13599.933471629965,346.27429008886446,346.27429008886446,346.27429008886446,83.05140624528038,83.05140624528038,83.05140624528038,263.2228838435841,263.2228838435841,263.2228838435841,0.0,0.0,0.0,13945.75781765883
2024-02-21,13599.426252680654,12567.413013119698,15129.886105539923,13598.991326129892,13599.887707423402,275.63139806418474,275.63139806418474,275.63139806418474,14.00089359528615,14.00089359528615,14.00089359528615,261.6305044688986,261.6305044688986,261.6305044688986,0.0,0.0,0.0,13875.057650744839
2024-02-22,13599.36897779134,12702.0261573721,15299.136037546143,13598.91800311287,13599.847646665788,337.4186524526232,337.4186524526232,337.4186524526232,80.91051298050118,80.91051298050118,80.91051298050118,256.508139472122,256.508139472122,256.508139472122,0.0,0.0,0.0,13936.787630243964
2024-02-23,13599.311702902027,12615.876589482687,15279.111468798927,13598.844318632295,13599.808433288274,285.8922649491521,285.8922649491521,285.8922649491521,38.07196962587874,38.07196962587874,38.07196962587874,247.82029532327337,247.82029532327337,247.82029532327337,0.0,0.0,0.0,13885.20396785118
2024-02-24,13599.254428012713,12447.418726367481,15023.000017325885,13598.770999375125,13599.767418308216,120.97939514065945,120.97939514065945,120.97939514065945,-114.61800122541885,-114.61800122541885,-114.61800122541885,235.5973963660783,235.5973963660783,235.5973963660783,0.0,0.0,0.0,13720.233823153372
2024-02-25,13599.197153123401,12587.251813439605,15035.46159558231,13598.700619834175,13599.725856633726,254.95165585362818,254.95165585362818,254.95165585362818,35.01398845774111,35.01398845774111,35.01398845774111,219.93766739588708,219.93766739588708,219.93766739588708,0.0,0.0,0.0,13854.14880897703
2024-02-26,13599.139878234088,12437.688974260003,14958.461972086321,13598.63352525935,13599.693079186507,64.5767947396867,64.5767947396867,64.5767947396867,-136.4307696790575,-136.4307696790575,-136.4307696790575,201.0075644187442,201.0075644187442,201.0075644187442,0.0,0.0,0.0,13663.716672973775
2024-02-27,13599.082603344774,12568.189747599385,15169.567516233665,13598.566680167194,13599.654518589405,262.0920859294986,262.0920859294986,262.0920859294986,83.05140624561247,83.05140624561247,83.05140624561247,179.0406796838861,179.0406796838861,179.0406796838861,0.0,0.0,0.0,13861.174689274272
2024-02-28,13599.02532845546,12417.123114801649,15021.372134536143,13598.48851577083,13599.615912720054,168.33597551606272,168.33597551606272,168.33597551606272,14.000893595854254,14.000893595854254,14.000893595854254,154.3350819202085,154.3350819202085,154.3350819202085,0.0,0.0,0.0,13767.361303971524
2024-02-29,13598.968053566146,12547.211583916987,15123.037985941655,13598.416415466707,13599.575835011477,208.15960323618353,208.15960323618353,208.15960323618353,80.91051298031586,80.91051298031586,80.91051298031586,127.24909025586767,127.24909025586767,127.24909025586767,0.0,0.0,0.0,13807.12765680233
2024-03-01,13598.910778676835,12479.001166530057,14988.110439565111,13598.345234451674,13599.531463237648,136.26748926526832,136.26748926526832,136.26748926526832,38.071969625319,38.071969625319,38.071969625319,98.19551963994934,98.19551963994934,98.19551963994934,0.0,0.0,0.0,13735.178267942103
2024-03-02,13598.85350378752,12359.968419028748,14866.467233811116,13598.27095058854,13599.48876031256,-46.98352550785763,-46.98352550785763,-46.98352550785763,-114.6180012254372,-114.6180012254372,-114.6180012254372,67.63447571757958,67.63447571757958,67.63447571757958,0.0,0.0,0.0,13551.869978279663
2024-03-03,13598.796228898207,12344.414756346934,15143.34813786357,13598.200603960744,13599.450249651061,71.07880540902333,71.07880540902333,71.07880540902333,35.01398845779703,35.01398845779703,35.01398845779703,36.06481695122629,36.06481695122629,36.06481695122629,0.0,0.0,0.0,13669.87503430723
2024-03-04,13598.738954008893,12144.653549552282,14729.68786265509,13598.123649992336,13599.423365960381,-132.4163294438192,-132.4163294438192,-132.4163294438192,-136.4307696791002,-136.4307696791002,-136.4307696791002,4.014440235281018,4.014440235281018,4.014440235281018,0.0,0.0,0.0,13466.322624565075
2024-03-05,13598.68167911958,12419.007506750768,15033.0424690829,13598.043386110272,13599.379992679837,55.08098842570817,55.08098842570817,55.08098842570817,83.05140624520351,83.05140624520351,83.05140624520351,-27.97041781949534,-27.97041781949534,-27.97041781949534,0.0,0.0,0.0,13653.762667545288
2024-03-06,13598.624404230268,12085.200913880168,14857.943038097459,13597.968984315958,13599.334640576913,-45.33574583131709,-45.33574583131709,-45.33574583131709,14.000893596611446,14.000893596611446,14.000893596611446,-59.33663942792854,-59.33663942792854,-59.33663942792854,0.0,0.0,0.0,13553.288658398951
2024-03-07,13598.567129340954,12359.622896969684,14947.634410111814,13597.899134010617,13599.28924382797,-8.625678826012425,-8.625678826012425,-8.625678826012425,80.91051298028553,80.91051298028553,80.91051298028553,-89.53619180629796,-89.53619180629796,-89.53619180629796,0.0,0.0,0.0,13589.941450514942
2024-03-08,13598.50985445164,12295.77339584864,14833.061480143457,13597.82842875045,13599.249330773679,-79.9663570617956,-79.9663570617956,-79.9663570617956,38.071969625414596,38.071969625414596,38.071969625414596,-118.0383266872102,-118.0383266872102,-118.0383266872102,0.0,0.0,0.0,13518.543497389845
2024-03-09,13598.452579562327,12039.385334924125,14671.25858828044,13597.753796738683,13599.211594133982,-258.959724400846,-258.959724400846,-258.959724400846,-114.6180012250791,-114.6180012250791,-114.6180012250791,-144.34172317576696,-144.34172317576696,-144.34172317576696,0.0,0.0,0.0,13339.492855161481
2024-03-10,13598.395304673013,12244.407395717051,14826.635294938242,13597.678656279868,13599.175011803345,-132.97228685728868,-132.97228685728868,-132.97228685728868,35.01398845762457,35.01398845762457,35.01398845762457,-167.98627531491326,-167.98627531491326,-167.98627531491326,0.0,0.0,0.0,13465.423017815725
2024-03-11,13598.338029783701,12015.64472096587,14534.48665397726,13597.595585784326,13599.132037834772,-324.9949943397453,-324.9949943397453,-324.9949943397453,-136.430769679064,-136.430769679064,-136.430769679064,-188.56422466068125,-188.56422466068125,-188.56422466068125,0.0,0.0,0.0,13273.343035443955
2024-03-12,13598.280754894387,12162.344753367457,14743.863431204529,13597.52104253872,13599.097186859943,-122.67893871512155,-122.67893871512155,-122.67893871512155,83.05140624553565,83.05140624553565,83.05140624553565,-205.73034496065716,-205.73034496065716,-205.73034496065716,0.0,0.0,0.0,13475.601816179265
2024-03-13,13598.223480005074,12070.992577227398,14600.911924394064,13597.454619561866,13599.065085801827,-205.21000717854034,-205.21000717854034,-205.21000717854034,14.000893596191005,14.000893596191005,14.000893596191005,-219.21090077473133,-219.21090077473133,-219.21090077473133,0.0,0.0,0.0,13393.013472826533
2024-03-14,13598.16620511576,12164.960662457173,14780.060943227665,13597.376441566188,13599.022181850585,-147.90061146125794,-147.90061146125794,-147.90061146125794,80.91051298010021,80.91051298010021,80.91051298010021,-228.81112444135817,-228.81112444135817,-228.81112444135817,0.0,0.0,0.0,13450.265593654502
2024-03-15,13598.108930226448,12185.668639264219,14715.52481630978,13597.29312271148,13598.987069980984,-196.34901619411826,-196.34901619411826,-196.34901619411826,38.07196962485485,38.07196962485485,38.07196962485485,-234.42098581897312,-234.42098581897312,-234.42098581897312,0.0,0.0,0.0,13401.75991403233
2024-03-16,13598.051655337134,12097.715126900508,14480.772765228241,13597.204544657096,13598.954760058048,-350.6370673820537,-350.6370673820537,-350.6370673820537,-114.61800122570189,-114.61800122570189,-114.61800122570189,-236.01906615635187,-236.01906615635187,-236.01906615635187,0.0,0.0,0.0,13247.414587955082
2024-03-17,13597.99438044782,12102.703851802238,14719.377280228991,13597.124956173113,13598.918430177484,-198.66040200716014,-198.66040200716014,-198.66040200716014,35.01398845790888,35.01398845790888,35.01398845790888,-233.67439046506905,-233.67439046506905,-233.67439046506905,0.0,0.0,0.0,13399.33397844066
2024-03-18,13597.937105558507,11955.140046817169,14535.21198637508,13597.04316866042,13598.877354551818,-363.9768906064209,-363.9768906064209,-363.9768906064209,-136.43076967912825,-136.43076967912825,-136.43076967912825,-227.54612092729266,-227.54612092729266,-227.54612092729266,0.0,0.0,0.0,13233.960214952087
2024-03-19,13597.879830669193,12250.5858573274,14838.235988033053,13596.962294540037,13598.845532726555,-134.82965975217184,-134.82965975217184,-134.82965975217184,83.0514062454972,83.0514062454972,83.0514062454972,-217.88106599766905,-217.88106599766905,-217.88106599766905,0.0,0.0,0.0,13463.050170917022
2024-03-20,13597.822555779881,12156.92772095799,14795.731927311144,13596.881468310674,13598.811021383546,-191.0081210827395,-191.0081210827395,-191.0081210827395,14.000893595770542,14.000893595770542,14.000893595770542,-205.00901467851003,-205.00901467851003,-205.00901467851003,0.0,0.0,0.0,13406.814434697142
2024-03-21,13597.765280890568,12158.067359947288,14760.299979908497,13596.816686961703,13598.780385796172,-108.42544855512197,-108.42544855512197,-108.42544855512197,80.91051298060536,80.91051298060536,80.91051298060536,-189.33596153572734,-189.33596153572734,-189.33596153572734,0.0,0.0,0.0,13489.339832335445
2024-03-22,13597.708006001254,12175.27766314856,14783.399619014519,13596.738656269043,13598.740021899295,-133.263374292134,-133.263374292134,-133.263374292134,38.07196962495046,38.07196962495046,38.07196962495046,-171.33534391708446,-171.33534391708446,-171.33534391708446,0.0,0.0,0.0,13464.44463170912
2024-03-23,13597.65073111194,12091.685195951319,14711.3253303199,13596.66625010638,13598.693000168567,-266.1554682272429,-266.1554682272429,-266.1554682272429,-114.61800122522979,-114.61800122522979,-114.61800122522979,-151.53746700201313,-151.53746700201313,-151.53746700201313,0.0,0.0,0.0,13331.495262884697
2024-03-24,13597.593456222627,12330.258310014937,14887.359474148026,13596.59089017948,13598.654867029069,-95.50335480315674,-95.50335480315674,-95.50335480315674,35.01398845773641,35.01398845773641,35.01398845773641,-130.51734326089317,-130.51734326089317,-130.51734326089317,0.0,0.0,0.0,13502.09010141947
2024-03-25,13597.536181333315,12011.685909969005,14692.222314482075,13596.507489255417,13598.621013868289,-245.31198883465572,-245.31198883465572,-245.31198883465572,-136.43076967909204,-136.43076967909204,-136.43076967909204,-108.88121915556367,-108.88121915556367,-108.88121915556367,0.0,0.0,0.0,13352.22419249866
2024-03-26,13597.478906444001,12425.382971603522,14906.471295230487,13596.42606916575,13598.597064889535,-4.20069586936783,-4.20069586936783,-4.20069586936783,83.05140624582934,83.05140624582934,83.05140624582934,-87.25210211519718,-87.25210211519718,-87.25210211519718,0.0,0.0,0.0,13593.278210574634
2024-03-27,13597.421631554687,12292.475221609928,14905.132496442342,13596.34869976795,13598.57252751028,-52.2537401400337,-52.2537401400337,-52.2537401400337,14.000893595938914,14.000893595938914,14.000893595938914,-66.25463373597262,-66.25463373597262,-66.25463373597262,0.0,0.0,0.0,13545.167891414654
2024-03-28,13597.364356665374,12421.231743857428,14875.97643799239,13596.268281318538,13598.54852020353,34.410833276864345,34.410833276864345,34.410833276864345,80.91051297972959,80.91051297972959,80.91051297972959,-46.49967970286524,-46.49967970286524,-46.49967970286524,0.0,0.0,0.0,13631.775189942238
2024-03-29,13597.307081776062,12337.087051097029,14873.517618423726,13596.184118589365,13598.50684678411,9.50294735334043,9.50294735334043,9.50294735334043,38.07196962534116,38.07196962534116,38.07196962534116,-28.56902227200073,-28.56902227200073,-28.56902227200073,0.0,0.0,0.0,13606.810029129401
2024-03-30,13597.249806886748,12255.907757176159,14714.405352694113,13596.109925514707,13598.46953508292,-127.61854786362359,-127.61854786362359,-127.61854786362359,-114.61800122585257,-114.61800122585257,-114.61800122585257,-13.000546637771022,-13.000546637771022,-13.000546637771022,0.0,0.0,0.0,13469.631259023125
2024-03-31,13597.192531997434,12345.218321878334,14997.75709477723,13596.034049668237,13598.430719452215,34.73968067865263,34.73968067865263,34.73968067865263,35.013988457563954,35.013988457563954,35.013988457563954,-0.27430777891133107,-0.27430777891133107,-0.27430777891133107,0.0,0.0,0.0,13631.932212676087
