Date,Store ID,Product ID,Category,Region,Inventory Level,Units Sold,Units Ordered,Demand Forecast,Price,Discount,Weather Condition,Holiday/Promotion,Competitor Pricing,Seasonality
01-01-2022 00:00,S001,P0001,Groceries,North,231,127,55,135.47,33.5,20,Rainy,0,29.69,Autumn
01-01-2022 00:00,S001,P0002,Toys,South,204,150,66,144.04,63.01,20,Sunny,0,66.16,Autumn
01-01-2022 00:00,S001,P0003,Toys,West,102,65,51,74.02,27.99,10,Sunny,1,31.32,Summer
01-01-2022 00:00,S001,P0004,Toys,North,469,61,164,62.18,32.72,10,Cloudy,1,34.74,Autumn
01-01-2022 00:00,S001,P0005,Electronics,East,166,14,135,9.26,73.64,0,Sunny,0,68.95,Summer
01-01-2022 00:00,S001,P0006,Groceries,South,138,128,102,139.82,76.83,10,Sunny,1,79.35,Winter
01-01-2022 00:00,S001,P0007,Furniture,East,359,97,167,108.92,34.16,10,Rainy,1,36.55,Winter
01-01-2022 00:00,S001,P0008,Clothing,North,380,312,54,329.73,97.99,5,Cloudy,0,100.09,Spring
01-01-2022 00:00,S001,P0009,Electronics,West,183,175,135,174.15,20.74,10,Cloudy,0,17.66,Autumn
01-01-2022 00:00,S001,P0010,Toys,South,108,28,196,24.47,59.99,0,Rainy,1,61.21,Winter
01-01-2022 00:00,S001,P0011,Furniture,South,258,150,153,152.74,58.53,10,Sunny,1,61.42,Spring
01-01-2022 00:00,S001,P0012,Clothing,West,66,24,70,26.75,58.25,20,Snowy,0,62.21,Spring
01-01-2022 00:00,S001,P0013,Toys,South,96,42,85,41.46,43.6,0,Cloudy,0,46.31,Spring
01-01-2022 00:00,S001,P0014,Clothing,West,193,12,187,6.8,78.11,0,Sunny,0,80.06,Spring
01-01-2022 00:00,S001,P0015,Clothing,North,379,369,154,363.46,92.99,15,Snowy,0,95.8,Winter
01-01-2022 00:00,S001,P0016,Electronics,North,363,255,69,255.74,21.9,5,Cloudy,1,20.27,Autumn
01-01-2022 00:00,S001,P0017,Toys,West,318,246,177,255.37,21.07,20,Sunny,0,16.49,Winter
01-01-2022 00:00,S001,P0018,Clothing,South,241,151,47,147.27,19.57,5,Cloudy,0,23.13,Autumn
01-01-2022 00:00,S001,P0019,Clothing,East,352,257,186,267.38,73.28,10,Cloudy,0,77.26,Winter
01-01-2022 00:00,S001,P0020,Toys,East,274,99,166,115.23,30.24,5,Cloudy,0,27.1,Spring
01-01-2022 00:00,S002,P0001,Groceries,South,343,104,144,112.55,32.8,20,Sunny,1,30.78,Spring
01-01-2022 00:00,S002,P0002,Clothing,West,373,141,151,135.62,46.16,10,Rainy,1,45.21,Winter
01-01-2022 00:00,S002,P0003,Furniture,East,445,182,119,176.31,20.46,20,Snowy,1,22,Spring
01-01-2022 00:00,S002,P0004,Toys,West,191,63,115,54.57,26.19,0,Cloudy,0,28.06,Autumn
01-01-2022 00:00,S002,P0005,Toys,West,281,156,25,150.9,83.29,20,Rainy,0,80.64,Autumn
01-01-2022 00:00,S002,P0006,Furniture,North,492,250,168,242.57,85.59,20,Cloudy,0,86.82,Winter
01-01-2022 00:00,S002,P0007,Groceries,West,460,393,70,401.48,91.13,5,Sunny,0,93.33,Summer
01-01-2022 00:00,S002,P0008,Electronics,West,304,29,99,35.54,66.96,20,Snowy,0,65.36,Summer
01-01-2022 00:00,S002,P0009,Clothing,South,113,9,84,14.78,81.29,5,Rainy,1,82.06,Winter
01-01-2022 00:00,S002,P0010,Electronics,North,157,126,181,132.75,60.84,0,Snowy,1,65.22,Winter
01-01-2022 00:00,S002,P0011,Groceries,West,67,13,33,7.44,34.62,0,Snowy,1,33.98,Autumn
01-01-2022 00:00,S002,P0012,Groceries,East,281,25,136,37.27,19.56,5,Rainy,1,19.01,Winter
01-01-2022 00:00,S002,P0013,Clothing,East,389,283,177,299.7,57.78,20,Cloudy,0,58.5,Spring
01-01-2022 00:00,S002,P0014,Electronics,East,465,359,77,370.36,91.28,20,Cloudy,0,90.85,Summer
01-01-2022 00:00,S002,P0015,Toys,South,197,129,94,148.55,59.9,15,Sunny,1,55.23,Winter
01-01-2022 00:00,S002,P0016,Toys,South,242,63,85,58.07,45.65,20,Rainy,1,42.17,Spring
01-01-2022 00:00,S002,P0017,Groceries,West,398,373,92,390.89,11.71,20,Cloudy,1,10,Winter
01-01-2022 00:00,S002,P0018,Groceries,North,234,160,140,177.41,58.84,5,Cloudy,0,54.39,Summer
01-01-2022 00:00,S002,P0019,Toys,East,67,15,186,34.38,84.99,5,Sunny,1,81.02,Winter
01-01-2022 00:00,S002,P0020,Toys,West,221,101,38,115,87.1,0,Rainy,1,91.56,Spring
01-01-2022 00:00,S003,P0001,Toys,South,241,147,180,161.09,67.21,5,Sunny,1,67.39,Summer
01-01-2022 00:00,S003,P0002,Electronics,West,115,4,169,11.11,28.2,10,Sunny,1,25.63,Spring
01-01-2022 00:00,S003,P0003,Groceries,South,375,77,145,75.04,56.16,10,Sunny,1,57.16,Spring
01-01-2022 00:00,S003,P0004,Toys,South,153,31,145,42.99,89.53,20,Rainy,1,93.6,Winter
01-01-2022 00:00,S003,P0005,Clothing,West,438,325,20,330.92,97.95,20,Sunny,0,93.54,Winter
01-01-2022 00:00,S003,P0006,Groceries,North,456,163,22,159.17,76.37,5,Rainy,1,71.38,Summer
01-01-2022 00:00,S003,P0007,Electronics,North,189,34,107,26.91,86.99,15,Rainy,1,90.5,Summer
01-01-2022 00:00,S003,P0008,Toys,North,223,47,107,45.48,66.53,15,Cloudy,1,70.46,Spring
01-01-2022 00:00,S003,P0009,Groceries,South,381,15,184,30.05,74.86,15,Snowy,1,73.93,Winter
01-01-2022 00:00,S003,P0010,Groceries,South,166,126,124,141.34,97.09,5,Rainy,1,95.8,Summer
01-01-2022 00:00,S003,P0011,Toys,East,292,232,155,242.02,56.19,0,Snowy,1,57.85,Winter
01-01-2022 00:00,S003,P0012,Electronics,North,311,175,55,176.75,90.38,20,Cloudy,0,89.52,Summer
01-01-2022 00:00,S003,P0013,Furniture,North,51,17,172,12.86,73.98,20,Cloudy,1,76.65,Summer
01-01-2022 00:00,S003,P0014,Electronics,South,398,369,26,387.88,79.03,5,Rainy,0,82.51,Spring
01-01-2022 00:00,S003,P0015,Clothing,West,445,260,24,266.36,27.72,5,Snowy,0,23.28,Autumn
01-01-2022 00:00,S003,P0016,Groceries,South,487,347,93,349.36,98.18,15,Rainy,0,99.58,Winter
01-01-2022 00:00,S003,P0017,Clothing,East,429,150,168,157.82,27.1,5,Cloudy,1,27.4,Spring
01-01-2022 00:00,S003,P0018,Toys,West,204,70,170,83.01,97.08,15,Snowy,1,94.88,Winter
01-01-2022 00:00,S003,P0019,Clothing,East,330,249,37,268.25,26.71,15,Cloudy,1,24.81,Summer
01-01-2022 00:00,S003,P0020,Electronics,North,431,370,99,387.57,95.85,20,Cloudy,1,95.7,Spring
01-01-2022 00:00,S004,P0001,Toys,South,477,271,66,286.65,15.62,15,Sunny,0,16.09,Winter
01-01-2022 00:00,S004,P0002,Clothing,North,462,180,183,176.06,41.13,5,Sunny,0,45.05,Autumn
01-01-2022 00:00,S004,P0003,Clothing,West,446,344,27,352.93,89.32,20,Cloudy,0,93,Autumn
01-01-2022 00:00,S004,P0004,Groceries,West,437,0,160,-2.4,87.23,10,Sunny,0,90.36,Spring
01-01-2022 00:00,S004,P0005,Groceries,North,397,200,172,196.57,81.72,0,Snowy,1,85.22,Spring
01-01-2022 00:00,S004,P0006,Electronics,East,470,382,195,396.4,41.35,10,Snowy,0,39.86,Summer
01-01-2022 00:00,S004,P0007,Electronics,West,264,190,139,197.45,67.26,20,Cloudy,0,64.78,Summer
01-01-2022 00:00,S004,P0008,Furniture,South,250,51,137,54.98,85.88,20,Snowy,1,86.14,Winter
01-01-2022 00:00,S004,P0009,Furniture,North,63,40,73,51.78,59.23,10,Rainy,1,61.1,Summer
01-01-2022 00:00,S004,P0010,Groceries,East,447,104,96,115.03,33.48,15,Cloudy,0,37.15,Summer
01-01-2022 00:00,S004,P0011,Electronics,West,205,46,27,46.65,54.84,0,Sunny,1,57.76,Spring
01-01-2022 00:00,S004,P0012,Electronics,North,349,9,165,0.95,14.25,5,Rainy,1,18.56,Spring
01-01-2022 00:00,S004,P0013,Furniture,East,191,56,65,54.47,61.81,0,Sunny,0,63.92,Autumn
01-01-2022 00:00,S004,P0014,Electronics,West,406,63,139,69.73,66.94,10,Snowy,1,68.47,Winter
01-01-2022 00:00,S004,P0015,Clothing,South,228,181,127,171.96,60.54,5,Cloudy,0,65.27,Autumn
01-01-2022 00:00,S004,P0016,Groceries,South,263,94,24,98.05,94.26,15,Rainy,0,96.74,Summer
01-01-2022 00:00,S004,P0017,Electronics,South,203,46,75,55.12,25.55,0,Rainy,0,28.07,Winter
01-01-2022 00:00,S004,P0018,Groceries,West,143,8,27,27.3,16.73,5,Cloudy,1,18.79,Spring
01-01-2022 00:00,S004,P0019,Groceries,West,359,172,125,181.25,71.2,15,Rainy,1,73.85,Spring
01-01-2022 00:00,S004,P0020,Clothing,West,211,68,37,86.27,11.5,20,Snowy,0,9.26,Winter
01-01-2022 00:00,S005,P0001,Toys,West,111,77,60,83.47,70.33,10,Cloudy,0,70.29,Winter
01-01-2022 00:00,S005,P0002,Clothing,West,415,298,107,292.96,57.15,5,Snowy,1,60.71,Autumn
01-01-2022 00:00,S005,P0003,Electronics,North,384,64,26,76.02,36.17,5,Sunny,0,40.93,Spring
01-01-2022 00:00,S005,P0004,Furniture,West,436,300,174,292.04,50.77,15,Snowy,1,54.7,Spring
01-01-2022 00:00,S005,P0005,Clothing,West,180,21,47,38.63,92.86,15,Rainy,1,96.3,Winter
01-01-2022 00:00,S005,P0006,Groceries,North,185,176,163,174.06,60.76,20,Cloudy,0,61.15,Summer
01-01-2022 00:00,S005,P0007,Clothing,South,292,131,140,122.6,46.47,15,Snowy,0,50.84,Summer
01-01-2022 00:00,S005,P0008,Toys,West,478,317,197,328.64,34.08,5,Snowy,1,30.44,Winter
01-01-2022 00:00,S005,P0009,Groceries,West,182,97,27,92.62,87.81,5,Snowy,0,85.45,Spring
01-01-2022 00:00,S005,P0010,Clothing,East,87,8,141,14.38,37.04,10,Rainy,1,36.87,Summer
01-01-2022 00:00,S005,P0011,Groceries,West,427,104,128,94.65,54.12,10,Rainy,1,53.03,Summer
01-01-2022 00:00,S005,P0012,Electronics,West,245,87,188,90.59,67.64,15,Sunny,0,63.53,Summer
01-01-2022 00:00,S005,P0013,Furniture,South,317,238,95,256.57,82.18,5,Cloudy,0,87.09,Summer
01-01-2022 00:00,S005,P0014,Electronics,South,325,171,43,188.55,42.62,20,Cloudy,1,42.01,Autumn
01-01-2022 00:00,S005,P0015,Furniture,West,411,250,119,260.79,11.54,10,Cloudy,0,11.27,Spring
01-01-2022 00:00,S005,P0016,Clothing,South,71,11,32,1.85,16.3,5,Sunny,0,17.98,Winter
01-01-2022 00:00,S005,P0017,Electronics,East,388,371,98,390.04,98.31,15,Sunny,1,102.42,Spring
01-01-2022 00:00,S005,P0018,Furniture,West,161,107,66,103.97,48.96,10,Snowy,1,50.03,Spring
01-01-2022 00:00,S005,P0019,Groceries,South,235,106,124,119.33,88.22,5,Rainy,0,91.16,Spring
01-01-2022 00:00,S005,P0020,Electronics,South,108,101,52,105.92,11.04,10,Snowy,1,9.14,Autumn
02-01-2022 00:00,S001,P0001,Groceries,West,116,81,104,92.94,27.95,10,Cloudy,0,30.89,Spring
02-01-2022 00:00,S001,P0002,Clothing,West,416,163,79,171.6,19.78,15,Cloudy,0,18.76,Spring
02-01-2022 00:00,S001,P0003,Clothing,South,488,464,163,463.12,70.99,10,Snowy,0,72.93,Summer
02-01-2022 00:00,S001,P0004,Groceries,East,248,116,107,133.92,49.56,5,Snowy,0,50.46,Summer
02-01-2022 00:00,S001,P0005,Electronics,East,238,200,40,204.3,23.76,15,Sunny,1,19.19,Summer
02-01-2022 00:00,S001,P0006,Furniture,East,471,58,32,51.57,47.56,0,Snowy,1,46.82,Summer
02-01-2022 00:00,S001,P0007,Electronics,North,178,56,149,60.3,17.1,5,Snowy,1,17,Autumn
02-01-2022 00:00,S001,P0008,Clothing,East,92,74,121,67.04,58.89,5,Cloudy,0,61.56,Autumn
02-01-2022 00:00,S001,P0009,Toys,South,99,54,182,70.6,99.76,20,Cloudy,0,95.61,Spring
02-01-2022 00:00,S001,P0010,Clothing,North,171,39,163,47.8,11.44,5,Sunny,0,12.71,Summer
02-01-2022 00:00,S001,P0011,Furniture,East,215,12,173,16.92,53.84,0,Cloudy,1,53.79,Spring
02-01-2022 00:00,S001,P0012,Furniture,East,281,56,187,70.71,57.84,5,Snowy,1,60.99,Summer
02-01-2022 00:00,S001,P0013,Toys,North,455,31,124,44.46,35.51,15,Cloudy,1,31.06,Autumn
02-01-2022 00:00,S001,P0014,Electronics,West,84,25,20,23.36,31.41,0,Cloudy,1,28.6,Spring
02-01-2022 00:00,S001,P0015,Electronics,East,246,198,67,203.23,28.06,20,Cloudy,1,30.29,Winter
02-01-2022 00:00,S001,P0016,Electronics,West,399,77,147,67.55,35.67,15,Snowy,0,38.02,Summer
02-01-2022 00:00,S001,P0017,Furniture,West,242,165,105,181.86,28.18,5,Cloudy,0,27.5,Autumn
02-01-2022 00:00,S001,P0018,Toys,North,478,42,168,55.16,74.42,5,Snowy,0,69.67,Summer
02-01-2022 00:00,S001,P0019,Furniture,South,156,8,67,24.41,91.95,5,Cloudy,1,87.43,Spring
02-01-2022 00:00,S001,P0020,Electronics,North,221,174,168,187.49,97.88,0,Snowy,0,99.5,Autumn
02-01-2022 00:00,S002,P0001,Electronics,West,402,343,141,339.04,66.57,20,Rainy,1,63.92,Summer
02-01-2022 00:00,S002,P0002,Furniture,West,132,71,60,82.44,90.36,5,Rainy,0,86.73,Winter
02-01-2022 00:00,S002,P0003,Groceries,West,218,157,31,153.42,92.24,5,Snowy,1,89.57,Autumn
02-01-2022 00:00,S002,P0004,Groceries,South,131,88,109,100.61,68.71,0,Snowy,0,69.34,Spring
02-01-2022 00:00,S002,P0005,Groceries,North,93,64,128,57.53,87.22,5,Cloudy,1,90.59,Spring
02-01-2022 00:00,S002,P0006,Groceries,East,344,273,154,273.1,79.38,0,Rainy,0,77.28,Autumn
02-01-2022 00:00,S002,P0007,Groceries,North,340,247,148,264.18,17.41,15,Snowy,0,13.57,Summer
02-01-2022 00:00,S002,P0008,Electronics,North,241,42,187,46.32,14.8,15,Sunny,1,13.94,Spring
02-01-2022 00:00,S002,P0009,Electronics,North,296,197,157,195.61,30.5,0,Sunny,0,28.86,Spring
02-01-2022 00:00,S002,P0010,Groceries,West,472,374,65,387.41,27.84,15,Cloudy,1,32,Spring
02-01-2022 00:00,S002,P0011,Furniture,East,308,154,22,169.13,88.62,0,Cloudy,0,86.3,Winter
02-01-2022 00:00,S002,P0012,Toys,North,434,236,30,239.09,82.35,20,Rainy,0,83.13,Autumn
02-01-2022 00:00,S002,P0013,Toys,North,287,278,92,279.91,92.57,10,Sunny,1,97.09,Summer
02-01-2022 00:00,S002,P0014,Furniture,West,190,27,134,31.53,94.38,5,Rainy,0,89.47,Autumn
02-01-2022 00:00,S002,P0015,Toys,North,353,106,191,110.49,70.59,0,Cloudy,1,75.27,Winter
02-01-2022 00:00,S002,P0016,Toys,West,210,154,70,166.83,63.13,10,Sunny,0,67.23,Autumn
02-01-2022 00:00,S002,P0017,Clothing,West,193,176,38,174.49,46.04,5,Rainy,1,41.4,Autumn
02-01-2022 00:00,S002,P0018,Groceries,East,124,124,46,116.05,21.07,10,Sunny,0,21.71,Autumn
02-01-2022 00:00,S002,P0019,Toys,East,492,479,132,469.74,79.11,0,Cloudy,0,80.06,Winter
02-01-2022 00:00,S002,P0020,Clothing,South,222,78,42,76.55,64.99,0,Sunny,1,65.4,Summer
02-01-2022 00:00,S003,P0001,Toys,West,277,114,40,132.41,73.48,10,Cloudy,0,72.55,Autumn
02-01-2022 00:00,S003,P0002,Groceries,East,175,2,140,-3.4,87.5,0,Rainy,0,91.2,Autumn
02-01-2022 00:00,S003,P0003,Toys,East,157,7,187,22.8,88.68,20,Cloudy,1,87.38,Autumn
02-01-2022 00:00,S003,P0004,Furniture,West,120,54,154,49.64,82.36,20,Snowy,0,85.85,Autumn
02-01-2022 00:00,S003,P0005,Furniture,East,375,282,61,297.42,38.56,5,Cloudy,0,36.57,Winter
02-01-2022 00:00,S003,P0006,Groceries,East,302,93,33,106.58,97.74,0,Cloudy,0,97.69,Winter
02-01-2022 00:00,S003,P0007,Electronics,West,375,85,40,85.31,37.68,15,Cloudy,0,36.72,Autumn
02-01-2022 00:00,S003,P0008,Clothing,South,248,136,50,130.52,36.03,5,Rainy,0,37.49,Spring
02-01-2022 00:00,S003,P0009,Electronics,West,219,140,196,139.46,88.97,0,Snowy,1,91.53,Spring
02-01-2022 00:00,S003,P0010,Furniture,West,146,79,155,94.23,16.48,10,Cloudy,1,21.42,Spring
02-01-2022 00:00,S003,P0011,Furniture,South,218,106,111,117.65,58.37,10,Cloudy,1,58.1,Autumn
02-01-2022 00:00,S003,P0012,Groceries,West,260,1,142,1.99,27.86,5,Snowy,1,31.78,Winter
02-01-2022 00:00,S003,P0013,Electronics,West,414,203,53,206.35,39.14,5,Rainy,1,35.3,Autumn
02-01-2022 00:00,S003,P0014,Toys,North,420,368,71,384.47,66.51,0,Cloudy,0,70.84,Spring
02-01-2022 00:00,S003,P0015,Electronics,East,435,286,159,283.25,89.65,20,Snowy,0,84.99,Winter
02-01-2022 00:00,S003,P0016,Clothing,South,230,69,173,70.77,86.7,20,Rainy,0,91.05,Spring
02-01-2022 00:00,S003,P0017,Toys,South,456,52,78,65.67,29.69,20,Snowy,0,25.27,Summer
02-01-2022 00:00,S003,P0018,Toys,East,319,109,83,126.67,86.93,10,Rainy,1,82.59,Winter
02-01-2022 00:00,S003,P0019,Furniture,North,59,50,135,44.37,59.33,10,Cloudy,0,54.98,Spring
02-01-2022 00:00,S003,P0020,Electronics,East,155,0,92,9.42,57.07,10,Rainy,1,53.34,Summer
02-01-2022 00:00,S004,P0001,Electronics,North,144,22,45,39.12,74.16,15,Rainy,0,69.74,Autumn
02-01-2022 00:00,S004,P0002,Electronics,East,283,45,156,46.65,59.38,0,Sunny,1,62.4,Spring
02-01-2022 00:00,S004,P0003,Clothing,East,347,89,122,87.77,48.18,0,Sunny,1,49.64,Spring
02-01-2022 00:00,S004,P0004,Groceries,East,410,209,128,224.66,94.75,20,Snowy,0,90.1,Autumn
02-01-2022 00:00,S004,P0005,Toys,West,99,4,76,14.91,60.89,5,Sunny,0,59.42,Autumn
02-01-2022 00:00,S004,P0006,Toys,East,97,47,138,52.02,14.71,5,Cloudy,0,16.85,Autumn
02-01-2022 00:00,S004,P0007,Furniture,West,339,115,95,124.22,33.09,10,Rainy,0,28.55,Spring
02-01-2022 00:00,S004,P0008,Toys,South,144,27,119,21.73,98.75,15,Snowy,0,102.7,Summer
02-01-2022 00:00,S004,P0009,Furniture,South,110,90,28,103.6,12.4,20,Snowy,0,8.56,Autumn
02-01-2022 00:00,S004,P0010,Groceries,South,348,206,67,214.99,92.01,15,Snowy,1,87.81,Autumn
02-01-2022 00:00,S004,P0011,Toys,East,458,328,144,339.54,92.12,20,Sunny,1,87.37,Spring
02-01-2022 00:00,S004,P0012,Groceries,South,403,155,24,145.99,37.39,20,Sunny,0,38.71,Spring
02-01-2022 00:00,S004,P0013,Clothing,West,198,184,161,191.55,85.35,10,Rainy,1,80.79,Spring
02-01-2022 00:00,S004,P0014,Electronics,East,472,16,166,28.75,82.64,0,Cloudy,0,78.35,Autumn
02-01-2022 00:00,S004,P0015,Toys,North,178,90,79,98.56,92.19,10,Snowy,1,97.07,Summer
02-01-2022 00:00,S004,P0016,Clothing,West,215,178,111,180.76,61.41,0,Sunny,0,61.32,Spring
02-01-2022 00:00,S004,P0017,Electronics,South,477,256,150,254.89,96.47,20,Cloudy,0,93.35,Spring
02-01-2022 00:00,S004,P0018,Furniture,South,198,27,62,25.51,89.33,0,Sunny,0,89.63,Spring
02-01-2022 00:00,S004,P0019,Groceries,North,110,67,83,79.41,59.49,20,Rainy,1,57.55,Spring
02-01-2022 00:00,S004,P0020,Electronics,North,254,84,112,77.15,73.05,15,Sunny,1,74.55,Autumn
02-01-2022 00:00,S005,P0001,Groceries,East,223,67,53,74.8,67.49,5,Sunny,0,65.24,Winter
02-01-2022 00:00,S005,P0002,Furniture,West,100,15,114,28.97,66.05,10,Sunny,1,65.16,Autumn
02-01-2022 00:00,S005,P0003,Toys,West,397,333,35,336.02,80.88,20,Rainy,1,84.97,Winter
02-01-2022 00:00,S005,P0004,Groceries,North,442,56,38,54.08,60.5,10,Cloudy,1,64.88,Spring
02-01-2022 00:00,S005,P0005,Furniture,West,411,165,194,172.41,71.72,20,Rainy,0,75.17,Autumn
02-01-2022 00:00,S005,P0006,Clothing,North,76,54,175,49.32,69.21,15,Rainy,1,71.17,Summer
02-01-2022 00:00,S005,P0007,Clothing,East,257,93,148,84.69,70.69,20,Snowy,0,71.37,Winter
02-01-2022 00:00,S005,P0008,Furniture,East,353,250,57,254.75,63.54,15,Cloudy,0,61.05,Summer
02-01-2022 00:00,S005,P0009,Electronics,West,119,90,76,99.63,78.08,10,Sunny,0,73.69,Winter
02-01-2022 00:00,S005,P0010,Furniture,West,403,83,77,84.32,43.09,10,Sunny,1,47.02,Spring
02-01-2022 00:00,S005,P0011,Electronics,East,60,16,149,23.98,25.67,5,Sunny,1,27.78,Winter
02-01-2022 00:00,S005,P0012,Toys,West,182,87,121,83.13,38.59,20,Rainy,0,33.87,Spring
02-01-2022 00:00,S005,P0013,Furniture,East,455,241,136,235.03,57.99,5,Sunny,0,55.4,Spring
02-01-2022 00:00,S005,P0014,Toys,South,437,286,116,282.52,14.65,20,Snowy,1,13.12,Winter
02-01-2022 00:00,S005,P0015,Clothing,West,289,60,83,52.77,63.26,0,Rainy,1,61.02,Autumn
02-01-2022 00:00,S005,P0016,Groceries,East,487,437,106,432.86,43.64,15,Cloudy,1,39.13,Autumn
02-01-2022 00:00,S005,P0017,Toys,North,418,377,76,383.26,84.85,20,Sunny,1,84.29,Summer
02-01-2022 00:00,S005,P0018,Clothing,West,89,83,113,78.67,47.05,15,Rainy,1,47.89,Spring
02-01-2022 00:00,S005,P0019,Clothing,West,421,203,152,220.23,76.83,20,Snowy,0,75.86,Spring
02-01-2022 00:00,S005,P0020,Clothing,South,211,183,189,190.11,93.95,10,Sunny,1,98.89,Spring
03-01-2022 00:00,S001,P0001,Electronics,West,154,5,189,5.36,62.7,20,Rainy,0,58.22,Winter
03-01-2022 00:00,S001,P0002,Clothing,East,282,199,70,193.26,54.02,0,Cloudy,0,52.91,Spring
03-01-2022 00:00,S001,P0003,Toys,South,183,176,124,168.28,26.03,10,Rainy,0,29.38,Winter
03-01-2022 00:00,S001,P0004,Electronics,East,239,214,51,228.51,10.19,0,Cloudy,1,7.82,Winter
03-01-2022 00:00,S001,P0005,Groceries,West,368,165,56,170.76,95.54,0,Sunny,0,91.29,Spring
03-01-2022 00:00,S001,P0006,Furniture,South,57,9,40,13.6,57.65,5,Sunny,0,58.01,Summer
03-01-2022 00:00,S001,P0007,Clothing,South,460,140,70,143.7,87.85,20,Sunny,0,91.9,Winter
03-01-2022 00:00,S001,P0008,Groceries,West,214,177,150,178,53.94,5,Snowy,0,51.47,Autumn
03-01-2022 00:00,S001,P0009,Groceries,South,407,217,55,217.69,61.42,20,Sunny,0,65.86,Winter
03-01-2022 00:00,S001,P0010,Electronics,West,51,47,155,38.08,99.14,10,Snowy,0,102.66,Autumn
03-01-2022 00:00,S001,P0011,Groceries,East,252,3,98,5.18,60.52,0,Cloudy,0,62.72,Autumn
03-01-2022 00:00,S001,P0012,Clothing,East,72,2,62,9.81,86.93,15,Cloudy,0,83.11,Summer
03-01-2022 00:00,S001,P0013,Clothing,South,194,18,120,20.5,83.11,10,Snowy,1,85.16,Summer
03-01-2022 00:00,S001,P0014,Toys,South,302,242,145,255.54,32.28,10,Rainy,1,30.1,Winter
03-01-2022 00:00,S001,P0015,Toys,North,330,228,157,246.91,52.17,10,Sunny,1,52.43,Summer
03-01-2022 00:00,S001,P0016,Clothing,East,148,31,160,35.11,93.61,15,Snowy,1,94.15,Spring
03-01-2022 00:00,S001,P0017,Clothing,North,315,16,197,33.51,98.25,5,Sunny,0,100.34,Spring
03-01-2022 00:00,S001,P0018,Furniture,East,97,20,147,37.26,78.53,5,Rainy,0,75.48,Autumn
03-01-2022 00:00,S001,P0019,Furniture,South,240,193,171,203.45,56.91,0,Sunny,1,54.2,Spring
03-01-2022 00:00,S001,P0020,Toys,North,178,118,162,110.02,35.32,20,Cloudy,1,37.56,Summer
03-01-2022 00:00,S002,P0001,Toys,North,405,96,171,100.82,48.08,0,Rainy,1,49.4,Autumn
03-01-2022 00:00,S002,P0002,Electronics,North,200,48,47,55.45,46.95,15,Snowy,1,43.48,Summer
03-01-2022 00:00,S002,P0003,Furniture,West,327,130,166,127.03,94.45,20,Cloudy,1,99.26,Winter
03-01-2022 00:00,S002,P0004,Groceries,North,409,11,48,8.25,27.28,10,Snowy,1,28.61,Autumn
03-01-2022 00:00,S002,P0005,Groceries,West,327,313,194,326.56,29.74,0,Snowy,1,31.67,Winter
03-01-2022 00:00,S002,P0006,Furniture,North,388,352,199,365.82,27.64,5,Snowy,0,27.19,Summer
03-01-2022 00:00,S002,P0007,Toys,South,483,265,108,277.23,60.54,5,Rainy,0,55.83,Autumn
03-01-2022 00:00,S002,P0008,Furniture,South,70,11,137,23.62,58.55,10,Cloudy,0,63.45,Summer
03-01-2022 00:00,S002,P0009,Groceries,South,288,191,29,207.27,58.59,0,Cloudy,0,60.98,Summer
03-01-2022 00:00,S002,P0010,Electronics,West,270,185,150,192.21,95.48,0,Rainy,1,91.76,Winter
03-01-2022 00:00,S002,P0011,Clothing,North,217,143,66,154.26,37.81,20,Snowy,1,37.14,Autumn
03-01-2022 00:00,S002,P0012,Electronics,West,221,85,84,104.48,48.7,10,Rainy,0,51.33,Spring
03-01-2022 00:00,S002,P0013,Groceries,West,303,270,164,268.73,65.89,10,Cloudy,0,64.52,Summer
03-01-2022 00:00,S002,P0014,Groceries,West,298,233,143,245.02,20.37,0,Rainy,1,23.3,Spring
03-01-2022 00:00,S002,P0015,Furniture,West,193,187,57,177.8,46.25,0,Snowy,0,49.2,Spring
03-01-2022 00:00,S002,P0016,Electronics,South,205,39,147,37.83,71.74,10,Rainy,0,76.17,Winter
03-01-2022 00:00,S002,P0017,Toys,West,427,234,195,231.16,20.57,10,Rainy,1,22.24,Autumn
03-01-2022 00:00,S002,P0018,Clothing,South,365,213,106,208.31,29.88,20,Rainy,1,25.73,Autumn
03-01-2022 00:00,S002,P0019,Clothing,North,111,55,163,71.88,73.98,15,Rainy,1,73.5,Winter
03-01-2022 00:00,S002,P0020,Groceries,South,271,22,178,15.3,45.02,10,Sunny,0,47.01,Spring
03-01-2022 00:00,S003,P0001,Clothing,North,134,100,185,100.66,82.88,10,Sunny,1,86.74,Autumn
03-01-2022 00:00,S003,P0002,Groceries,North,405,353,74,355.08,17.36,0,Cloudy,1,17.32,Spring
03-01-2022 00:00,S003,P0003,Electronics,West,290,255,118,246.78,42.7,20,Snowy,0,40.38,Autumn
03-01-2022 00:00,S003,P0004,Clothing,South,403,154,189,166.81,89.67,15,Sunny,0,88.99,Autumn
03-01-2022 00:00,S003,P0005,Clothing,East,311,147,29,154.97,65.77,0,Cloudy,1,61.06,Spring
03-01-2022 00:00,S003,P0006,Electronics,North,448,342,112,357.52,95.74,10,Cloudy,0,94.29,Summer
03-01-2022 00:00,S003,P0007,Furniture,West,277,54,126,48.62,98.9,0,Cloudy,0,97.62,Summer
03-01-2022 00:00,S003,P0008,Toys,East,421,289,112,292.21,41.11,15,Cloudy,0,36.9,Summer
03-01-2022 00:00,S003,P0009,Toys,South,241,179,135,198.59,42.07,0,Snowy,1,37.66,Winter
03-01-2022 00:00,S003,P0010,Furniture,South,186,175,75,177.8,95.89,0,Rainy,1,96.19,Autumn
03-01-2022 00:00,S003,P0011,Clothing,West,413,209,86,220.54,84.12,5,Sunny,0,89.06,Spring
03-01-2022 00:00,S003,P0012,Toys,East,112,109,46,113.33,71.21,20,Rainy,1,74.71,Summer
03-01-2022 00:00,S003,P0013,Groceries,South,268,43,78,49.77,49.23,0,Rainy,1,47.75,Spring
03-01-2022 00:00,S003,P0014,Toys,South,347,58,38,49.31,21.87,10,Rainy,1,25,Autumn
03-01-2022 00:00,S003,P0015,Electronics,South,495,399,86,390.1,60.83,0,Cloudy,1,60.34,Spring
03-01-2022 00:00,S003,P0016,Clothing,West,324,95,145,111.3,56.78,20,Rainy,0,60.75,Winter
03-01-2022 00:00,S003,P0017,Clothing,West,330,296,138,297.58,76.12,5,Snowy,0,77.55,Spring
03-01-2022 00:00,S003,P0018,Electronics,East,297,105,66,104.66,98.9,10,Sunny,0,96.55,Winter
03-01-2022 00:00,S003,P0019,Clothing,East,169,103,47,107.67,46.24,5,Cloudy,0,47.84,Autumn
03-01-2022 00:00,S003,P0020,Toys,South,257,131,103,123.65,16.35,15,Cloudy,0,19.59,Autumn
03-01-2022 00:00,S004,P0001,Groceries,East,175,66,140,56.84,83.63,15,Sunny,0,79.9,Summer
03-01-2022 00:00,S004,P0002,Groceries,West,228,163,161,161.48,81.57,0,Cloudy,1,77.66,Winter
03-01-2022 00:00,S004,P0003,Clothing,South,188,98,176,98.87,44.68,10,Snowy,0,42.55,Spring
03-01-2022 00:00,S004,P0004,Groceries,East,211,150,20,167.75,60.11,0,Rainy,1,62.3,Summer
03-01-2022 00:00,S004,P0005,Furniture,North,149,15,60,21.91,24.63,20,Snowy,0,27.97,Winter
03-01-2022 00:00,S004,P0006,Electronics,North,383,36,75,26.89,36.31,5,Cloudy,1,34.82,Autumn
03-01-2022 00:00,S004,P0007,Electronics,East,478,303,153,307.7,11.36,15,Cloudy,1,15.64,Autumn
03-01-2022 00:00,S004,P0008,Electronics,East,217,209,35,215.04,63.1,10,Rainy,1,65.17,Winter
03-01-2022 00:00,S004,P0009,Electronics,West,73,69,65,68.51,30.82,20,Sunny,0,35.26,Winter
03-01-2022 00:00,S004,P0010,Electronics,West,467,143,183,139.44,23.73,0,Snowy,0,21.84,Winter
03-01-2022 00:00,S004,P0011,Clothing,West,353,239,44,255.26,29.49,5,Sunny,0,31.68,Winter
03-01-2022 00:00,S004,P0012,Groceries,North,471,192,115,188.72,74.42,15,Cloudy,1,75.61,Autumn
03-01-2022 00:00,S004,P0013,Clothing,South,129,23,92,38.86,58.3,20,Rainy,1,59.12,Autumn
03-01-2022 00:00,S004,P0014,Groceries,East,301,165,34,160.46,60.58,0,Sunny,1,58.02,Winter
03-01-2022 00:00,S004,P0015,Groceries,South,423,85,73,95.5,73.48,0,Rainy,0,77,Spring
03-01-2022 00:00,S004,P0016,Groceries,East,385,79,130,86.62,16.18,10,Cloudy,0,18.35,Spring
03-01-2022 00:00,S004,P0017,Toys,North,74,33,29,43.64,38.52,15,Rainy,0,39.57,Spring
03-01-2022 00:00,S004,P0018,Electronics,South,467,270,108,270.37,46.93,0,Snowy,0,46.83,Winter
03-01-2022 00:00,S004,P0019,Toys,North,140,1,47,-3.91,80.41,0,Snowy,0,76.9,Winter
03-01-2022 00:00,S004,P0020,Clothing,East,197,149,134,161.2,95.33,20,Cloudy,0,97.42,Winter
03-01-2022 00:00,S005,P0001,Groceries,North,159,3,145,18.12,36.3,0,Snowy,0,34.96,Winter
03-01-2022 00:00,S005,P0002,Electronics,North,322,59,111,78.35,82.08,10,Sunny,1,84.13,Spring
03-01-2022 00:00,S005,P0003,Groceries,East,106,15,101,25.13,46.4,20,Snowy,0,49.42,Summer
03-01-2022 00:00,S005,P0004,Groceries,South,475,351,132,358.12,59.76,5,Cloudy,0,57.14,Spring
03-01-2022 00:00,S005,P0005,Groceries,North,83,66,57,63.37,60.35,20,Sunny,1,60.81,Winter
03-01-2022 00:00,S005,P0006,Groceries,West,117,62,58,59.04,40.61,10,Snowy,1,44.37,Autumn
03-01-2022 00:00,S005,P0007,Clothing,West,368,77,44,95.69,63.61,5,Rainy,1,63.81,Winter
03-01-2022 00:00,S005,P0008,Electronics,South,207,177,154,173.93,97.09,5,Snowy,1,95.17,Summer
03-01-2022 00:00,S005,P0009,Electronics,West,398,349,98,350.47,52.72,10,Sunny,0,55.74,Winter
03-01-2022 00:00,S005,P0010,Groceries,North,476,74,25,91.48,14.41,20,Sunny,1,11.25,Spring
03-01-2022 00:00,S005,P0011,Groceries,North,119,40,151,43.92,74.14,0,Cloudy,1,69.67,Winter
03-01-2022 00:00,S005,P0012,Toys,North,77,72,27,68.01,46.94,20,Rainy,1,46.58,Winter
03-01-2022 00:00,S005,P0013,Toys,South,191,190,126,205.54,23.04,5,Snowy,0,19.33,Autumn
03-01-2022 00:00,S005,P0014,Toys,North,419,263,189,263.83,28.02,5,Sunny,1,23.72,Autumn
03-01-2022 00:00,S005,P0015,Toys,South,184,126,175,143.76,86.82,20,Cloudy,0,85.26,Autumn
03-01-2022 00:00,S005,P0016,Clothing,North,361,17,171,25.61,80.31,5,Cloudy,1,76.56,Spring
03-01-2022 00:00,S005,P0017,Toys,East,154,19,116,37.45,41.28,10,Rainy,0,40.59,Spring
03-01-2022 00:00,S005,P0018,Toys,North,376,36,53,43.47,38.42,0,Snowy,1,35.98,Winter
03-01-2022 00:00,S005,P0019,Toys,North,268,207,177,198.44,59.93,20,Snowy,0,64.67,Autumn
03-01-2022 00:00,S005,P0020,Toys,South,451,91,193,99.88,66.76,5,Sunny,0,62.53,Summer
04-01-2022 00:00,S001,P0001,Groceries,South,85,58,193,52.87,77.88,15,Cloudy,1,75.99,Winter
04-01-2022 00:00,S001,P0002,Electronics,North,91,91,142,82.65,88.22,15,Sunny,1,87.44,Autumn
04-01-2022 00:00,S001,P0003,Toys,South,184,70,191,82.51,10.55,15,Cloudy,0,7.6,Winter
04-01-2022 00:00,S001,P0004,Electronics,North,209,0,123,15.37,44.81,5,Sunny,1,45.53,Winter
04-01-2022 00:00,S001,P0005,Electronics,East,470,32,192,45.57,69.65,10,Snowy,0,73.5,Spring
04-01-2022 00:00,S001,P0006,Clothing,South,127,8,84,0.54,53.35,20,Cloudy,0,55.07,Spring
04-01-2022 00:00,S001,P0007,Groceries,North,367,341,39,336.71,33.47,5,Cloudy,0,28.95,Spring
04-01-2022 00:00,S001,P0008,Electronics,East,404,347,183,350.96,61.1,20,Sunny,0,58.46,Winter
04-01-2022 00:00,S001,P0009,Groceries,North,403,15,187,26.72,45.25,10,Sunny,0,46.74,Summer
04-01-2022 00:00,S001,P0010,Toys,East,494,85,122,92.86,94.98,20,Rainy,0,98.87,Autumn
04-01-2022 00:00,S001,P0011,Toys,South,421,30,33,49.2,24.21,0,Sunny,0,25.48,Spring
04-01-2022 00:00,S001,P0012,Electronics,West,150,136,129,140.64,66.07,5,Snowy,0,70.84,Winter
04-01-2022 00:00,S001,P0013,Toys,North,94,31,174,46.7,34.68,10,Sunny,0,33.73,Winter
04-01-2022 00:00,S001,P0014,Clothing,East,77,7,76,22.66,98.28,15,Cloudy,1,95.38,Spring
04-01-2022 00:00,S001,P0015,Electronics,West,430,377,118,371.89,87.24,10,Cloudy,1,88.66,Spring
04-01-2022 00:00,S001,P0016,Groceries,North,168,28,32,33.2,93.4,10,Sunny,0,93.22,Summer
04-01-2022 00:00,S001,P0017,Toys,West,353,348,36,349.59,53.02,0,Cloudy,1,57.08,Autumn
04-01-2022 00:00,S001,P0018,Groceries,South,380,258,66,258.58,58.54,5,Sunny,1,60.77,Summer
04-01-2022 00:00,S001,P0019,Toys,West,127,41,191,50.38,63.29,15,Sunny,1,61.73,Autumn
04-01-2022 00:00,S001,P0020,Electronics,North,153,49,139,44.55,10.93,0,Snowy,1,10.76,Winter
04-01-2022 00:00,S002,P0001,Clothing,North,108,83,25,85.5,45.49,5,Sunny,1,44.33,Spring
04-01-2022 00:00,S002,P0002,Furniture,West,109,60,172,71.47,52.33,10,Cloudy,1,51.78,Summer
04-01-2022 00:00,S002,P0003,Toys,North,493,448,113,459.44,41.55,15,Rainy,0,44.02,Winter
04-01-2022 00:00,S002,P0004,Toys,East,289,11,21,26.96,58.13,0,Sunny,1,61.63,Summer
04-01-2022 00:00,S002,P0005,Groceries,East,425,390,175,407.4,25.67,10,Snowy,0,23.55,Spring
04-01-2022 00:00,S002,P0006,Clothing,West,118,81,139,88.67,33.96,0,Sunny,0,29.22,Summer
04-01-2022 00:00,S002,P0007,Electronics,North,449,121,118,132.54,81.35,20,Cloudy,0,82.18,Spring
04-01-2022 00:00,S002,P0008,Groceries,West,184,44,152,52.26,57.34,20,Rainy,0,56.99,Spring
04-01-2022 00:00,S002,P0009,Toys,East,239,88,31,104.13,50.36,15,Cloudy,0,47.77,Winter
04-01-2022 00:00,S002,P0010,Groceries,West,216,142,172,138.75,51.34,15,Rainy,1,53.35,Autumn
04-01-2022 00:00,S002,P0011,Toys,North,291,48,69,48.65,13.09,20,Snowy,1,11.98,Summer
04-01-2022 00:00,S002,P0012,Electronics,North,74,61,87,67.72,94.85,0,Cloudy,0,93.92,Winter
04-01-2022 00:00,S002,P0013,Electronics,East,429,140,180,151.22,16.47,5,Sunny,0,17.47,Summer
04-01-2022 00:00,S002,P0014,Toys,West,467,390,188,408.18,82.15,15,Cloudy,1,79.63,Summer
04-01-2022 00:00,S002,P0015,Toys,North,121,91,197,93.99,61.13,5,Rainy,0,62.56,Summer
04-01-2022 00:00,S002,P0016,Groceries,East,134,32,107,32.03,63.74,10,Snowy,0,61.83,Winter
04-01-2022 00:00,S002,P0017,Electronics,East,152,60,92,54.96,66.78,10,Snowy,1,67.89,Winter
04-01-2022 00:00,S002,P0018,Clothing,South,236,206,63,220.44,30.12,15,Sunny,1,27.89,Winter
04-01-2022 00:00,S002,P0019,Groceries,West,253,108,36,107.84,31.26,10,Sunny,1,33.52,Summer
04-01-2022 00:00,S002,P0020,Furniture,East,403,349,42,340.49,21.47,0,Rainy,0,17.22,Winter
04-01-2022 00:00,S003,P0001,Furniture,South,335,271,147,276.13,81.01,20,Rainy,0,83.63,Summer
04-01-2022 00:00,S003,P0002,Electronics,South,293,202,130,215.12,59.97,5,Snowy,1,61.76,Spring
04-01-2022 00:00,S003,P0003,Toys,North,169,34,91,24.17,26.87,10,Snowy,0,30.53,Summer
04-01-2022 00:00,S003,P0004,Clothing,West,294,165,43,164.1,99.12,10,Rainy,0,97.69,Summer
04-01-2022 00:00,S003,P0005,Groceries,North,69,2,161,21.27,24.29,5,Rainy,0,25.5,Summer
04-01-2022 00:00,S003,P0006,Electronics,East,328,308,113,323.67,18.48,0,Rainy,1,17.76,Autumn
04-01-2022 00:00,S003,P0007,Toys,North,173,76,157,75.54,54.73,10,Snowy,1,52.32,Spring
04-01-2022 00:00,S003,P0008,Toys,East,108,91,129,95.55,59.61,5,Rainy,1,57.85,Summer
04-01-2022 00:00,S003,P0009,Furniture,West,494,113,84,121.8,14.64,20,Cloudy,1,12.8,Spring
04-01-2022 00:00,S003,P0010,Electronics,East,366,274,102,268.6,63.63,15,Cloudy,1,62.96,Winter
04-01-2022 00:00,S003,P0011,Toys,East,441,116,52,128.01,95.99,10,Sunny,0,95.78,Autumn
04-01-2022 00:00,S003,P0012,Electronics,North,181,5,37,18.13,75.41,5,Rainy,1,75.03,Summer
04-01-2022 00:00,S003,P0013,Furniture,East,330,115,116,111.27,24.19,15,Rainy,1,28.03,Autumn
04-01-2022 00:00,S003,P0014,Clothing,East,228,79,158,75.88,85.33,0,Sunny,1,82.64,Spring
04-01-2022 00:00,S003,P0015,Electronics,East,344,223,53,235.42,15.58,15,Cloudy,0,19.75,Winter
04-01-2022 00:00,S003,P0016,Furniture,West,336,258,175,260.26,19.63,10,Cloudy,1,20.65,Summer
04-01-2022 00:00,S003,P0017,Toys,West,355,236,26,248.1,53.81,0,Rainy,0,49.72,Winter
04-01-2022 00:00,S003,P0018,Toys,North,431,309,165,323.61,37.49,20,Cloudy,0,40.66,Autumn
04-01-2022 00:00,S003,P0019,Groceries,North,172,32,160,26.96,38.2,0,Rainy,0,38.42,Summer
04-01-2022 00:00,S003,P0020,Clothing,South,145,44,122,43.44,84.13,15,Snowy,1,84.05,Winter
04-01-2022 00:00,S004,P0001,Furniture,South,487,145,149,154.43,20.39,15,Sunny,0,21.17,Summer
04-01-2022 00:00,S004,P0002,Groceries,North,216,150,162,141.65,70.46,20,Sunny,1,66.42,Summer
04-01-2022 00:00,S004,P0003,Toys,West,236,40,104,36.09,53.13,5,Snowy,1,48.66,Spring
04-01-2022 00:00,S004,P0004,Toys,West,260,245,199,256.94,82,10,Sunny,1,81.29,Winter
04-01-2022 00:00,S004,P0005,Furniture,North,435,241,160,255.72,75.55,15,Snowy,0,75.67,Autumn
04-01-2022 00:00,S004,P0006,Groceries,South,499,138,175,128.04,50.26,0,Cloudy,1,47.5,Autumn
04-01-2022 00:00,S004,P0007,Clothing,East,180,152,102,157.24,56.58,5,Cloudy,1,52.57,Autumn
04-01-2022 00:00,S004,P0008,Furniture,West,128,12,85,16.36,37.17,10,Rainy,1,32.41,Winter
04-01-2022 00:00,S004,P0009,Furniture,South,291,158,35,158.23,82.75,20,Sunny,1,83.85,Winter
04-01-2022 00:00,S004,P0010,Clothing,North,444,265,187,264.83,23.53,10,Sunny,1,24.56,Spring
04-01-2022 00:00,S004,P0011,Clothing,East,281,240,182,243.7,56.3,5,Sunny,0,60.74,Spring
04-01-2022 00:00,S004,P0012,Toys,North,189,153,155,145.17,94.09,5,Cloudy,0,90.8,Spring
04-01-2022 00:00,S004,P0013,Groceries,West,80,68,48,81.02,24.53,20,Snowy,1,23.7,Spring
04-01-2022 00:00,S004,P0014,Furniture,West,314,302,42,300.24,70.33,20,Snowy,0,72.22,Autumn
04-01-2022 00:00,S004,P0015,Clothing,West,167,70,42,69.66,79.68,5,Rainy,1,77.12,Spring
04-01-2022 00:00,S004,P0016,Groceries,West,129,92,73,89.92,25.69,0,Sunny,0,27.17,Autumn
04-01-2022 00:00,S004,P0017,Clothing,East,425,275,160,266.14,25.04,5,Sunny,1,29.56,Summer
04-01-2022 00:00,S004,P0018,Groceries,East,103,3,34,20.62,56.02,15,Sunny,0,59.96,Winter
04-01-2022 00:00,S004,P0019,Groceries,West,471,307,143,319.56,31.39,5,Rainy,1,29.82,Winter
04-01-2022 00:00,S004,P0020,Groceries,South,364,62,27,68.97,86.86,15,Snowy,0,89.19,Spring
04-01-2022 00:00,S005,P0001,Furniture,North,383,195,175,214.04,21.71,20,Rainy,0,24.12,Winter
04-01-2022 00:00,S005,P0002,Furniture,West,495,33,75,36.13,40.56,5,Rainy,1,39.9,Winter
04-01-2022 00:00,S005,P0003,Toys,South,439,263,107,266.77,29.2,5,Snowy,0,30.66,Winter
04-01-2022 00:00,S005,P0004,Toys,West,101,83,94,97.81,82.18,20,Cloudy,1,78.43,Summer
04-01-2022 00:00,S005,P0005,Toys,South,292,78,25,85.65,45.85,15,Sunny,1,43.84,Autumn
04-01-2022 00:00,S005,P0006,Clothing,West,466,118,75,133.87,42.08,10,Sunny,0,37.49,Summer
04-01-2022 00:00,S005,P0007,Clothing,North,175,147,130,141.44,51.22,10,Cloudy,1,54.22,Spring
04-01-2022 00:00,S005,P0008,Furniture,South,327,216,124,233.51,62.03,20,Cloudy,0,64.13,Summer
04-01-2022 00:00,S005,P0009,Groceries,West,194,27,43,26.91,36.53,15,Snowy,1,35.63,Spring
04-01-2022 00:00,S005,P0010,Electronics,North,349,172,189,171.35,84.66,5,Rainy,1,79.81,Winter
04-01-2022 00:00,S005,P0011,Toys,West,237,78,192,77.14,39.15,0,Snowy,1,35.15,Autumn
04-01-2022 00:00,S005,P0012,Clothing,South,220,196,82,187.61,45.65,15,Cloudy,1,48.04,Summer
04-01-2022 00:00,S005,P0013,Groceries,North,86,75,153,72.27,40.27,15,Sunny,1,41.66,Summer
04-01-2022 00:00,S005,P0014,Toys,West,334,11,179,8.45,82.99,15,Snowy,1,87.85,Spring
04-01-2022 00:00,S005,P0015,Clothing,West,186,144,197,150.43,60.15,20,Cloudy,1,61.9,Summer
04-01-2022 00:00,S005,P0016,Electronics,North,288,200,180,216.05,15.19,10,Sunny,0,12.13,Winter
04-01-2022 00:00,S005,P0017,Toys,North,460,256,107,252.35,37.46,20,Cloudy,1,33.09,Autumn
04-01-2022 00:00,S005,P0018,Groceries,East,482,118,168,137.7,34.44,10,Cloudy,0,33.51,Spring
04-01-2022 00:00,S005,P0019,Toys,North,278,244,24,259.18,84.99,20,Rainy,0,85.21,Autumn
04-01-2022 00:00,S005,P0020,Furniture,West,128,54,139,62.09,81.63,10,Rainy,0,78.32,Autumn
05-01-2022 00:00,S001,P0001,Groceries,South,238,147,37,150.27,28.46,20,Sunny,1,29.4,Winter
05-01-2022 00:00,S001,P0002,Toys,West,270,220,165,237,79.54,10,Rainy,0,80.22,Spring
05-01-2022 00:00,S001,P0003,Toys,South,216,97,198,101.54,80.57,5,Rainy,1,78.89,Summer
05-01-2022 00:00,S001,P0004,Electronics,North,172,29,73,40.03,93.53,20,Snowy,1,93.55,Autumn
05-01-2022 00:00,S001,P0005,Furniture,West,405,192,76,193.38,46.13,0,Cloudy,0,42.56,Spring
05-01-2022 00:00,S001,P0006,Toys,North,338,158,139,168.84,60.2,0,Rainy,1,57.13,Winter
05-01-2022 00:00,S001,P0007,Groceries,West,409,8,143,17.44,53.65,5,Cloudy,0,53.31,Autumn
05-01-2022 00:00,S001,P0008,Electronics,West,102,42,23,35.11,59.2,5,Snowy,0,58.19,Winter
05-01-2022 00:00,S001,P0009,Furniture,East,433,5,185,6.6,98.03,5,Rainy,0,93.57,Spring
05-01-2022 00:00,S001,P0010,Furniture,East,288,93,169,85.66,32.6,20,Rainy,0,32.17,Spring
05-01-2022 00:00,S001,P0011,Groceries,North,485,44,191,54.08,53.31,5,Sunny,1,52.89,Spring
05-01-2022 00:00,S001,P0012,Electronics,West,414,78,91,76.67,93.96,20,Sunny,0,98.29,Summer
05-01-2022 00:00,S001,P0013,Toys,East,370,57,24,55.73,83.3,0,Snowy,0,82.46,Summer
05-01-2022 00:00,S001,P0014,Toys,North,233,161,171,155.79,12.66,15,Rainy,1,12.38,Autumn
05-01-2022 00:00,S001,P0015,Toys,West,272,172,139,183.33,55.77,20,Rainy,1,59.56,Winter
05-01-2022 00:00,S001,P0016,Groceries,East,189,132,196,143.24,30.15,15,Rainy,0,26.17,Autumn
05-01-2022 00:00,S001,P0017,Electronics,East,120,46,156,53.06,63.75,5,Snowy,0,60.02,Winter
05-01-2022 00:00,S001,P0018,Groceries,South,248,17,200,17.8,97.51,10,Snowy,0,97.99,Spring
05-01-2022 00:00,S001,P0019,Electronics,West,492,38,167,47.82,49.8,5,Rainy,1,47.76,Autumn
05-01-2022 00:00,S001,P0020,Toys,West,355,11,26,4.5,33.3,10,Rainy,0,37.71,Winter
05-01-2022 00:00,S002,P0001,Furniture,East,250,161,70,171.45,56.24,15,Snowy,1,60.32,Spring
05-01-2022 00:00,S002,P0002,Electronics,North,182,101,81,92.92,43.43,20,Sunny,1,39.61,Autumn
05-01-2022 00:00,S002,P0003,Electronics,North,274,263,91,257.46,30.78,10,Snowy,0,34.67,Summer
05-01-2022 00:00,S002,P0004,Furniture,North,148,32,142,25.88,82.85,5,Sunny,0,78.98,Autumn
05-01-2022 00:00,S002,P0005,Clothing,West,241,209,36,212.58,87.11,0,Cloudy,1,83.23,Spring
05-01-2022 00:00,S002,P0006,Groceries,West,131,24,176,22.17,56.68,5,Cloudy,0,60.18,Spring
05-01-2022 00:00,S002,P0007,Groceries,South,80,20,176,34.05,80.01,5,Rainy,1,80.65,Winter
05-01-2022 00:00,S002,P0008,Clothing,East,483,148,111,145.1,41.24,0,Cloudy,1,44.9,Autumn
05-01-2022 00:00,S002,P0009,Toys,West,228,100,183,109.92,96.96,5,Cloudy,1,98.62,Spring
05-01-2022 00:00,S002,P0010,Toys,East,202,129,55,119.12,87.69,20,Snowy,0,83.87,Autumn
05-01-2022 00:00,S002,P0011,Furniture,East,440,257,41,266.89,74.45,5,Cloudy,1,76.99,Spring
05-01-2022 00:00,S002,P0012,Groceries,West,264,262,29,269.59,53.28,5,Rainy,0,56.77,Summer
05-01-2022 00:00,S002,P0013,Toys,East,296,200,20,214.64,25.38,15,Cloudy,1,25.99,Spring
05-01-2022 00:00,S002,P0014,Groceries,West,201,56,187,69.26,23.84,10,Sunny,1,19.73,Spring
05-01-2022 00:00,S002,P0015,Clothing,South,70,24,28,17.01,52.21,20,Cloudy,0,56.17,Summer
05-01-2022 00:00,S002,P0016,Furniture,West,176,105,174,106.4,79.34,20,Cloudy,0,79.16,Spring
05-01-2022 00:00,S002,P0017,Groceries,East,399,294,100,302.77,13.13,15,Snowy,0,9.46,Summer
05-01-2022 00:00,S002,P0018,Groceries,East,294,142,63,154.25,23.28,15,Cloudy,1,23.86,Autumn
05-01-2022 00:00,S002,P0019,Electronics,South,222,55,27,68.88,67.3,10,Sunny,1,66.27,Spring
05-01-2022 00:00,S002,P0020,Electronics,South,123,24,110,27.69,17.35,20,Cloudy,1,13.22,Autumn
05-01-2022 00:00,S003,P0001,Electronics,West,388,53,55,47.35,93.06,0,Snowy,1,88.15,Summer
05-01-2022 00:00,S003,P0002,Groceries,South,191,189,177,187.88,84.04,20,Cloudy,0,87.67,Winter
05-01-2022 00:00,S003,P0003,Furniture,East,370,146,68,155.15,25.75,0,Rainy,1,30.21,Summer
05-01-2022 00:00,S003,P0004,Furniture,East,463,186,77,188.51,76.32,20,Cloudy,0,79.04,Summer
05-01-2022 00:00,S003,P0005,Toys,West,140,77,149,90.49,49.52,20,Snowy,1,54.31,Spring
05-01-2022 00:00,S003,P0006,Furniture,East,314,225,135,220.06,93.81,0,Snowy,0,89.3,Autumn
05-01-2022 00:00,S003,P0007,Clothing,East,79,66,69,74.14,76.7,10,Rainy,1,73.33,Summer
05-01-2022 00:00,S003,P0008,Electronics,South,411,35,83,35.46,24.28,15,Snowy,1,21.81,Winter
05-01-2022 00:00,S003,P0009,Electronics,West,117,1,64,7.16,13.87,15,Rainy,1,14.32,Spring
05-01-2022 00:00,S003,P0010,Clothing,West,109,95,73,90.43,14.93,10,Sunny,0,17.34,Winter
05-01-2022 00:00,S003,P0011,Electronics,East,438,255,85,269.91,22.22,10,Snowy,1,25.17,Spring
05-01-2022 00:00,S003,P0012,Toys,East,480,132,174,122.08,57.69,5,Cloudy,0,56.53,Winter
05-01-2022 00:00,S003,P0013,Furniture,East,284,234,168,232.6,80.36,15,Rainy,1,78.62,Winter
05-01-2022 00:00,S003,P0014,Furniture,South,444,42,86,44.15,40.6,10,Rainy,1,37.42,Winter
05-01-2022 00:00,S003,P0015,Furniture,South,278,25,81,28.28,86.8,0,Snowy,0,90.41,Autumn
05-01-2022 00:00,S003,P0016,Toys,North,202,30,195,29.93,30.33,15,Snowy,1,27.66,Autumn
05-01-2022 00:00,S003,P0017,Toys,East,192,28,175,18.54,29.03,0,Snowy,0,25.22,Summer
05-01-2022 00:00,S003,P0018,Groceries,South,168,38,74,41.71,97.97,15,Cloudy,0,102.22,Spring
05-01-2022 00:00,S003,P0019,Toys,West,308,149,35,167.46,31.18,0,Sunny,1,34.2,Winter
05-01-2022 00:00,S003,P0020,Groceries,North,286,192,70,205.67,65.34,10,Rainy,0,63.05,Autumn
05-01-2022 00:00,S004,P0001,Toys,North,201,198,103,212.56,57.58,10,Cloudy,0,58.98,Summer
05-01-2022 00:00,S004,P0002,Electronics,North,135,83,49,88.88,54.02,20,Rainy,0,58.22,Winter
05-01-2022 00:00,S004,P0003,Furniture,North,258,97,172,102.13,69.96,10,Snowy,1,70.94,Autumn
05-01-2022 00:00,S004,P0004,Toys,North,357,173,97,190.9,51.07,5,Sunny,1,50.35,Spring
05-01-2022 00:00,S004,P0005,Electronics,East,387,69,199,87.46,99.12,20,Rainy,1,95.19,Autumn
05-01-2022 00:00,S004,P0006,Furniture,East,378,256,169,271.82,77.59,15,Sunny,0,79.28,Autumn
05-01-2022 00:00,S004,P0007,Electronics,North,249,246,124,246.58,87.6,10,Snowy,0,92.28,Summer
05-01-2022 00:00,S004,P0008,Clothing,South,448,332,184,343.03,43.67,15,Cloudy,1,40.57,Summer
05-01-2022 00:00,S004,P0009,Toys,North,348,325,97,321.15,89.52,0,Rainy,0,87.3,Summer
05-01-2022 00:00,S004,P0010,Groceries,East,412,53,75,72.67,12.89,0,Snowy,1,13.92,Autumn
05-01-2022 00:00,S004,P0011,Groceries,West,344,17,30,26.69,92.7,5,Sunny,0,97.29,Autumn
05-01-2022 00:00,S004,P0012,Toys,West,475,223,172,241.25,31.47,20,Snowy,0,29.24,Spring
05-01-2022 00:00,S004,P0013,Electronics,West,400,95,86,113.09,89.52,0,Cloudy,0,91.76,Autumn
05-01-2022 00:00,S004,P0014,Toys,North,424,225,37,220.89,54.44,20,Sunny,0,57.58,Winter
05-01-2022 00:00,S004,P0015,Groceries,East,441,216,118,207.56,21.75,15,Sunny,0,21.05,Winter
05-01-2022 00:00,S004,P0016,Electronics,North,421,324,27,318.43,60.8,0,Rainy,1,58.01,Spring
05-01-2022 00:00,S004,P0017,Toys,South,278,75,56,90.62,60.17,5,Sunny,0,55.33,Summer
05-01-2022 00:00,S004,P0018,Electronics,West,319,158,176,170.15,19.17,15,Rainy,1,20.52,Winter
05-01-2022 00:00,S004,P0019,Electronics,West,353,55,35,56.6,45.92,20,Snowy,0,46.95,Winter
05-01-2022 00:00,S004,P0020,Toys,South,149,131,42,147.54,23.85,5,Cloudy,0,19.43,Autumn
05-01-2022 00:00,S005,P0001,Toys,South,371,74,115,93.27,40.47,20,Cloudy,0,40.3,Spring
05-01-2022 00:00,S005,P0002,Toys,West,98,59,94,62.06,26.25,15,Snowy,1,28.27,Autumn
05-01-2022 00:00,S005,P0003,Electronics,South,318,150,171,145.3,82.08,5,Rainy,0,82.7,Spring
05-01-2022 00:00,S005,P0004,Groceries,North,200,135,192,145.91,50.59,15,Sunny,0,54.05,Spring
05-01-2022 00:00,S005,P0005,Toys,West,299,79,117,97.08,49.08,5,Rainy,0,45.5,Spring
05-01-2022 00:00,S005,P0006,Groceries,South,392,62,125,68.41,12.38,0,Rainy,1,16.24,Summer
05-01-2022 00:00,S005,P0007,Clothing,East,399,130,77,123.53,49.02,20,Cloudy,0,53.33,Autumn
05-01-2022 00:00,S005,P0008,Toys,North,192,74,116,66.44,27.8,10,Sunny,1,31.34,Summer
05-01-2022 00:00,S005,P0009,Clothing,West,149,16,23,34.95,59.13,10,Rainy,0,59.09,Summer
05-01-2022 00:00,S005,P0010,Furniture,North,406,342,195,353.01,43.1,5,Cloudy,1,42.19,Summer
05-01-2022 00:00,S005,P0011,Electronics,South,91,48,155,51.37,13.33,5,Cloudy,0,13.1,Autumn
05-01-2022 00:00,S005,P0012,Clothing,East,228,224,147,218.16,98.66,10,Snowy,0,103.3,Spring
05-01-2022 00:00,S005,P0013,Electronics,South,68,64,54,71.81,39.8,15,Rainy,1,35.38,Summer
05-01-2022 00:00,S005,P0014,Toys,North,358,322,36,316.68,86.26,10,Rainy,0,85.97,Summer
05-01-2022 00:00,S005,P0015,Toys,South,361,264,75,258.32,85.81,10,Snowy,1,89.25,Summer
05-01-2022 00:00,S005,P0016,Electronics,West,371,343,98,350.28,58.21,20,Rainy,0,57.49,Spring
05-01-2022 00:00,S005,P0017,Groceries,East,231,15,107,26.67,74.42,5,Cloudy,0,73.86,Summer
05-01-2022 00:00,S005,P0018,Toys,East,269,90,109,105.45,53.06,10,Sunny,0,56,Summer
05-01-2022 00:00,S005,P0019,Clothing,South,444,143,196,153,61.9,15,Snowy,0,60.14,Autumn
05-01-2022 00:00,S005,P0020,Groceries,South,243,36,107,47.12,53.65,20,Cloudy,1,49.72,Winter
06-01-2022 00:00,S001,P0001,Electronics,East,198,37,155,39.09,91.05,5,Snowy,0,87.3,Summer
06-01-2022 00:00,S001,P0002,Furniture,East,262,230,114,228.65,47.32,0,Rainy,0,45.33,Winter
06-01-2022 00:00,S001,P0003,Toys,West,91,58,187,50.51,54.78,20,Sunny,0,52,Autumn
06-01-2022 00:00,S001,P0004,Furniture,West,466,305,123,319.77,41.72,15,Snowy,0,38.59,Autumn
06-01-2022 00:00,S001,P0005,Groceries,East,129,120,195,115.29,37.57,0,Snowy,1,33.29,Autumn
06-01-2022 00:00,S001,P0006,Toys,West,57,2,110,1.05,83.4,0,Rainy,1,86.18,Autumn
06-01-2022 00:00,S001,P0007,Electronics,South,76,35,49,45.45,99.12,5,Sunny,1,104.06,Summer
06-01-2022 00:00,S001,P0008,Clothing,West,445,171,84,184.96,34.4,10,Cloudy,0,38.52,Spring
06-01-2022 00:00,S001,P0009,Furniture,East,277,195,134,198.09,59.33,20,Snowy,1,62.02,Autumn
06-01-2022 00:00,S001,P0010,Clothing,East,204,97,143,98.82,33.79,15,Cloudy,1,36.98,Winter
06-01-2022 00:00,S001,P0011,Toys,East,200,177,49,173.24,60.79,20,Cloudy,1,61.26,Spring
06-01-2022 00:00,S001,P0012,Groceries,North,59,1,88,-8.37,63.21,0,Rainy,0,60.48,Spring
06-01-2022 00:00,S001,P0013,Furniture,West,185,181,189,174.85,64.04,20,Rainy,0,65.45,Autumn
06-01-2022 00:00,S001,P0014,Furniture,South,201,100,86,115.25,46.65,10,Rainy,0,43.83,Winter
06-01-2022 00:00,S001,P0015,Furniture,South,388,1,37,12.68,92.22,0,Cloudy,0,92.67,Spring
06-01-2022 00:00,S001,P0016,Clothing,East,481,429,164,425.85,28.27,10,Cloudy,1,25.68,Autumn
06-01-2022 00:00,S001,P0017,Electronics,West,379,26,23,42.81,22.57,5,Rainy,1,21.48,Summer
06-01-2022 00:00,S001,P0018,Electronics,East,423,176,90,172.13,81.55,10,Snowy,0,76.9,Winter
06-01-2022 00:00,S001,P0019,Furniture,South,66,15,126,19.63,96.19,5,Rainy,1,93.01,Spring
06-01-2022 00:00,S001,P0020,Clothing,North,98,2,60,2.68,79.76,0,Rainy,0,78.21,Winter
06-01-2022 00:00,S002,P0001,Furniture,West,131,81,82,99.33,28.58,10,Sunny,1,30.51,Winter
06-01-2022 00:00,S002,P0002,Toys,North,117,23,47,33.65,48.84,15,Cloudy,1,44.11,Winter
06-01-2022 00:00,S002,P0003,Clothing,East,71,65,197,71.43,60.75,0,Rainy,0,62.18,Autumn
06-01-2022 00:00,S002,P0004,Groceries,East,72,62,118,74.56,58.46,5,Rainy,0,54.87,Autumn
06-01-2022 00:00,S002,P0005,Clothing,South,106,76,64,83.08,17.93,10,Rainy,1,20.75,Autumn
06-01-2022 00:00,S002,P0006,Toys,West,377,136,89,126.54,49.22,5,Rainy,0,46.24,Autumn
06-01-2022 00:00,S002,P0007,Furniture,North,469,255,80,264.93,43.87,10,Snowy,0,40.56,Autumn
06-01-2022 00:00,S002,P0008,Groceries,South,392,244,123,253.18,63.54,5,Snowy,0,59.21,Summer
06-01-2022 00:00,S002,P0009,Toys,East,415,173,91,177.37,40.94,10,Cloudy,1,43.03,Spring
06-01-2022 00:00,S002,P0010,Toys,East,350,330,165,337.59,65.09,15,Sunny,0,66.25,Autumn
06-01-2022 00:00,S002,P0011,Clothing,South,104,95,155,86.35,69.04,20,Sunny,0,64.21,Summer
06-01-2022 00:00,S002,P0012,Groceries,South,223,144,198,144.02,43.15,5,Snowy,0,40.69,Spring
06-01-2022 00:00,S002,P0013,Groceries,East,467,350,191,348.62,49.42,10,Cloudy,0,53.84,Autumn
06-01-2022 00:00,S002,P0014,Groceries,North,372,240,26,248.45,76.27,15,Cloudy,1,79.25,Summer
06-01-2022 00:00,S002,P0015,Furniture,East,224,210,185,207.85,22.01,20,Cloudy,1,26.77,Summer
06-01-2022 00:00,S002,P0016,Furniture,West,270,59,39,54.77,91.94,20,Snowy,1,92.99,Winter
06-01-2022 00:00,S002,P0017,Groceries,South,207,57,43,53.64,26.93,0,Rainy,1,31.05,Winter
06-01-2022 00:00,S002,P0018,Clothing,North,120,57,198,72.49,93.1,15,Rainy,1,93.47,Autumn
06-01-2022 00:00,S002,P0019,Electronics,North,300,283,139,286.28,42.65,10,Sunny,1,44.37,Spring
06-01-2022 00:00,S002,P0020,Clothing,West,246,203,47,215.81,99.48,10,Cloudy,1,100.87,Autumn
06-01-2022 00:00,S003,P0001,Furniture,West,223,170,89,164.48,96.28,15,Cloudy,1,93.98,Summer
06-01-2022 00:00,S003,P0002,Electronics,East,110,30,21,26.5,55.36,20,Snowy,1,55.66,Autumn
06-01-2022 00:00,S003,P0003,Furniture,South,210,180,82,188.69,25.18,15,Rainy,1,29.75,Autumn
06-01-2022 00:00,S003,P0004,Toys,North,400,211,135,223.08,61.36,5,Cloudy,1,58.36,Summer
06-01-2022 00:00,S003,P0005,Toys,East,457,243,182,250.44,83.39,0,Sunny,1,79.82,Spring
06-01-2022 00:00,S003,P0006,Clothing,South,285,7,56,4.5,10.97,0,Cloudy,0,8.7,Winter
06-01-2022 00:00,S003,P0007,Furniture,South,108,9,67,17.36,11.77,0,Rainy,1,10.1,Winter
06-01-2022 00:00,S003,P0008,Furniture,South,463,231,175,248.13,23.44,20,Sunny,0,25.32,Summer
06-01-2022 00:00,S003,P0009,Electronics,West,60,11,89,5.61,15.82,0,Cloudy,1,15.76,Summer
06-01-2022 00:00,S003,P0010,Clothing,North,148,18,91,34.24,55.5,15,Rainy,0,52.96,Spring
06-01-2022 00:00,S003,P0011,Clothing,East,266,144,183,142.02,58.31,10,Sunny,0,54.94,Summer
06-01-2022 00:00,S003,P0012,Furniture,West,111,26,32,34.8,61.61,10,Sunny,0,58.61,Spring
06-01-2022 00:00,S003,P0013,Toys,South,479,61,82,68.73,83.41,10,Cloudy,1,83.38,Spring
06-01-2022 00:00,S003,P0014,Furniture,South,268,80,62,96.56,45.22,0,Cloudy,1,40.97,Autumn
06-01-2022 00:00,S003,P0015,Furniture,North,490,476,53,478.76,20.66,0,Rainy,1,16.87,Winter
06-01-2022 00:00,S003,P0016,Groceries,North,385,316,183,326.93,41.15,0,Rainy,1,42.58,Spring
06-01-2022 00:00,S003,P0017,Toys,South,409,162,200,153.54,75.06,0,Cloudy,1,73.35,Summer
06-01-2022 00:00,S003,P0018,Furniture,North,221,51,61,48.33,11.07,5,Sunny,0,13.04,Spring
06-01-2022 00:00,S003,P0019,Furniture,North,67,37,84,37.59,51.51,5,Rainy,1,53.03,Summer
06-01-2022 00:00,S003,P0020,Electronics,West,283,63,138,71.1,95,0,Rainy,0,94.76,Winter
06-01-2022 00:00,S004,P0001,Groceries,South,185,101,69,106.55,16.86,20,Cloudy,0,12.11,Autumn
06-01-2022 00:00,S004,P0002,Toys,East,162,105,71,99.68,20.2,0,Rainy,0,15.44,Autumn
06-01-2022 00:00,S004,P0003,Furniture,South,405,134,119,149.31,38.42,5,Snowy,0,43.03,Winter
06-01-2022 00:00,S004,P0004,Electronics,North,50,50,180,41.93,83.19,10,Snowy,1,88.18,Winter
06-01-2022 00:00,S004,P0005,Furniture,East,384,220,25,237.94,79.42,5,Cloudy,0,77.63,Summer
06-01-2022 00:00,S004,P0006,Clothing,North,488,260,190,271.16,79.07,10,Snowy,1,81.47,Autumn
06-01-2022 00:00,S004,P0007,Groceries,North,129,80,164,87.51,68.16,15,Rainy,1,71.46,Autumn
06-01-2022 00:00,S004,P0008,Clothing,South,226,167,115,169.32,13.17,5,Snowy,0,15.66,Summer
06-01-2022 00:00,S004,P0009,Furniture,North,207,166,104,178.91,90.13,15,Sunny,0,86.94,Spring
06-01-2022 00:00,S004,P0010,Clothing,North,490,49,142,62.86,97.69,10,Cloudy,0,96.13,Summer
06-01-2022 00:00,S004,P0011,Electronics,West,293,26,88,17.28,46.28,5,Sunny,1,45.18,Summer
06-01-2022 00:00,S004,P0012,Clothing,North,483,73,199,90.39,77.85,0,Cloudy,0,81.15,Spring
06-01-2022 00:00,S004,P0013,Toys,West,389,257,81,276.75,23.32,0,Cloudy,0,19.92,Autumn
06-01-2022 00:00,S004,P0014,Groceries,East,126,50,136,66.22,75.87,15,Rainy,0,77.66,Winter
06-01-2022 00:00,S004,P0015,Furniture,West,304,49,102,66.88,90.79,15,Snowy,1,91.53,Autumn
06-01-2022 00:00,S004,P0016,Electronics,West,69,24,190,36.79,81.37,15,Snowy,1,84.52,Spring
06-01-2022 00:00,S004,P0017,Electronics,South,220,192,122,207.13,33.34,5,Rainy,1,29.25,Spring
06-01-2022 00:00,S004,P0018,Electronics,South,427,47,167,39.88,95.48,5,Rainy,0,95.64,Winter
06-01-2022 00:00,S004,P0019,Furniture,South,411,325,145,341.07,33.58,20,Cloudy,1,34.57,Autumn
06-01-2022 00:00,S004,P0020,Furniture,West,261,150,118,162.92,29.27,20,Cloudy,0,31.37,Summer
06-01-2022 00:00,S005,P0001,Clothing,West,333,195,37,213.22,34.92,15,Rainy,1,34.3,Autumn
06-01-2022 00:00,S005,P0002,Furniture,South,387,35,23,32.63,92.42,10,Rainy,0,92.19,Summer
06-01-2022 00:00,S005,P0003,Clothing,West,186,96,139,106.59,60.14,10,Rainy,0,62.06,Spring
06-01-2022 00:00,S005,P0004,Electronics,East,313,219,44,212.71,69.02,15,Sunny,0,73.68,Autumn
06-01-2022 00:00,S005,P0005,Toys,East,121,14,87,33.09,52.41,20,Snowy,1,47.58,Winter
06-01-2022 00:00,S005,P0006,Toys,South,475,14,50,10.62,58.85,20,Rainy,1,58.68,Spring
06-01-2022 00:00,S005,P0007,Groceries,West,87,39,187,33.84,58.4,20,Snowy,0,55.85,Autumn
06-01-2022 00:00,S005,P0008,Toys,West,279,162,79,181.89,81.97,0,Rainy,0,78.8,Summer
06-01-2022 00:00,S005,P0009,Toys,South,87,70,44,81.01,46.58,0,Sunny,1,43.42,Autumn
06-01-2022 00:00,S005,P0010,Toys,South,94,64,176,67.98,53.15,20,Snowy,0,57.29,Autumn
06-01-2022 00:00,S005,P0011,Clothing,South,248,83,20,94.6,86.35,10,Rainy,0,86.19,Summer
06-01-2022 00:00,S005,P0012,Groceries,South,385,171,24,165.78,57.72,0,Cloudy,1,55.53,Winter
06-01-2022 00:00,S005,P0013,Furniture,South,395,101,146,92.71,89.13,5,Snowy,1,90.39,Spring
06-01-2022 00:00,S005,P0014,Furniture,West,134,128,165,147.93,25.88,5,Snowy,0,27.34,Autumn
06-01-2022 00:00,S005,P0015,Electronics,East,185,7,89,13.56,38.71,15,Rainy,0,38.56,Spring
06-01-2022 00:00,S005,P0016,Clothing,South,223,15,186,29.69,97.79,15,Cloudy,0,102.66,Summer
06-01-2022 00:00,S005,P0017,Furniture,East,495,250,161,250,49.83,15,Snowy,0,45.99,Autumn
06-01-2022 00:00,S005,P0018,Furniture,East,200,192,71,188.42,41.02,15,Snowy,1,39.59,Winter
06-01-2022 00:00,S005,P0019,Toys,North,244,149,129,150.77,50.18,15,Rainy,0,54.25,Spring
06-01-2022 00:00,S005,P0020,Furniture,West,74,7,82,6.64,92.93,20,Sunny,1,89.89,Winter
07-01-2022 00:00,S001,P0001,Furniture,North,195,107,106,117.92,53.99,10,Sunny,1,58.8,Winter
07-01-2022 00:00,S001,P0002,Clothing,North,255,115,66,125.73,80.82,5,Rainy,0,81.11,Winter
07-01-2022 00:00,S001,P0003,Electronics,North,487,32,157,33.38,63.07,0,Sunny,0,67.25,Winter
07-01-2022 00:00,S001,P0004,Furniture,West,339,307,183,303.88,10.74,15,Snowy,0,11.3,Winter
07-01-2022 00:00,S001,P0005,Clothing,West,120,92,170,88.38,29.63,15,Cloudy,0,30.55,Spring
07-01-2022 00:00,S001,P0006,Furniture,South,399,23,36,22.3,27.88,20,Rainy,1,30.02,Winter
07-01-2022 00:00,S001,P0007,Clothing,North,461,429,25,440.06,50.47,10,Rainy,1,46.52,Summer
07-01-2022 00:00,S001,P0008,Clothing,East,193,64,191,67.54,37.99,20,Rainy,0,33.1,Summer
07-01-2022 00:00,S001,P0009,Electronics,West,402,242,126,258.36,48.3,0,Snowy,0,50.42,Autumn
07-01-2022 00:00,S001,P0010,Groceries,East,438,20,139,39.58,55.07,0,Cloudy,0,53.32,Autumn
07-01-2022 00:00,S001,P0011,Clothing,North,275,102,117,107.22,73.88,10,Snowy,1,70.41,Summer
07-01-2022 00:00,S001,P0012,Groceries,South,446,118,109,137.16,65.47,20,Snowy,0,67.26,Summer
07-01-2022 00:00,S001,P0013,Toys,North,137,71,122,70.21,37.22,10,Snowy,0,33.29,Summer
07-01-2022 00:00,S001,P0014,Electronics,East,189,115,86,129.39,51.17,0,Cloudy,1,54.34,Spring
07-01-2022 00:00,S001,P0015,Electronics,East,311,128,165,133.63,12.36,0,Rainy,0,9.38,Spring
07-01-2022 00:00,S001,P0016,Clothing,East,178,161,36,166.56,82.49,5,Sunny,1,79.98,Autumn
07-01-2022 00:00,S001,P0017,Furniture,South,299,66,185,74.5,13.81,0,Snowy,1,9.33,Spring
07-01-2022 00:00,S001,P0018,Toys,South,109,87,188,98.78,58.5,15,Cloudy,1,55.07,Winter
07-01-2022 00:00,S001,P0019,Toys,South,159,46,29,54.36,65.57,0,Rainy,1,61.51,Winter
07-01-2022 00:00,S001,P0020,Electronics,West,402,124,167,142,52.47,20,Rainy,0,50.87,Summer
07-01-2022 00:00,S002,P0001,Toys,West,394,150,68,153.84,85.79,5,Snowy,0,82.42,Spring
07-01-2022 00:00,S002,P0002,Furniture,East,461,67,188,79.73,73.73,5,Snowy,0,78.46,Summer
07-01-2022 00:00,S002,P0003,Electronics,West,85,72,59,80.31,42.82,0,Snowy,1,39.39,Autumn
07-01-2022 00:00,S002,P0004,Groceries,East,301,114,124,127.05,93.78,15,Snowy,0,95.71,Summer
07-01-2022 00:00,S002,P0005,Furniture,South,183,119,49,121.76,42.56,10,Rainy,0,41.52,Winter
07-01-2022 00:00,S002,P0006,Toys,North,429,68,41,65.93,38.51,20,Cloudy,0,35.74,Summer
07-01-2022 00:00,S002,P0007,Electronics,South,263,211,178,207.06,49.35,15,Cloudy,1,49.28,Winter
07-01-2022 00:00,S002,P0008,Toys,North,74,46,129,59.22,96.55,10,Cloudy,1,94.72,Spring
07-01-2022 00:00,S002,P0009,Groceries,South,332,117,101,118.21,72.01,15,Rainy,0,69.27,Summer
07-01-2022 00:00,S002,P0010,Groceries,South,218,116,156,111.17,85.36,5,Cloudy,1,83.62,Summer
07-01-2022 00:00,S002,P0011,Clothing,West,272,53,143,46.56,30.33,10,Rainy,1,32.73,Spring
07-01-2022 00:00,S002,P0012,Toys,West,365,137,176,128.13,80.92,20,Cloudy,0,80.54,Winter
07-01-2022 00:00,S002,P0013,Furniture,West,176,143,124,155.52,45.69,20,Cloudy,1,47.41,Spring
07-01-2022 00:00,S002,P0014,Electronics,East,357,152,76,145.38,39.53,15,Sunny,1,38.08,Autumn
07-01-2022 00:00,S002,P0015,Electronics,South,288,39,174,57.62,74.81,15,Snowy,1,77.91,Autumn
07-01-2022 00:00,S002,P0016,Furniture,South,212,211,128,215.38,41.54,10,Cloudy,0,42.88,Autumn
07-01-2022 00:00,S002,P0017,Electronics,South,103,100,157,106.28,79.73,0,Rainy,1,81.89,Winter
07-01-2022 00:00,S002,P0018,Furniture,East,222,73,160,82.5,78.75,20,Rainy,0,76.47,Summer
07-01-2022 00:00,S002,P0019,Groceries,North,144,122,148,119.27,12.31,10,Rainy,0,14.77,Autumn
07-01-2022 00:00,S002,P0020,Groceries,West,90,86,103,91.01,61.14,10,Snowy,0,59.68,Summer
07-01-2022 00:00,S003,P0001,Clothing,North,388,39,187,49.7,66.68,15,Rainy,1,62.1,Autumn
07-01-2022 00:00,S003,P0002,Furniture,West,427,145,148,143.9,84.95,5,Rainy,0,81.19,Winter
07-01-2022 00:00,S003,P0003,Clothing,South,92,4,87,20.75,85.2,0,Sunny,1,90.12,Summer
07-01-2022 00:00,S003,P0004,Furniture,North,121,8,198,12.47,42.9,10,Rainy,1,40.45,Winter
07-01-2022 00:00,S003,P0005,Toys,South,340,298,113,305.17,82.07,20,Rainy,1,86.47,Autumn
07-01-2022 00:00,S003,P0006,Electronics,East,187,175,161,194.41,73.39,0,Rainy,1,71.36,Spring
07-01-2022 00:00,S003,P0007,Groceries,South,177,177,169,189.57,40.45,10,Sunny,1,41.65,Summer
07-01-2022 00:00,S003,P0008,Electronics,South,172,154,176,154.77,12.48,0,Rainy,0,14.52,Winter
07-01-2022 00:00,S003,P0009,Furniture,East,113,24,72,15.08,32.44,20,Rainy,1,28.48,Winter
07-01-2022 00:00,S003,P0010,Furniture,North,74,63,35,72.14,61.85,0,Sunny,0,66.47,Summer
07-01-2022 00:00,S003,P0011,Electronics,West,391,29,37,47.24,35.12,5,Rainy,0,36.38,Winter
07-01-2022 00:00,S003,P0012,Clothing,South,158,52,197,43.5,14.89,5,Cloudy,1,16.76,Winter
07-01-2022 00:00,S003,P0013,Groceries,South,244,59,158,58.25,18.4,5,Sunny,1,16.55,Autumn
07-01-2022 00:00,S003,P0014,Groceries,East,135,48,72,41.05,83.95,15,Snowy,1,83.32,Spring
07-01-2022 00:00,S003,P0015,Toys,West,270,71,71,70.58,83.65,20,Sunny,0,82.41,Autumn
07-01-2022 00:00,S003,P0016,Electronics,East,240,86,189,90.58,16.24,10,Sunny,0,16.83,Spring
07-01-2022 00:00,S003,P0017,Clothing,North,437,12,109,22.96,34.38,20,Snowy,1,34.61,Winter
07-01-2022 00:00,S003,P0018,Electronics,East,394,336,35,334.26,72.54,10,Sunny,0,76.87,Autumn
07-01-2022 00:00,S003,P0019,Furniture,South,317,35,154,41.58,80.19,0,Sunny,1,75.71,Autumn
07-01-2022 00:00,S003,P0020,Toys,South,268,20,98,16.38,93.99,5,Snowy,0,91.56,Spring
07-01-2022 00:00,S004,P0001,Toys,West,164,13,190,5.38,91.6,20,Rainy,0,93.9,Winter
07-01-2022 00:00,S004,P0002,Toys,North,61,46,172,42.15,79.31,0,Sunny,1,80.4,Summer
07-01-2022 00:00,S004,P0003,Electronics,North,81,49,166,47.54,63.03,15,Cloudy,0,58.96,Spring
07-01-2022 00:00,S004,P0004,Groceries,East,146,92,157,92.42,44.43,10,Rainy,0,43.14,Winter
07-01-2022 00:00,S004,P0005,Clothing,North,117,108,107,116.84,80.61,15,Snowy,1,82.67,Summer
07-01-2022 00:00,S004,P0006,Groceries,East,453,343,61,355.68,59.12,20,Cloudy,0,60.54,Summer
07-01-2022 00:00,S004,P0007,Groceries,North,182,83,194,100.55,43.98,10,Sunny,0,40.77,Winter
07-01-2022 00:00,S004,P0008,Toys,East,231,72,186,75.46,32.77,0,Rainy,0,28.73,Spring
07-01-2022 00:00,S004,P0009,Clothing,South,442,186,97,202.77,48.29,0,Cloudy,1,45.31,Spring
07-01-2022 00:00,S004,P0010,Groceries,South,126,50,87,69.29,54.76,20,Cloudy,1,49.85,Autumn
07-01-2022 00:00,S004,P0011,Clothing,North,88,80,106,74.64,82.63,0,Snowy,1,82.31,Spring
07-01-2022 00:00,S004,P0012,Clothing,West,113,36,133,50.79,83.16,5,Sunny,1,86.66,Spring
07-01-2022 00:00,S004,P0013,Groceries,North,371,188,58,206.34,88.58,15,Snowy,0,86.76,Winter
07-01-2022 00:00,S004,P0014,Toys,South,242,227,75,230.9,60.49,10,Cloudy,0,64.27,Summer
07-01-2022 00:00,S004,P0015,Groceries,South,495,174,58,171.72,99.47,10,Cloudy,0,102.21,Autumn
07-01-2022 00:00,S004,P0016,Furniture,North,323,139,173,157.56,82.21,0,Rainy,0,83.05,Autumn
07-01-2022 00:00,S004,P0017,Furniture,South,53,4,84,2.05,94.56,10,Rainy,1,95.74,Summer
07-01-2022 00:00,S004,P0018,Furniture,North,94,70,132,61.63,66.34,5,Sunny,1,68.05,Summer
07-01-2022 00:00,S004,P0019,Groceries,North,183,12,112,5.57,77.11,15,Snowy,1,81.9,Summer
07-01-2022 00:00,S004,P0020,Toys,North,296,162,123,166.99,94.18,5,Rainy,0,93.94,Spring
07-01-2022 00:00,S005,P0001,Groceries,East,227,97,77,97.73,41.28,15,Snowy,1,44,Spring
07-01-2022 00:00,S005,P0002,Electronics,West,406,297,38,295.38,71.78,0,Rainy,0,69.36,Autumn
07-01-2022 00:00,S005,P0003,Furniture,South,342,197,26,208.73,31.15,10,Snowy,0,30.62,Winter
07-01-2022 00:00,S005,P0004,Clothing,West,125,32,149,28.25,85.3,15,Snowy,0,86.87,Summer
07-01-2022 00:00,S005,P0005,Toys,South,140,131,130,138.96,60.88,0,Rainy,1,58.4,Spring
07-01-2022 00:00,S005,P0006,Electronics,East,370,284,135,303.93,49.36,15,Snowy,0,49.55,Winter
07-01-2022 00:00,S005,P0007,Toys,North,441,246,68,260.89,76.42,5,Cloudy,0,72.96,Summer
07-01-2022 00:00,S005,P0008,Clothing,North,498,139,125,158.49,95.46,5,Snowy,1,99.22,Summer
07-01-2022 00:00,S005,P0009,Furniture,West,213,182,122,176.48,25.51,0,Cloudy,1,24.02,Autumn
07-01-2022 00:00,S005,P0010,Furniture,South,260,164,151,155.35,61.24,0,Sunny,1,58.08,Summer
07-01-2022 00:00,S005,P0011,Furniture,South,453,438,31,456.22,81.95,15,Sunny,0,78.29,Winter
07-01-2022 00:00,S005,P0012,Groceries,South,454,59,35,52.42,51.76,20,Rainy,1,55.96,Winter
07-01-2022 00:00,S005,P0013,Toys,North,129,88,177,89.85,47.68,20,Cloudy,1,44.19,Winter
07-01-2022 00:00,S005,P0014,Electronics,West,272,211,134,227.28,61.07,10,Snowy,1,58.4,Summer
07-01-2022 00:00,S005,P0015,Electronics,East,206,161,141,172.67,63.13,0,Cloudy,0,60.01,Autumn
07-01-2022 00:00,S005,P0016,Furniture,North,170,111,168,105.03,38.22,0,Cloudy,0,41.87,Autumn
07-01-2022 00:00,S005,P0017,Groceries,East,453,186,65,189.39,78.41,10,Snowy,1,82.58,Autumn
07-01-2022 00:00,S005,P0018,Clothing,East,159,30,41,24.11,44.62,20,Sunny,1,49.14,Autumn
07-01-2022 00:00,S005,P0019,Furniture,East,60,33,155,33.96,31.44,0,Rainy,1,33.88,Spring
07-01-2022 00:00,S005,P0020,Groceries,West,248,126,28,122.01,38.55,0,Rainy,0,42.42,Winter
08-01-2022 00:00,S001,P0001,Furniture,East,231,2,119,0.84,66.3,20,Cloudy,1,63.82,Winter
08-01-2022 00:00,S001,P0002,Groceries,South,55,33,34,44.32,72.12,5,Rainy,0,73.33,Autumn
08-01-2022 00:00,S001,P0003,Electronics,East,338,123,90,135.43,39.4,10,Rainy,1,35.41,Autumn
08-01-2022 00:00,S001,P0004,Toys,North,420,79,141,89.99,40.63,0,Rainy,0,40.25,Summer
08-01-2022 00:00,S001,P0005,Groceries,West,355,217,177,236.6,20.73,10,Rainy,1,16.33,Summer
08-01-2022 00:00,S001,P0006,Electronics,East,104,14,26,26.24,53.8,20,Cloudy,0,50.16,Winter
08-01-2022 00:00,S001,P0007,Furniture,North,264,172,145,171.54,13.51,15,Sunny,1,16.04,Winter
08-01-2022 00:00,S001,P0008,Toys,North,215,58,97,55.22,14.55,20,Cloudy,0,12.21,Summer
08-01-2022 00:00,S001,P0009,Electronics,South,375,162,64,160.95,22.53,20,Cloudy,0,24.44,Autumn
08-01-2022 00:00,S001,P0010,Furniture,North,253,186,45,185.53,64.49,10,Rainy,1,65.01,Winter
08-01-2022 00:00,S001,P0011,Furniture,South,357,106,117,96.63,22.11,20,Cloudy,1,25.81,Summer
08-01-2022 00:00,S001,P0012,Furniture,North,264,229,71,226.07,79.77,5,Snowy,1,79.7,Winter
08-01-2022 00:00,S001,P0013,Electronics,South,332,261,66,275.59,76.62,0,Rainy,0,75.03,Autumn
08-01-2022 00:00,S001,P0014,Furniture,South,290,142,158,140.55,49.74,5,Cloudy,0,53.24,Summer
08-01-2022 00:00,S001,P0015,Groceries,South,368,255,66,263.26,10.98,5,Sunny,0,13.59,Spring
08-01-2022 00:00,S001,P0016,Electronics,South,361,42,99,48.81,32.13,5,Cloudy,0,37.04,Summer
08-01-2022 00:00,S001,P0017,Clothing,North,467,248,106,252.57,42.26,15,Rainy,1,40.43,Winter
08-01-2022 00:00,S001,P0018,Furniture,West,296,58,71,65.67,79.68,5,Snowy,0,76.69,Summer
08-01-2022 00:00,S001,P0019,Furniture,South,440,127,69,136.09,12.22,0,Rainy,0,11.92,Winter
08-01-2022 00:00,S001,P0020,Groceries,South,348,151,126,154.58,65.67,15,Cloudy,1,68.33,Winter
08-01-2022 00:00,S002,P0001,Groceries,North,349,341,198,348.41,90.22,20,Rainy,1,87.58,Summer
08-01-2022 00:00,S002,P0002,Toys,North,384,134,71,136.47,91.27,10,Cloudy,0,94.65,Spring
08-01-2022 00:00,S002,P0003,Electronics,West,369,64,132,65.36,75.69,5,Sunny,1,78.99,Summer
08-01-2022 00:00,S002,P0004,Groceries,East,414,298,93,291.97,41.52,20,Cloudy,0,42.35,Autumn
08-01-2022 00:00,S002,P0005,Toys,South,314,107,130,100.71,35.32,10,Cloudy,1,32.6,Summer
08-01-2022 00:00,S002,P0006,Groceries,South,300,233,149,252.44,52.87,10,Cloudy,0,51.75,Summer
08-01-2022 00:00,S002,P0007,Furniture,South,208,18,172,24.31,74.31,10,Snowy,0,76.4,Autumn
08-01-2022 00:00,S002,P0008,Electronics,South,405,278,65,269.15,74.62,0,Sunny,0,71.97,Autumn
08-01-2022 00:00,S002,P0009,Groceries,West,371,241,113,236.08,68.99,0,Sunny,0,73.06,Spring
08-01-2022 00:00,S002,P0010,Toys,West,57,23,71,25.74,91.77,10,Rainy,1,91.56,Autumn
08-01-2022 00:00,S002,P0011,Electronics,South,64,7,79,-2.99,92.43,0,Snowy,0,88.55,Spring
08-01-2022 00:00,S002,P0012,Clothing,North,294,13,186,3.77,35.54,20,Rainy,1,30.77,Winter
08-01-2022 00:00,S002,P0013,Furniture,North,348,91,70,88.65,97.17,10,Cloudy,1,95.44,Winter
08-01-2022 00:00,S002,P0014,Clothing,South,210,25,85,28.83,70.89,10,Cloudy,0,73.73,Winter
08-01-2022 00:00,S002,P0015,Toys,West,339,117,147,136.52,74.19,10,Rainy,0,70.08,Summer
08-01-2022 00:00,S002,P0016,Clothing,South,125,34,24,42.41,24.24,20,Cloudy,1,19.87,Spring
08-01-2022 00:00,S002,P0017,Groceries,West,160,153,56,167.47,81.09,15,Sunny,0,86.01,Spring
08-01-2022 00:00,S002,P0018,Clothing,South,471,351,36,341.29,97.91,0,Cloudy,0,93.15,Summer
08-01-2022 00:00,S002,P0019,Toys,West,411,285,72,300.58,20.87,15,Rainy,1,18.88,Autumn
08-01-2022 00:00,S002,P0020,Toys,East,314,188,67,182.25,89.75,5,Rainy,0,87.28,Autumn
08-01-2022 00:00,S003,P0001,Clothing,South,370,264,56,282.53,72.31,20,Snowy,1,68.04,Autumn
08-01-2022 00:00,S003,P0002,Furniture,East,327,50,31,63.85,75.25,10,Rainy,1,72.17,Spring
08-01-2022 00:00,S003,P0003,Electronics,North,216,12,44,8.86,46.2,10,Sunny,1,45.15,Summer
08-01-2022 00:00,S003,P0004,Clothing,East,435,250,26,245.77,29.64,0,Cloudy,1,25.93,Autumn
08-01-2022 00:00,S003,P0005,Furniture,South,477,271,67,284.27,73.61,5,Sunny,0,69.74,Autumn
08-01-2022 00:00,S003,P0006,Clothing,East,363,189,163,196.74,74.7,10,Rainy,1,79.56,Autumn
08-01-2022 00:00,S003,P0007,Groceries,West,418,324,30,327.28,73.57,0,Sunny,1,69.12,Winter
08-01-2022 00:00,S003,P0008,Clothing,East,496,454,56,463.17,19.84,5,Sunny,0,20,Autumn
08-01-2022 00:00,S003,P0009,Electronics,West,176,104,21,107.37,84.48,0,Rainy,1,88.15,Spring
08-01-2022 00:00,S003,P0010,Groceries,East,84,6,63,24.13,88.54,20,Snowy,1,92.13,Spring
08-01-2022 00:00,S003,P0011,Furniture,East,482,480,68,480.66,74.14,20,Snowy,0,73.2,Winter
08-01-2022 00:00,S003,P0012,Furniture,West,55,3,46,7.02,16.46,5,Snowy,1,17.96,Spring
08-01-2022 00:00,S003,P0013,Groceries,South,303,11,29,17.37,87.77,0,Sunny,1,85.3,Summer
08-01-2022 00:00,S003,P0014,Furniture,West,364,60,28,64.74,20.31,10,Cloudy,0,24.85,Summer
08-01-2022 00:00,S003,P0015,Electronics,South,233,47,145,44.21,97.72,0,Cloudy,0,102.16,Winter
08-01-2022 00:00,S003,P0016,Clothing,East,81,36,69,33.1,26.65,10,Cloudy,1,28.85,Spring
08-01-2022 00:00,S003,P0017,Electronics,North,93,85,46,81.22,15.63,20,Snowy,0,18.44,Summer
08-01-2022 00:00,S003,P0018,Toys,South,117,61,159,57.16,53.53,10,Snowy,0,51.64,Autumn
08-01-2022 00:00,S003,P0019,Toys,South,109,66,132,70.44,22.67,0,Snowy,0,25.4,Winter
08-01-2022 00:00,S003,P0020,Electronics,South,156,119,47,122.65,21.01,5,Cloudy,1,19.42,Summer
08-01-2022 00:00,S004,P0001,Clothing,East,62,23,131,28.07,24.71,20,Cloudy,1,25.11,Spring
08-01-2022 00:00,S004,P0002,Toys,South,74,25,48,27.36,83.18,5,Rainy,0,85.58,Winter
08-01-2022 00:00,S004,P0003,Groceries,North,280,214,21,220.31,22.27,10,Snowy,1,20.86,Winter
08-01-2022 00:00,S004,P0004,Furniture,West,470,450,191,455.48,88.87,5,Rainy,0,93.03,Winter
08-01-2022 00:00,S004,P0005,Groceries,South,183,148,90,149.58,11.43,20,Snowy,0,16.1,Summer
08-01-2022 00:00,S004,P0006,Furniture,North,109,69,58,83.8,20.5,15,Snowy,0,20.26,Autumn
08-01-2022 00:00,S004,P0007,Electronics,North,152,97,105,99.28,56.84,15,Cloudy,0,55.52,Autumn
08-01-2022 00:00,S004,P0008,Groceries,North,203,161,51,170.06,39.81,10,Rainy,1,39.59,Autumn
08-01-2022 00:00,S004,P0009,Clothing,North,102,97,177,96.05,65.64,5,Sunny,1,62.4,Spring
08-01-2022 00:00,S004,P0010,Electronics,North,393,170,187,162.77,15.27,0,Cloudy,0,14.74,Spring
08-01-2022 00:00,S004,P0011,Toys,West,317,132,48,135.34,32.2,15,Snowy,1,36.91,Autumn
08-01-2022 00:00,S004,P0012,Furniture,East,163,145,194,147.73,92.42,10,Sunny,0,97.22,Winter
08-01-2022 00:00,S004,P0013,Electronics,West,386,331,162,342,20.13,20,Snowy,1,24.22,Autumn
08-01-2022 00:00,S004,P0014,Furniture,East,311,256,168,267.54,51.94,10,Snowy,0,54.91,Winter
08-01-2022 00:00,S004,P0015,Electronics,North,338,135,145,128.97,19.51,10,Sunny,1,24.3,Spring
08-01-2022 00:00,S004,P0016,Electronics,North,329,163,56,166.53,81.94,0,Cloudy,1,79.28,Summer
08-01-2022 00:00,S004,P0017,Toys,South,111,105,85,113.96,94.97,5,Rainy,0,91.43,Summer
08-01-2022 00:00,S004,P0018,Toys,West,190,39,37,37.83,65.26,20,Cloudy,1,69.04,Summer
08-01-2022 00:00,S004,P0019,Groceries,East,353,41,174,40.63,21.49,20,Cloudy,1,23.14,Autumn
08-01-2022 00:00,S004,P0020,Groceries,West,176,59,21,71.18,30.67,15,Sunny,1,25.88,Spring
08-01-2022 00:00,S005,P0001,Toys,North,107,53,189,62.9,21.2,20,Sunny,0,18.82,Summer
08-01-2022 00:00,S005,P0002,Clothing,West,196,149,35,142.88,48.65,10,Cloudy,1,45.55,Spring
08-01-2022 00:00,S005,P0003,Toys,East,341,208,23,202.85,61.05,10,Cloudy,1,62.64,Spring
08-01-2022 00:00,S005,P0004,Electronics,South,401,61,25,70.2,57.98,20,Rainy,1,60.38,Autumn
08-01-2022 00:00,S005,P0005,Groceries,East,459,211,35,207.67,10.83,20,Sunny,1,11.86,Summer
08-01-2022 00:00,S005,P0006,Furniture,North,323,223,111,232.03,61.72,5,Snowy,1,62.81,Spring
08-01-2022 00:00,S005,P0007,Toys,South,112,93,177,105.58,42.82,5,Sunny,0,45.41,Summer
08-01-2022 00:00,S005,P0008,Groceries,West,297,150,96,162.16,74,5,Snowy,1,69.22,Autumn
08-01-2022 00:00,S005,P0009,Toys,East,489,147,81,141.76,21.5,5,Sunny,1,18.34,Spring
08-01-2022 00:00,S005,P0010,Clothing,East,254,209,57,201.37,72.32,5,Cloudy,1,74.51,Winter
08-01-2022 00:00,S005,P0011,Groceries,North,137,40,159,55.57,50.72,5,Rainy,0,54.08,Summer
08-01-2022 00:00,S005,P0012,Toys,West,314,8,78,1.3,44.41,15,Sunny,1,39.42,Autumn
08-01-2022 00:00,S005,P0013,Groceries,West,365,241,86,239.85,95.4,0,Sunny,1,91.51,Autumn
08-01-2022 00:00,S005,P0014,Groceries,West,177,8,37,4.09,72.93,10,Sunny,0,72.3,Summer
08-01-2022 00:00,S005,P0015,Groceries,South,307,230,20,241.79,96.08,0,Rainy,0,92.66,Autumn
08-01-2022 00:00,S005,P0016,Clothing,South,101,89,162,91.65,19.72,15,Sunny,1,18.2,Summer
08-01-2022 00:00,S005,P0017,Clothing,East,377,116,49,126.12,60.49,20,Cloudy,1,61.93,Winter
08-01-2022 00:00,S005,P0018,Furniture,East,448,125,199,131.84,88.88,15,Sunny,0,89.6,Spring
08-01-2022 00:00,S005,P0019,Furniture,South,135,83,195,100.37,42.53,0,Snowy,1,46.54,Summer
08-01-2022 00:00,S005,P0020,Groceries,West,383,96,44,107.46,20.84,10,Sunny,1,21.93,Spring
09-01-2022 00:00,S001,P0001,Electronics,South,373,350,178,352.24,41.72,0,Sunny,1,38.68,Summer
09-01-2022 00:00,S001,P0002,Clothing,North,142,9,67,28.55,96.33,15,Cloudy,1,95.03,Spring
09-01-2022 00:00,S001,P0003,Toys,East,153,153,107,147.91,18.67,5,Sunny,1,19.14,Autumn
09-01-2022 00:00,S001,P0004,Groceries,West,410,5,188,17.43,64.74,15,Snowy,0,65.03,Summer
09-01-2022 00:00,S001,P0005,Toys,North,471,343,32,353.75,83.56,0,Sunny,0,86.48,Spring
09-01-2022 00:00,S001,P0006,Groceries,North,199,45,174,41.19,59.23,5,Rainy,0,54.92,Winter
09-01-2022 00:00,S001,P0007,Electronics,South,81,81,177,98.81,34.2,15,Sunny,1,37.95,Autumn
09-01-2022 00:00,S001,P0008,Clothing,East,247,194,80,202.27,83.93,10,Snowy,0,84.92,Autumn
09-01-2022 00:00,S001,P0009,Clothing,West,285,169,46,171.32,75.93,20,Cloudy,1,78.51,Spring
09-01-2022 00:00,S001,P0010,Toys,South,97,40,148,38.87,69.78,15,Cloudy,1,65.21,Summer
09-01-2022 00:00,S001,P0011,Groceries,North,361,106,28,123.38,52.18,5,Cloudy,1,50.67,Spring
09-01-2022 00:00,S001,P0012,Electronics,South,94,50,101,56.16,13.88,20,Rainy,0,13.91,Autumn
09-01-2022 00:00,S001,P0013,Toys,North,219,85,142,90.58,44.84,20,Sunny,0,44.08,Spring
09-01-2022 00:00,S001,P0014,Electronics,East,194,51,63,68.07,78.24,5,Snowy,0,79.19,Summer
09-01-2022 00:00,S001,P0015,Toys,East,424,342,108,340.97,44.74,10,Snowy,1,45.62,Spring
09-01-2022 00:00,S001,P0016,Electronics,East,458,98,52,100.51,52.49,5,Cloudy,1,49.14,Spring
09-01-2022 00:00,S001,P0017,Electronics,North,487,418,98,433.88,91.79,5,Snowy,1,90.65,Winter
09-01-2022 00:00,S001,P0018,Clothing,North,363,316,107,306.77,52.06,5,Rainy,0,50.29,Summer
09-01-2022 00:00,S001,P0019,Groceries,West,317,284,78,292.13,37.43,5,Snowy,0,33.91,Autumn
09-01-2022 00:00,S001,P0020,Toys,North,351,55,33,66.56,10.99,0,Cloudy,0,7.6,Spring
09-01-2022 00:00,S002,P0001,Groceries,South,361,155,102,149.74,78.43,15,Cloudy,1,82.14,Winter
09-01-2022 00:00,S002,P0002,Toys,North,93,29,101,25.81,96.63,5,Rainy,1,95.9,Winter
09-01-2022 00:00,S002,P0003,Electronics,North,204,50,179,62.18,58.55,15,Snowy,0,57.36,Autumn
09-01-2022 00:00,S002,P0004,Electronics,East,240,137,177,144.48,60.26,15,Rainy,1,63.81,Spring
09-01-2022 00:00,S002,P0005,Toys,South,478,242,102,249.33,94.9,20,Sunny,1,98.8,Autumn
09-01-2022 00:00,S002,P0006,Groceries,South,170,71,151,69.31,95.07,5,Cloudy,1,90.08,Spring
09-01-2022 00:00,S002,P0007,Clothing,East,332,237,66,256.19,91.4,15,Cloudy,0,91.21,Winter
09-01-2022 00:00,S002,P0008,Electronics,West,116,45,152,35.45,81.13,10,Cloudy,1,84.71,Spring
09-01-2022 00:00,S002,P0009,Electronics,North,306,252,166,258.01,72.99,20,Cloudy,1,71.11,Spring
09-01-2022 00:00,S002,P0010,Electronics,South,376,222,59,212.54,11.3,10,Cloudy,0,7.69,Winter
09-01-2022 00:00,S002,P0011,Clothing,East,450,334,155,345.11,91.41,10,Snowy,1,88.3,Winter
09-01-2022 00:00,S002,P0012,Electronics,South,201,45,141,44.15,51.28,5,Cloudy,0,49.5,Spring
09-01-2022 00:00,S002,P0013,Furniture,West,344,270,81,289.15,26.81,15,Sunny,1,26.46,Winter
09-01-2022 00:00,S002,P0014,Toys,North,330,87,101,93.59,23.4,5,Snowy,1,24.43,Summer
09-01-2022 00:00,S002,P0015,Electronics,West,443,270,162,264.3,71.86,20,Sunny,0,69.87,Autumn
09-01-2022 00:00,S002,P0016,Furniture,North,219,178,114,179.94,52.98,0,Sunny,1,54.51,Winter
09-01-2022 00:00,S002,P0017,Electronics,South,100,50,99,62.54,48.77,5,Snowy,1,46.12,Spring
09-01-2022 00:00,S002,P0018,Furniture,West,96,95,63,103.86,45.68,0,Sunny,1,45.36,Autumn
09-01-2022 00:00,S002,P0019,Clothing,West,491,45,68,46.59,15.25,15,Sunny,0,20.13,Winter
09-01-2022 00:00,S002,P0020,Clothing,East,421,391,48,397.01,99.92,15,Snowy,1,95.92,Winter
09-01-2022 00:00,S003,P0001,Clothing,East,139,112,66,106.74,84.48,0,Snowy,0,89.23,Summer
09-01-2022 00:00,S003,P0002,Groceries,North,363,337,95,336.29,45.42,5,Sunny,0,48.52,Autumn
09-01-2022 00:00,S003,P0003,Groceries,East,159,98,47,112.01,71.37,10,Rainy,1,69.07,Summer
09-01-2022 00:00,S003,P0004,Electronics,East,252,34,150,43.23,30.87,20,Snowy,1,35.29,Spring
09-01-2022 00:00,S003,P0005,Furniture,West,418,4,143,-1.33,60.22,0,Cloudy,1,58.63,Summer
09-01-2022 00:00,S003,P0006,Toys,East,248,65,138,59.54,82.33,15,Rainy,0,80.8,Spring
09-01-2022 00:00,S003,P0007,Clothing,North,440,21,49,13.86,51.57,20,Cloudy,1,49.43,Summer
09-01-2022 00:00,S003,P0008,Clothing,South,267,100,134,106.79,22.73,5,Cloudy,1,25.27,Autumn
09-01-2022 00:00,S003,P0009,Electronics,South,427,331,128,343.88,32.9,20,Snowy,0,36.09,Summer
09-01-2022 00:00,S003,P0010,Toys,East,60,40,65,51.32,85.57,20,Rainy,0,82.49,Spring
09-01-2022 00:00,S003,P0011,Clothing,West,421,48,99,63.04,87.39,5,Cloudy,1,87.16,Summer
09-01-2022 00:00,S003,P0012,Electronics,East,398,393,149,388.39,78.81,10,Sunny,1,81.37,Spring
09-01-2022 00:00,S003,P0013,Groceries,East,223,116,35,126.41,26.29,15,Cloudy,1,22.02,Spring
09-01-2022 00:00,S003,P0014,Electronics,West,495,198,146,205.97,82.3,15,Rainy,0,86.23,Autumn
09-01-2022 00:00,S003,P0015,Electronics,South,90,67,92,68.42,15.65,15,Snowy,1,18.07,Summer
09-01-2022 00:00,S003,P0016,Clothing,West,227,55,77,73.48,63.07,20,Sunny,0,60.96,Spring
09-01-2022 00:00,S003,P0017,Clothing,North,488,312,171,312.76,27.22,0,Snowy,0,24.53,Summer
09-01-2022 00:00,S003,P0018,Groceries,North,260,169,33,179.09,35.56,10,Cloudy,1,37.14,Winter
09-01-2022 00:00,S003,P0019,Furniture,West,419,141,124,160.89,32.55,20,Snowy,0,32.84,Winter
09-01-2022 00:00,S003,P0020,Electronics,North,486,225,190,216.77,83.51,15,Sunny,1,86.47,Summer
09-01-2022 00:00,S004,P0001,Clothing,West,391,253,163,250.85,80.62,0,Rainy,0,79.01,Autumn
09-01-2022 00:00,S004,P0002,Toys,North,211,74,131,89.7,98.46,5,Snowy,1,101.18,Summer
09-01-2022 00:00,S004,P0003,Toys,East,306,58,54,64.75,89.88,10,Snowy,0,94.46,Spring
09-01-2022 00:00,S004,P0004,Electronics,North,311,117,88,121.07,52.5,20,Snowy,1,54.96,Summer
09-01-2022 00:00,S004,P0005,Electronics,East,387,242,128,239.56,97.22,15,Cloudy,1,96.74,Winter
09-01-2022 00:00,S004,P0006,Electronics,East,120,97,111,108.83,65.21,5,Sunny,0,64.54,Winter
09-01-2022 00:00,S004,P0007,Clothing,West,393,239,104,236.49,59.25,20,Cloudy,1,57.58,Winter
09-01-2022 00:00,S004,P0008,Clothing,West,310,307,51,319.38,46.11,20,Rainy,0,41.37,Summer
09-01-2022 00:00,S004,P0009,Toys,North,436,250,194,247.52,88.74,15,Rainy,0,87.46,Spring
09-01-2022 00:00,S004,P0010,Furniture,North,356,57,165,70.92,72.52,5,Rainy,1,77.37,Autumn
09-01-2022 00:00,S004,P0011,Furniture,East,203,156,75,153.2,34.38,0,Rainy,0,31.76,Autumn
09-01-2022 00:00,S004,P0012,Toys,South,259,175,171,192.43,53.55,5,Snowy,0,52.61,Summer
09-01-2022 00:00,S004,P0013,Electronics,South,192,6,151,5.33,40.8,15,Rainy,1,38.42,Autumn
09-01-2022 00:00,S004,P0014,Toys,West,470,3,79,14.41,22.99,20,Snowy,0,26.24,Autumn
09-01-2022 00:00,S004,P0015,Electronics,North,173,14,150,23.41,94.54,0,Rainy,1,89.88,Spring
09-01-2022 00:00,S004,P0016,Toys,North,218,85,134,82.18,45.82,10,Rainy,0,44.57,Summer
09-01-2022 00:00,S004,P0017,Toys,West,241,222,75,219.47,75.5,10,Snowy,1,79.83,Autumn
09-01-2022 00:00,S004,P0018,Groceries,East,416,259,197,271.23,19.47,15,Rainy,1,15.6,Winter
09-01-2022 00:00,S004,P0019,Furniture,South,313,59,143,73.6,89.82,5,Rainy,1,92.02,Autumn
09-01-2022 00:00,S004,P0020,Toys,West,249,245,139,250.65,61.06,15,Snowy,1,59.95,Winter
09-01-2022 00:00,S005,P0001,Toys,West,412,408,114,407.25,89.6,20,Rainy,0,94.16,Winter
09-01-2022 00:00,S005,P0002,Clothing,East,359,178,97,172.45,78.44,20,Rainy,0,75.44,Autumn
09-01-2022 00:00,S005,P0003,Clothing,West,107,28,192,43.08,13.88,0,Sunny,0,11.35,Autumn
09-01-2022 00:00,S005,P0004,Toys,West,175,72,133,74.53,21.72,5,Sunny,0,25.34,Summer
09-01-2022 00:00,S005,P0005,Furniture,North,267,101,67,106.31,90.11,10,Rainy,0,85.86,Autumn
09-01-2022 00:00,S005,P0006,Clothing,South,266,151,27,157.09,55.34,5,Snowy,1,52.57,Summer
09-01-2022 00:00,S005,P0007,Electronics,East,463,384,53,382.37,40.06,15,Sunny,0,43.5,Autumn
09-01-2022 00:00,S005,P0008,Furniture,North,131,123,94,132.65,49.76,5,Rainy,0,44.85,Autumn
09-01-2022 00:00,S005,P0009,Toys,South,249,207,176,199.24,88.92,15,Snowy,0,87.53,Spring
09-01-2022 00:00,S005,P0010,Toys,East,225,98,56,94.99,91.41,0,Snowy,1,92.16,Spring
09-01-2022 00:00,S005,P0011,Clothing,East,418,338,109,330.41,54.48,20,Sunny,0,53.24,Winter
09-01-2022 00:00,S005,P0012,Groceries,West,156,152,113,159.59,95.44,0,Cloudy,0,95.95,Autumn
09-01-2022 00:00,S005,P0013,Clothing,North,278,253,65,269.96,41.74,5,Sunny,1,44.33,Autumn
09-01-2022 00:00,S005,P0014,Electronics,South,486,304,171,296.09,55.76,5,Sunny,0,51.67,Spring
09-01-2022 00:00,S005,P0015,Electronics,West,80,19,186,36.63,10.4,20,Rainy,0,11.15,Autumn
09-01-2022 00:00,S005,P0016,Clothing,North,282,222,166,215.32,41.91,0,Snowy,1,46.88,Winter
09-01-2022 00:00,S005,P0017,Electronics,North,412,200,27,196.83,50.57,5,Rainy,0,48.42,Autumn
09-01-2022 00:00,S005,P0018,Electronics,North,281,113,148,129.24,79.83,5,Rainy,0,81.85,Winter
09-01-2022 00:00,S005,P0019,Furniture,East,274,148,91,164.34,34.29,5,Snowy,0,29.39,Autumn
09-01-2022 00:00,S005,P0020,Furniture,East,445,214,147,220.09,17.26,5,Sunny,1,14.58,Autumn
10-01-2022 00:00,S001,P0001,Electronics,West,327,36,132,39.5,32.68,5,Snowy,1,34.71,Summer
10-01-2022 00:00,S001,P0002,Toys,South,222,183,121,173.86,42.03,5,Rainy,0,41.89,Autumn
10-01-2022 00:00,S001,P0003,Groceries,West,120,38,177,31.02,29.15,10,Snowy,0,24.21,Spring
10-01-2022 00:00,S001,P0004,Electronics,East,147,18,124,15.62,74.05,20,Cloudy,1,76.45,Summer
10-01-2022 00:00,S001,P0005,Toys,East,120,59,108,76.93,23.43,20,Cloudy,1,19.08,Winter
10-01-2022 00:00,S001,P0006,Toys,West,346,151,57,150.5,27.82,5,Snowy,0,25.22,Spring
10-01-2022 00:00,S001,P0007,Clothing,South,481,323,113,317.12,84.01,0,Rainy,0,82.9,Autumn
10-01-2022 00:00,S001,P0008,Furniture,West,318,76,189,70.45,48.96,5,Cloudy,0,47.4,Summer
10-01-2022 00:00,S001,P0009,Toys,North,170,138,162,141.94,43.24,0,Cloudy,1,42.57,Spring
10-01-2022 00:00,S001,P0010,Clothing,East,324,113,82,111.02,63.67,0,Snowy,0,60.13,Autumn
10-01-2022 00:00,S001,P0011,Clothing,North,393,88,146,89.39,11.14,0,Cloudy,1,12.33,Spring
10-01-2022 00:00,S001,P0012,Groceries,West,444,16,158,8.63,18.93,10,Cloudy,1,19.04,Spring
10-01-2022 00:00,S001,P0013,Clothing,North,495,284,188,294.19,86.6,10,Sunny,1,83.44,Autumn
10-01-2022 00:00,S001,P0014,Furniture,West,282,269,139,288.12,24.95,0,Snowy,1,22.85,Autumn
10-01-2022 00:00,S001,P0015,Clothing,East,413,381,66,394,56.71,20,Sunny,0,56.78,Summer
10-01-2022 00:00,S001,P0016,Clothing,North,230,80,44,99.31,58.05,20,Snowy,1,53.34,Winter
10-01-2022 00:00,S001,P0017,Clothing,West,301,84,191,90.29,83.04,0,Cloudy,0,80.87,Spring
10-01-2022 00:00,S001,P0018,Furniture,West,263,8,59,11.98,81.47,20,Sunny,1,83.82,Spring
10-01-2022 00:00,S001,P0019,Clothing,North,100,65,50,68.14,46.67,5,Cloudy,0,50.75,Winter
10-01-2022 00:00,S001,P0020,Electronics,North,343,221,96,214.44,24.61,5,Cloudy,0,23.61,Summer
10-01-2022 00:00,S002,P0001,Groceries,West,117,42,158,56.12,31.79,5,Snowy,0,29.67,Autumn
10-01-2022 00:00,S002,P0002,Toys,East,114,70,191,61.73,36.13,20,Cloudy,0,32.2,Autumn
10-01-2022 00:00,S002,P0003,Furniture,South,127,11,181,15.25,49.6,5,Sunny,1,50.07,Spring
10-01-2022 00:00,S002,P0004,Clothing,North,141,54,122,62.16,38.68,20,Cloudy,0,34.54,Winter
10-01-2022 00:00,S002,P0005,Groceries,South,280,36,166,26.1,10.06,5,Snowy,1,7.89,Winter
10-01-2022 00:00,S002,P0006,Toys,West,341,229,145,226.45,62.31,5,Snowy,0,66.62,Winter
10-01-2022 00:00,S002,P0007,Toys,West,229,94,50,107.56,48.84,5,Snowy,0,45.8,Summer
10-01-2022 00:00,S002,P0008,Groceries,West,248,212,82,227.94,24.63,5,Cloudy,1,28.34,Winter
10-01-2022 00:00,S002,P0009,Toys,East,335,178,157,181.48,87.82,20,Snowy,0,91.32,Winter
10-01-2022 00:00,S002,P0010,Electronics,West,416,300,197,304.96,63.39,15,Snowy,1,60.96,Autumn
10-01-2022 00:00,S002,P0011,Toys,South,481,345,122,355.64,56.76,10,Sunny,1,55.94,Summer
10-01-2022 00:00,S002,P0012,Clothing,South,170,147,77,162.71,33.95,15,Sunny,1,34.5,Spring
10-01-2022 00:00,S002,P0013,Furniture,West,213,104,46,122.12,30.8,15,Snowy,1,26.83,Summer
10-01-2022 00:00,S002,P0014,Groceries,South,293,73,25,64.18,48.94,10,Rainy,0,51.54,Autumn
10-01-2022 00:00,S002,P0015,Groceries,South,350,293,81,293.45,31.05,10,Rainy,1,34.23,Spring
10-01-2022 00:00,S002,P0016,Electronics,South,355,71,149,63.71,44.98,0,Cloudy,1,46.57,Winter
10-01-2022 00:00,S002,P0017,Furniture,South,373,21,85,29.29,91.69,20,Cloudy,0,89.07,Winter
10-01-2022 00:00,S002,P0018,Furniture,North,292,22,129,21.8,26.6,10,Rainy,0,29.87,Spring
10-01-2022 00:00,S002,P0019,Toys,East,447,31,52,21.94,84.73,10,Snowy,0,85.3,Spring
10-01-2022 00:00,S002,P0020,Groceries,East,287,259,151,270.1,95.77,5,Rainy,1,92.6,Summer
10-01-2022 00:00,S003,P0001,Toys,South,126,57,61,59.64,21.01,15,Rainy,1,24.33,Spring
10-01-2022 00:00,S003,P0002,Clothing,East,85,79,68,72.88,40.83,5,Rainy,1,37.97,Autumn
10-01-2022 00:00,S003,P0003,Furniture,North,84,7,195,9.75,67.15,15,Snowy,0,66.45,Winter
10-01-2022 00:00,S003,P0004,Clothing,West,209,92,54,105.52,94.47,0,Snowy,0,92.82,Spring
10-01-2022 00:00,S003,P0005,Groceries,West,260,248,190,262.45,15.86,20,Rainy,0,19.76,Autumn
10-01-2022 00:00,S003,P0006,Toys,East,134,89,159,90.46,77.71,10,Cloudy,1,73.15,Autumn
10-01-2022 00:00,S003,P0007,Clothing,North,421,120,45,139.15,24.06,0,Sunny,1,27.82,Winter
10-01-2022 00:00,S003,P0008,Furniture,South,318,216,57,207.11,96.13,15,Rainy,0,96.95,Spring
10-01-2022 00:00,S003,P0009,Furniture,North,342,335,169,335.31,22.27,10,Sunny,1,22.9,Winter
10-01-2022 00:00,S003,P0010,Electronics,North,217,158,176,148.76,37.11,20,Sunny,1,39.36,Summer
10-01-2022 00:00,S003,P0011,Electronics,North,459,91,23,82.67,76.21,0,Cloudy,0,74.7,Spring
10-01-2022 00:00,S003,P0012,Furniture,South,456,320,35,315.25,47.54,10,Rainy,1,50.18,Winter
10-01-2022 00:00,S003,P0013,Furniture,East,436,67,123,82.23,87.82,0,Cloudy,0,83.78,Winter
10-01-2022 00:00,S003,P0014,Groceries,West,274,79,117,85.44,63.08,20,Rainy,0,64.97,Autumn
10-01-2022 00:00,S003,P0015,Toys,West,450,84,142,79.33,10.85,5,Rainy,1,14,Spring
10-01-2022 00:00,S003,P0016,Toys,South,166,87,83,99.16,75.19,5,Cloudy,0,78.92,Winter
10-01-2022 00:00,S003,P0017,Electronics,South,174,18,37,12.75,67.68,10,Cloudy,0,67.99,Autumn
10-01-2022 00:00,S003,P0018,Electronics,North,413,369,98,365.01,45.57,15,Snowy,1,42.36,Summer
10-01-2022 00:00,S003,P0019,Clothing,West,408,170,20,164.18,95.52,0,Cloudy,0,93.62,Summer
10-01-2022 00:00,S003,P0020,Clothing,West,257,192,198,201.77,66.95,20,Cloudy,1,71.86,Summer
10-01-2022 00:00,S004,P0001,Groceries,East,310,280,145,279.05,20.82,0,Cloudy,0,17.27,Winter
10-01-2022 00:00,S004,P0002,Clothing,East,248,236,82,243.09,96,0,Snowy,0,98.28,Winter
10-01-2022 00:00,S004,P0003,Toys,West,161,107,53,101.45,85.09,0,Rainy,1,82.52,Summer
10-01-2022 00:00,S004,P0004,Furniture,South,94,40,173,40.99,45.22,5,Sunny,1,43.46,Spring
10-01-2022 00:00,S004,P0005,Toys,North,80,27,80,25.55,98.97,10,Cloudy,1,100.43,Autumn
10-01-2022 00:00,S004,P0006,Toys,North,130,102,94,110.85,23.47,0,Sunny,0,28.37,Spring
10-01-2022 00:00,S004,P0007,Clothing,West,299,110,87,100.75,73.43,10,Sunny,1,70.42,Autumn
10-01-2022 00:00,S004,P0008,Electronics,North,390,135,68,141.9,71.06,10,Rainy,0,71.8,Winter
10-01-2022 00:00,S004,P0009,Groceries,East,62,12,24,22.88,52.85,5,Snowy,0,49.41,Autumn
10-01-2022 00:00,S004,P0010,Groceries,South,359,259,26,250.33,89.31,0,Rainy,1,88.85,Autumn
10-01-2022 00:00,S004,P0011,Groceries,North,461,110,47,127.48,82.33,15,Sunny,1,78.97,Spring
10-01-2022 00:00,S004,P0012,Clothing,East,91,53,160,51.14,65.05,10,Snowy,1,67.32,Summer
10-01-2022 00:00,S004,P0013,Furniture,West,175,35,169,27.92,64.37,20,Cloudy,0,62.68,Spring
10-01-2022 00:00,S004,P0014,Electronics,West,496,349,155,355.24,75.88,15,Snowy,1,71.65,Autumn
10-01-2022 00:00,S004,P0015,Groceries,South,190,178,102,175.65,52.89,10,Snowy,0,55.83,Winter
10-01-2022 00:00,S004,P0016,Clothing,West,419,201,141,202.21,78.7,0,Cloudy,1,82.16,Winter
10-01-2022 00:00,S004,P0017,Furniture,South,381,264,98,277.98,16.08,10,Snowy,1,13.32,Spring
10-01-2022 00:00,S004,P0018,Groceries,North,66,35,106,36.58,72.14,20,Rainy,0,74.88,Spring
10-01-2022 00:00,S004,P0019,Electronics,West,103,73,87,72.79,52.67,10,Cloudy,0,50.56,Spring
10-01-2022 00:00,S004,P0020,Electronics,West,427,215,154,207.04,49.52,10,Sunny,1,53.69,Spring
10-01-2022 00:00,S005,P0001,Furniture,West,101,23,102,18.75,30.18,15,Cloudy,1,26.91,Summer
10-01-2022 00:00,S005,P0002,Clothing,North,499,211,159,220.04,56.35,10,Rainy,1,58.67,Summer
10-01-2022 00:00,S005,P0003,Electronics,South,180,28,146,43.2,56.87,5,Snowy,1,61.07,Autumn
10-01-2022 00:00,S005,P0004,Furniture,North,58,40,149,48.74,77.7,20,Snowy,1,74.51,Winter
10-01-2022 00:00,S005,P0005,Electronics,East,153,112,185,109.37,31.47,5,Snowy,1,35,Spring
10-01-2022 00:00,S005,P0006,Clothing,South,142,112,180,131.57,86.12,0,Rainy,0,82.46,Summer
10-01-2022 00:00,S005,P0007,Furniture,East,157,140,110,133.11,81.91,0,Cloudy,0,81.5,Winter
10-01-2022 00:00,S005,P0008,Groceries,North,129,94,137,108.16,82.5,15,Rainy,0,87.39,Spring
10-01-2022 00:00,S005,P0009,Groceries,North,420,177,62,181.88,70.69,5,Rainy,1,73.15,Summer
10-01-2022 00:00,S005,P0010,Electronics,South,225,209,185,222.54,21.75,5,Snowy,0,23.91,Spring
10-01-2022 00:00,S005,P0011,Groceries,North,434,46,145,51.3,60.87,15,Cloudy,1,60,Autumn
10-01-2022 00:00,S005,P0012,Toys,South,102,62,68,77.34,79,10,Rainy,0,75.64,Spring
10-01-2022 00:00,S005,P0013,Groceries,East,276,176,120,183.7,33.77,0,Snowy,0,30.48,Spring
10-01-2022 00:00,S005,P0014,Electronics,North,112,21,111,13.92,80.06,5,Sunny,0,78.11,Winter
10-01-2022 00:00,S005,P0015,Furniture,West,494,300,31,311.48,61.44,0,Sunny,0,60.36,Winter
10-01-2022 00:00,S005,P0016,Groceries,East,407,103,90,107.56,60.15,15,Sunny,1,64.52,Winter
10-01-2022 00:00,S005,P0017,Furniture,East,308,266,164,259.6,31.07,20,Rainy,1,30.57,Summer
10-01-2022 00:00,S005,P0018,Furniture,South,331,235,49,234.25,22.58,20,Cloudy,1,27.56,Summer
10-01-2022 00:00,S005,P0019,Electronics,East,481,154,169,169.61,85.04,5,Cloudy,0,82.62,Autumn
10-01-2022 00:00,S005,P0020,Toys,West,372,176,182,183.29,15.56,0,Sunny,1,19.15,Summer
11-01-2022 00:00,S001,P0001,Furniture,West,101,16,193,16.11,27.53,5,Rainy,1,27.08,Autumn
11-01-2022 00:00,S001,P0002,Furniture,North,127,124,143,123.66,37.38,10,Rainy,0,32.62,Summer
11-01-2022 00:00,S001,P0003,Furniture,South,292,9,133,2.7,50.84,20,Cloudy,0,47.23,Winter
11-01-2022 00:00,S001,P0004,Furniture,West,373,344,67,362.44,35.38,20,Cloudy,1,37.69,Spring
11-01-2022 00:00,S001,P0005,Toys,West,297,263,90,254.9,84.84,15,Sunny,1,84.34,Spring
11-01-2022 00:00,S001,P0006,Groceries,South,357,259,185,273.03,78.72,0,Sunny,1,81.3,Spring
11-01-2022 00:00,S001,P0007,Groceries,East,416,79,105,70.02,74.55,5,Rainy,1,79.42,Summer
11-01-2022 00:00,S001,P0008,Electronics,West,305,230,196,232.49,67.34,5,Sunny,0,65.41,Summer
11-01-2022 00:00,S001,P0009,Electronics,West,358,183,119,186.8,49.71,15,Sunny,0,51.53,Autumn
11-01-2022 00:00,S001,P0010,Clothing,East,172,144,46,158.27,98.8,15,Snowy,0,100.38,Autumn
11-01-2022 00:00,S001,P0011,Toys,South,292,249,168,264.12,63.1,15,Rainy,0,63.62,Summer
11-01-2022 00:00,S001,P0012,Toys,East,205,3,120,-6.05,38.97,20,Sunny,1,41.52,Winter
11-01-2022 00:00,S001,P0013,Furniture,North,241,213,72,219.8,94.9,15,Rainy,1,92.72,Summer
11-01-2022 00:00,S001,P0014,Toys,South,217,57,69,57.46,26.07,0,Sunny,0,22.55,Winter
11-01-2022 00:00,S001,P0015,Clothing,North,51,38,196,48.25,27.47,0,Rainy,1,24.16,Spring
11-01-2022 00:00,S001,P0016,Groceries,North,412,302,192,305.39,44.77,20,Sunny,1,49.66,Spring
11-01-2022 00:00,S001,P0017,Groceries,East,361,136,65,144.26,54.54,15,Sunny,1,54.89,Summer
11-01-2022 00:00,S001,P0018,Clothing,West,364,54,165,60.77,83.03,20,Cloudy,1,84.29,Spring
11-01-2022 00:00,S001,P0019,Clothing,South,417,410,96,425.75,10.17,0,Rainy,0,9.52,Winter
11-01-2022 00:00,S001,P0020,Toys,West,251,168,168,160.65,30,10,Cloudy,1,32.95,Autumn
11-01-2022 00:00,S002,P0001,Furniture,East,294,48,160,60.4,20.51,20,Snowy,1,17.82,Winter
11-01-2022 00:00,S002,P0002,Furniture,South,253,112,160,107.97,87.79,10,Rainy,0,84.89,Winter
11-01-2022 00:00,S002,P0003,Toys,North,155,67,20,76.09,52.77,20,Sunny,0,57.47,Spring
11-01-2022 00:00,S002,P0004,Electronics,East,166,149,126,140.9,53.82,10,Cloudy,0,54.7,Spring
11-01-2022 00:00,S002,P0005,Toys,East,445,317,40,331.04,36.25,20,Snowy,0,32.19,Summer
11-01-2022 00:00,S002,P0006,Toys,North,445,277,174,286.47,57.78,15,Rainy,0,55.85,Summer
11-01-2022 00:00,S002,P0007,Electronics,West,211,6,191,3.26,30.24,0,Sunny,0,33.1,Summer
11-01-2022 00:00,S002,P0008,Electronics,North,308,22,108,12.51,35.64,0,Snowy,0,40.16,Summer
11-01-2022 00:00,S002,P0009,Clothing,West,333,326,187,323.46,91.12,5,Rainy,0,95.77,Summer
11-01-2022 00:00,S002,P0010,Clothing,South,377,172,60,172.46,92.76,15,Sunny,0,89.04,Spring
11-01-2022 00:00,S002,P0011,Clothing,West,319,314,187,318.2,41.52,0,Snowy,1,46.04,Autumn
11-01-2022 00:00,S002,P0012,Toys,South,87,48,68,63.14,14.82,20,Cloudy,1,15.72,Autumn
11-01-2022 00:00,S002,P0013,Toys,South,383,379,167,374.54,53.87,0,Rainy,0,53.47,Spring
11-01-2022 00:00,S002,P0014,Electronics,South,486,241,24,242.04,44.65,0,Snowy,0,42.28,Summer
11-01-2022 00:00,S002,P0015,Furniture,North,266,144,192,151.74,45.52,15,Snowy,0,46.33,Winter
11-01-2022 00:00,S002,P0016,Toys,South,439,58,191,77.75,16.44,15,Rainy,0,17.7,Winter
11-01-2022 00:00,S002,P0017,Furniture,North,419,418,171,437.61,75.53,15,Cloudy,1,77.13,Spring
11-01-2022 00:00,S002,P0018,Clothing,North,370,274,195,281.54,20.72,5,Cloudy,1,20.27,Autumn
11-01-2022 00:00,S002,P0019,Toys,West,121,110,76,129.25,56.42,10,Sunny,0,56.84,Winter
11-01-2022 00:00,S002,P0020,Electronics,West,368,333,72,333.12,62.7,15,Snowy,0,60.86,Summer
11-01-2022 00:00,S003,P0001,Clothing,North,366,6,147,7.29,42.12,0,Sunny,0,46.51,Spring
11-01-2022 00:00,S003,P0002,Furniture,West,226,188,200,200.13,26.76,10,Sunny,1,23.06,Autumn
11-01-2022 00:00,S003,P0003,Furniture,West,417,201,164,191.15,15.89,10,Rainy,0,10.92,Spring
11-01-2022 00:00,S003,P0004,Furniture,North,410,108,89,105.34,35.02,15,Rainy,1,34.81,Autumn
11-01-2022 00:00,S003,P0005,Groceries,West,378,94,44,90.4,71.51,0,Rainy,1,71.49,Spring
11-01-2022 00:00,S003,P0006,Furniture,North,151,28,145,33.81,59.59,20,Sunny,0,64.32,Winter
11-01-2022 00:00,S003,P0007,Toys,East,200,70,48,69.87,85.49,5,Sunny,0,82.19,Autumn
11-01-2022 00:00,S003,P0008,Groceries,West,124,53,50,60.63,76.08,15,Sunny,0,72.57,Autumn
11-01-2022 00:00,S003,P0009,Furniture,South,119,29,157,45.21,61.5,0,Sunny,0,63.52,Spring
11-01-2022 00:00,S003,P0010,Electronics,South,260,69,121,74.49,30.89,5,Cloudy,0,29.15,Autumn
11-01-2022 00:00,S003,P0011,Groceries,West,253,201,67,195.03,58.66,20,Snowy,0,58.5,Spring
11-01-2022 00:00,S003,P0012,Toys,West,430,405,175,424.34,69.5,0,Cloudy,0,67.32,Summer
11-01-2022 00:00,S003,P0013,Electronics,East,489,3,41,1.28,54.68,0,Snowy,1,53.19,Summer
11-01-2022 00:00,S003,P0014,Clothing,South,171,6,102,20.39,90.19,20,Cloudy,0,93.29,Winter
11-01-2022 00:00,S003,P0015,Clothing,West,314,58,43,53.75,46.7,15,Rainy,1,49.54,Autumn
11-01-2022 00:00,S003,P0016,Clothing,North,76,22,176,39.41,55.42,20,Rainy,0,52.25,Summer
11-01-2022 00:00,S003,P0017,Clothing,West,334,320,138,311.88,78.35,15,Sunny,0,79.66,Summer
11-01-2022 00:00,S003,P0018,Furniture,South,226,221,94,213.98,82.86,15,Snowy,0,85.23,Summer
11-01-2022 00:00,S003,P0019,Electronics,West,252,23,194,32.78,25.73,20,Rainy,1,21.76,Winter
11-01-2022 00:00,S003,P0020,Electronics,East,383,109,100,116.54,76.38,20,Snowy,1,74.88,Summer
11-01-2022 00:00,S004,P0001,Electronics,East,147,45,129,41.43,54.34,0,Rainy,1,53.68,Autumn
11-01-2022 00:00,S004,P0002,Furniture,West,322,94,183,89.52,80.99,0,Rainy,0,83.43,Autumn
11-01-2022 00:00,S004,P0003,Groceries,West,366,175,25,193.59,42.72,0,Rainy,0,38.37,Spring
11-01-2022 00:00,S004,P0004,Clothing,West,203,136,31,138.52,99.09,10,Cloudy,0,103.69,Summer
11-01-2022 00:00,S004,P0005,Clothing,East,116,107,59,108.84,94.44,10,Rainy,0,91.83,Spring
11-01-2022 00:00,S004,P0006,Toys,East,441,89,84,91.04,58.61,20,Sunny,1,60.13,Winter
11-01-2022 00:00,S004,P0007,Furniture,West,107,81,100,80.74,45.72,5,Rainy,0,47.8,Autumn
11-01-2022 00:00,S004,P0008,Electronics,North,104,43,37,47.42,59.22,15,Sunny,0,55.57,Autumn
11-01-2022 00:00,S004,P0009,Clothing,North,258,233,151,240.92,70.91,15,Rainy,1,67.24,Autumn
11-01-2022 00:00,S004,P0010,Clothing,East,475,386,89,384.19,16.38,0,Cloudy,1,14.52,Autumn
11-01-2022 00:00,S004,P0011,Clothing,West,105,37,149,35.77,90.11,5,Rainy,0,94.55,Summer
11-01-2022 00:00,S004,P0012,Clothing,East,471,206,103,203.22,29.01,5,Rainy,0,29.39,Summer
11-01-2022 00:00,S004,P0013,Groceries,South,387,37,129,54.63,11.67,5,Snowy,0,12.67,Summer
11-01-2022 00:00,S004,P0014,Clothing,South,298,116,155,113.02,33.62,10,Rainy,0,38.45,Summer
11-01-2022 00:00,S004,P0015,Electronics,North,339,309,150,305.23,87.25,15,Snowy,0,87.55,Autumn
11-01-2022 00:00,S004,P0016,Furniture,South,192,186,181,179.93,47.55,0,Cloudy,0,45.4,Winter
11-01-2022 00:00,S004,P0017,Clothing,South,139,59,124,49.97,94.4,10,Cloudy,0,91.19,Summer
11-01-2022 00:00,S004,P0018,Clothing,West,193,139,178,145.14,38.1,10,Cloudy,0,36.76,Winter
11-01-2022 00:00,S004,P0019,Toys,East,66,25,108,36.78,71.45,10,Rainy,0,68.39,Summer
11-01-2022 00:00,S004,P0020,Furniture,West,483,356,143,371.86,30.99,20,Rainy,0,28.33,Autumn
11-01-2022 00:00,S005,P0001,Clothing,East,208,204,88,202.45,31.82,10,Cloudy,1,33.04,Autumn
11-01-2022 00:00,S005,P0002,Groceries,North,424,331,49,330.5,99.84,20,Sunny,1,96.92,Summer
11-01-2022 00:00,S005,P0003,Groceries,North,91,52,127,56.63,81.55,15,Snowy,0,80.98,Winter
11-01-2022 00:00,S005,P0004,Furniture,North,215,175,28,166.11,20.2,20,Rainy,1,19.15,Winter
11-01-2022 00:00,S005,P0005,Electronics,West,275,210,153,213.34,25.24,20,Cloudy,1,27.65,Spring
11-01-2022 00:00,S005,P0006,Clothing,North,92,29,23,28.38,41.2,20,Cloudy,1,38.1,Summer
11-01-2022 00:00,S005,P0007,Toys,North,143,82,177,86.28,61.03,0,Sunny,0,60.86,Summer
11-01-2022 00:00,S005,P0008,Clothing,South,296,71,128,89.7,80.21,20,Rainy,0,78.7,Summer
11-01-2022 00:00,S005,P0009,Toys,West,278,168,141,178.08,24.63,20,Rainy,1,27.39,Autumn
11-01-2022 00:00,S005,P0010,Electronics,South,170,50,87,68.65,77.8,0,Cloudy,0,75.62,Winter
11-01-2022 00:00,S005,P0011,Furniture,North,183,117,148,135.3,86.62,15,Snowy,0,89.33,Autumn
11-01-2022 00:00,S005,P0012,Groceries,South,285,89,108,92.19,51.37,5,Cloudy,0,55.02,Autumn
11-01-2022 00:00,S005,P0013,Electronics,North,492,178,46,175.13,34.5,5,Snowy,0,30.13,Autumn
11-01-2022 00:00,S005,P0014,Groceries,West,161,159,143,159.83,78.42,10,Sunny,0,74.87,Spring
11-01-2022 00:00,S005,P0015,Electronics,West,390,230,159,234.2,34.5,10,Rainy,1,38.93,Spring
11-01-2022 00:00,S005,P0016,Toys,North,315,6,194,19.66,37.75,5,Cloudy,1,39.79,Winter
11-01-2022 00:00,S005,P0017,Clothing,North,337,148,173,144.72,18.95,20,Cloudy,0,17.94,Spring
11-01-2022 00:00,S005,P0018,Clothing,West,422,224,122,226.01,76.19,10,Rainy,0,77.91,Summer
11-01-2022 00:00,S005,P0019,Clothing,West,69,19,61,27.2,82.84,15,Rainy,1,78.4,Autumn
11-01-2022 00:00,S005,P0020,Groceries,South,384,155,177,154.7,77.59,0,Cloudy,0,78.87,Winter
12-01-2022 00:00,S001,P0001,Toys,South,145,104,189,100.32,92.92,0,Snowy,0,97.59,Winter
12-01-2022 00:00,S001,P0002,Toys,East,85,63,155,77.52,26.45,10,Snowy,0,24.61,Spring
12-01-2022 00:00,S001,P0003,Clothing,West,207,164,33,169.01,14.77,0,Cloudy,1,17.97,Autumn
12-01-2022 00:00,S001,P0004,Groceries,North,459,69,143,67.99,43.89,5,Sunny,0,48.34,Autumn
12-01-2022 00:00,S001,P0005,Furniture,West,182,13,150,26.65,72.92,5,Rainy,1,77.6,Winter
12-01-2022 00:00,S001,P0006,Electronics,South,376,176,29,189.61,66.77,10,Rainy,1,66.38,Spring
12-01-2022 00:00,S001,P0007,Toys,East,471,152,141,161.91,66.26,0,Sunny,1,62.28,Spring
12-01-2022 00:00,S001,P0008,Clothing,West,432,0,33,-3.55,55.07,0,Cloudy,0,51.15,Autumn
12-01-2022 00:00,S001,P0009,Electronics,West,145,33,51,30.37,28.91,5,Cloudy,1,28.56,Spring
12-01-2022 00:00,S001,P0010,Toys,West,275,3,124,17.98,82.89,0,Snowy,0,82.08,Spring
12-01-2022 00:00,S001,P0011,Furniture,East,393,327,35,323.43,54.17,20,Snowy,0,50.14,Autumn
12-01-2022 00:00,S001,P0012,Clothing,South,472,146,185,147.2,33.72,20,Rainy,0,35.63,Spring
12-01-2022 00:00,S001,P0013,Furniture,West,52,38,112,47.44,88.96,15,Cloudy,1,88.07,Winter
12-01-2022 00:00,S001,P0014,Groceries,North,314,106,54,119.61,37,15,Rainy,0,36.54,Spring
12-01-2022 00:00,S001,P0015,Electronics,North,373,297,102,309.41,86,15,Cloudy,1,89.39,Spring
12-01-2022 00:00,S001,P0016,Furniture,East,186,31,95,50.56,55.14,5,Cloudy,1,51.15,Winter
12-01-2022 00:00,S001,P0017,Groceries,North,430,18,191,25.03,54.14,10,Cloudy,0,51.21,Summer
12-01-2022 00:00,S001,P0018,Electronics,East,484,296,58,309.76,70.22,15,Sunny,1,69.04,Autumn
12-01-2022 00:00,S001,P0019,Furniture,East,490,444,37,444.13,86.87,20,Snowy,0,89.3,Summer
12-01-2022 00:00,S001,P0020,Furniture,South,346,153,96,158.81,98.16,15,Sunny,0,97.52,Summer
12-01-2022 00:00,S002,P0001,Toys,South,340,314,194,326.23,47.51,10,Snowy,0,50.09,Summer
12-01-2022 00:00,S002,P0002,Toys,South,204,91,69,109.24,96.59,5,Snowy,1,98.29,Summer
12-01-2022 00:00,S002,P0003,Electronics,North,396,241,134,255.29,94.79,5,Rainy,0,95.96,Autumn
12-01-2022 00:00,S002,P0004,Toys,West,216,21,167,39.03,95.01,15,Rainy,1,99.32,Summer
12-01-2022 00:00,S002,P0005,Groceries,North,493,75,144,77.77,53.94,5,Snowy,1,55.88,Spring
12-01-2022 00:00,S002,P0006,Electronics,East,397,138,167,129.28,51.45,15,Rainy,0,55.3,Autumn
12-01-2022 00:00,S002,P0007,Clothing,East,144,46,82,53.42,97.34,0,Sunny,1,95.07,Spring
12-01-2022 00:00,S002,P0008,Clothing,North,204,105,86,115.53,93.03,15,Rainy,1,91.01,Spring
12-01-2022 00:00,S002,P0009,Electronics,North,403,37,29,35.64,29.62,15,Snowy,1,31.49,Autumn
12-01-2022 00:00,S002,P0010,Groceries,East,234,23,90,32.22,29.43,5,Snowy,0,32.95,Autumn
12-01-2022 00:00,S002,P0011,Groceries,West,466,62,53,73.3,67.49,0,Cloudy,1,66.29,Autumn
12-01-2022 00:00,S002,P0012,Electronics,East,65,19,99,20.63,88.2,15,Rainy,0,84.3,Winter
12-01-2022 00:00,S002,P0013,Electronics,North,332,58,113,56.29,17.36,5,Snowy,1,13.02,Spring
12-01-2022 00:00,S002,P0014,Clothing,West,134,33,128,28.41,17.13,15,Cloudy,1,13.86,Summer
12-01-2022 00:00,S002,P0015,Clothing,East,481,159,93,159.48,97.74,15,Cloudy,0,100.84,Autumn
12-01-2022 00:00,S002,P0016,Clothing,West,119,14,45,27.21,74.04,15,Sunny,0,78.64,Winter
12-01-2022 00:00,S002,P0017,Clothing,East,170,52,173,49.58,69.15,15,Rainy,1,70.49,Summer
12-01-2022 00:00,S002,P0018,Furniture,East,123,37,148,54.95,14.94,15,Sunny,0,14.69,Spring
12-01-2022 00:00,S002,P0019,Electronics,South,291,227,170,238.75,72.52,15,Snowy,1,74.68,Spring
12-01-2022 00:00,S002,P0020,Furniture,North,461,219,99,233.98,79.94,10,Snowy,1,82.61,Spring
12-01-2022 00:00,S003,P0001,Toys,North,444,168,192,169.9,79.47,20,Rainy,0,77.09,Winter
12-01-2022 00:00,S003,P0002,Electronics,South,154,113,119,122.87,38.97,10,Snowy,1,39.36,Summer
12-01-2022 00:00,S003,P0003,Furniture,West,366,21,56,19.63,30.67,20,Rainy,1,26.08,Winter
12-01-2022 00:00,S003,P0004,Electronics,North,77,64,156,83.42,91.29,0,Cloudy,0,95.37,Summer
12-01-2022 00:00,S003,P0005,Electronics,North,385,99,117,97.28,79.42,15,Sunny,0,79.53,Autumn
12-01-2022 00:00,S003,P0006,Groceries,South,211,204,95,195.3,43.25,10,Sunny,1,46.79,Winter
12-01-2022 00:00,S003,P0007,Clothing,East,121,8,81,24.27,42.01,0,Sunny,1,42.25,Summer
12-01-2022 00:00,S003,P0008,Furniture,North,55,7,20,16.78,85.9,5,Snowy,0,87.97,Autumn
12-01-2022 00:00,S003,P0009,Clothing,South,198,3,124,21.65,72.82,15,Cloudy,1,69.2,Autumn
12-01-2022 00:00,S003,P0010,Furniture,South,74,6,77,-0.11,34.77,15,Snowy,0,33.56,Summer
12-01-2022 00:00,S003,P0011,Furniture,North,115,86,62,98.65,66.94,20,Sunny,1,70.62,Winter
12-01-2022 00:00,S003,P0012,Furniture,East,495,328,97,329.15,83.85,0,Rainy,0,88.8,Winter
12-01-2022 00:00,S003,P0013,Toys,East,262,63,79,53.02,78.14,5,Cloudy,0,79.39,Summer
12-01-2022 00:00,S003,P0014,Groceries,North,419,104,183,96.74,56.87,0,Snowy,1,52.16,Autumn
12-01-2022 00:00,S003,P0015,Clothing,West,370,89,149,84.22,47.97,0,Snowy,1,46.72,Winter
12-01-2022 00:00,S003,P0016,Furniture,West,136,114,148,129.96,56.47,0,Snowy,1,56.87,Spring
12-01-2022 00:00,S003,P0017,Clothing,North,126,10,198,22.96,57.77,15,Cloudy,1,59.25,Autumn
12-01-2022 00:00,S003,P0018,Groceries,South,234,127,110,133.78,99.79,10,Snowy,1,101.06,Summer
12-01-2022 00:00,S003,P0019,Toys,East,400,194,190,192.78,80.22,15,Rainy,1,75.39,Summer
12-01-2022 00:00,S003,P0020,Electronics,North,215,151,28,150.95,29.89,15,Sunny,1,29.79,Winter
12-01-2022 00:00,S004,P0001,Toys,North,56,39,149,35.68,46.26,20,Rainy,0,48.81,Autumn
12-01-2022 00:00,S004,P0002,Furniture,East,138,95,90,108.83,96.09,15,Cloudy,1,91.75,Autumn
12-01-2022 00:00,S004,P0003,Furniture,West,280,31,80,44.78,96.29,0,Cloudy,1,91.64,Winter
12-01-2022 00:00,S004,P0004,Clothing,East,79,4,156,23.49,60.78,20,Rainy,1,62.27,Spring
12-01-2022 00:00,S004,P0005,Clothing,North,340,286,179,291.93,38.17,15,Snowy,0,39.05,Summer
12-01-2022 00:00,S004,P0006,Clothing,West,202,145,35,163.13,48.26,15,Rainy,0,48.19,Summer
12-01-2022 00:00,S004,P0007,Groceries,North,473,104,165,103.65,25.58,5,Cloudy,1,24.76,Spring
12-01-2022 00:00,S004,P0008,Toys,North,314,190,94,197.93,17.82,10,Cloudy,0,15.65,Spring
12-01-2022 00:00,S004,P0009,Furniture,West,444,200,75,206.11,28.98,20,Snowy,1,31.75,Spring
12-01-2022 00:00,S004,P0010,Electronics,East,484,82,111,91.86,73.59,5,Cloudy,0,69.41,Summer
12-01-2022 00:00,S004,P0011,Clothing,South,446,119,129,137.27,57.96,20,Sunny,1,60.72,Winter
12-01-2022 00:00,S004,P0012,Groceries,South,285,141,176,156.95,46.66,0,Rainy,0,43.93,Winter
12-01-2022 00:00,S004,P0013,Groceries,North,275,29,62,21.05,66.05,20,Rainy,1,64.08,Winter
12-01-2022 00:00,S004,P0014,Electronics,South,376,309,110,300.87,82.95,15,Sunny,1,82.11,Winter
12-01-2022 00:00,S004,P0015,Electronics,South,275,95,141,101.13,22.29,15,Snowy,1,19.97,Spring
12-01-2022 00:00,S004,P0016,Groceries,East,217,14,79,32.26,77.84,15,Rainy,0,79.21,Summer
12-01-2022 00:00,S004,P0017,Clothing,East,435,400,55,412.14,10.15,0,Sunny,1,9.8,Autumn
12-01-2022 00:00,S004,P0018,Electronics,South,489,167,64,158.97,69.07,15,Cloudy,1,67.45,Spring
12-01-2022 00:00,S004,P0019,Groceries,East,209,96,70,113.57,27.43,0,Sunny,0,25.35,Spring
12-01-2022 00:00,S004,P0020,Electronics,South,225,205,120,215.67,76.86,15,Cloudy,1,79.76,Summer
12-01-2022 00:00,S005,P0001,Toys,South,132,6,84,-2.04,60.36,5,Rainy,1,59.95,Spring
12-01-2022 00:00,S005,P0002,Toys,South,491,448,163,466.49,39.15,5,Snowy,0,37.51,Autumn
12-01-2022 00:00,S005,P0003,Electronics,East,115,67,44,70.23,31,10,Cloudy,0,34.81,Winter
12-01-2022 00:00,S005,P0004,Furniture,North,229,29,63,47.58,19.32,20,Snowy,1,23.64,Spring
12-01-2022 00:00,S005,P0005,Electronics,East,237,129,175,119.96,60.15,20,Sunny,1,57.72,Autumn
12-01-2022 00:00,S005,P0006,Clothing,North,412,32,34,44.59,30.51,15,Rainy,0,30.36,Summer
12-01-2022 00:00,S005,P0007,Groceries,North,388,345,139,351.19,65.87,15,Snowy,1,67.61,Autumn
12-01-2022 00:00,S005,P0008,Furniture,North,415,39,36,40.35,64.04,5,Cloudy,0,65.98,Summer
12-01-2022 00:00,S005,P0009,Electronics,North,183,162,127,158.96,74.48,15,Cloudy,1,69.69,Summer
12-01-2022 00:00,S005,P0010,Electronics,East,259,116,163,111.75,72.65,5,Rainy,1,72.17,Summer
12-01-2022 00:00,S005,P0011,Toys,North,198,170,21,170.13,54.66,0,Sunny,0,52.58,Summer
12-01-2022 00:00,S005,P0012,Toys,West,170,78,55,84.14,39.19,5,Sunny,1,36.9,Spring
12-01-2022 00:00,S005,P0013,Groceries,East,386,136,54,127.44,86.78,10,Sunny,1,89.17,Winter
12-01-2022 00:00,S005,P0014,Clothing,East,345,132,26,132.99,43.4,0,Cloudy,0,45.48,Autumn
12-01-2022 00:00,S005,P0015,Clothing,West,78,18,102,14.56,83.43,15,Sunny,0,82.19,Spring
12-01-2022 00:00,S005,P0016,Electronics,North,79,40,190,37.92,16.59,20,Cloudy,0,15.08,Autumn
12-01-2022 00:00,S005,P0017,Toys,North,394,86,113,89.87,93.44,15,Sunny,1,90.24,Winter
12-01-2022 00:00,S005,P0018,Toys,North,99,18,172,26.08,11.98,20,Sunny,1,12.84,Autumn
12-01-2022 00:00,S005,P0019,Electronics,South,279,197,21,203.22,32.6,0,Sunny,1,30.33,Summer
12-01-2022 00:00,S005,P0020,Clothing,South,250,60,141,58.53,28.87,15,Snowy,0,29,Winter
13-01-2022 00:00,S001,P0001,Furniture,East,110,80,190,78.64,17.27,15,Snowy,1,21.79,Spring
13-01-2022 00:00,S001,P0002,Groceries,West,465,310,157,308.77,82.04,10,Rainy,0,83.15,Winter
13-01-2022 00:00,S001,P0003,Groceries,East,50,1,101,10.7,69.18,10,Rainy,1,66.84,Summer
13-01-2022 00:00,S001,P0004,Toys,South,229,70,178,81.75,61.99,15,Cloudy,0,59.74,Winter
13-01-2022 00:00,S001,P0005,Toys,East,490,254,44,262.28,31.66,0,Cloudy,0,33.73,Spring
13-01-2022 00:00,S001,P0006,Toys,East,279,135,94,154.63,10.7,15,Snowy,0,8.63,Winter
13-01-2022 00:00,S001,P0007,Electronics,North,408,245,35,250.89,82.49,15,Cloudy,0,79.53,Spring
13-01-2022 00:00,S001,P0008,Groceries,West,134,122,164,135.25,13.38,10,Cloudy,1,18.17,Summer
13-01-2022 00:00,S001,P0009,Clothing,East,292,26,145,19.26,99.4,15,Snowy,0,99.92,Summer
13-01-2022 00:00,S001,P0010,Toys,North,264,25,52,37.05,80.1,0,Snowy,1,75.75,Summer
13-01-2022 00:00,S001,P0011,Toys,West,185,24,27,25.87,40.19,10,Rainy,0,40.99,Winter
13-01-2022 00:00,S001,P0012,Furniture,North,144,9,129,17.74,28.44,20,Snowy,0,31.73,Summer
13-01-2022 00:00,S001,P0013,Toys,North,158,80,163,78.09,60.98,10,Rainy,1,64.65,Autumn
13-01-2022 00:00,S001,P0014,Toys,South,79,58,158,73.54,96.24,10,Cloudy,1,100.59,Autumn
13-01-2022 00:00,S001,P0015,Furniture,South,235,55,173,74.65,46.08,10,Rainy,0,45.39,Summer
13-01-2022 00:00,S001,P0016,Toys,East,91,19,126,9.24,35.05,5,Rainy,1,33.47,Autumn
13-01-2022 00:00,S001,P0017,Furniture,East,72,52,138,69.1,22.25,20,Sunny,1,17.44,Winter
13-01-2022 00:00,S001,P0018,Toys,South,348,198,138,209.45,22.31,0,Cloudy,0,21.01,Summer
13-01-2022 00:00,S001,P0019,Furniture,West,236,196,100,197.28,43.23,20,Cloudy,1,47.27,Autumn
13-01-2022 00:00,S001,P0020,Toys,South,271,152,131,148.94,90.75,0,Sunny,0,88.24,Summer
13-01-2022 00:00,S002,P0001,Furniture,South,469,317,100,331.97,44.84,15,Cloudy,0,43.79,Autumn
13-01-2022 00:00,S002,P0002,Toys,West,493,54,162,68.04,14.8,0,Cloudy,0,18.91,Summer
13-01-2022 00:00,S002,P0003,Electronics,West,157,149,133,140.76,11.82,20,Sunny,0,6.85,Spring
13-01-2022 00:00,S002,P0004,Electronics,South,417,247,199,251.63,50.1,10,Snowy,1,53.22,Summer
13-01-2022 00:00,S002,P0005,Electronics,North,195,158,110,156.04,10.12,10,Cloudy,1,14.88,Autumn
13-01-2022 00:00,S002,P0006,Groceries,North,361,334,132,339.52,37.68,5,Rainy,1,39.7,Autumn
13-01-2022 00:00,S002,P0007,Toys,West,256,225,82,219.43,42.72,20,Cloudy,1,41.31,Winter
13-01-2022 00:00,S002,P0008,Groceries,North,99,37,106,46.28,93.46,15,Rainy,0,93.68,Summer
13-01-2022 00:00,S002,P0009,Electronics,South,442,335,168,335.05,62.82,15,Sunny,0,64.74,Winter
13-01-2022 00:00,S002,P0010,Furniture,West,120,111,20,128.62,51.9,10,Cloudy,0,53.67,Spring
13-01-2022 00:00,S002,P0011,Electronics,West,281,175,174,174.3,41.28,5,Rainy,1,45.86,Spring
13-01-2022 00:00,S002,P0012,Toys,East,285,217,197,227.24,50.8,20,Snowy,1,50.97,Spring
13-01-2022 00:00,S002,P0013,Toys,West,288,229,65,236.59,26.64,20,Snowy,1,29.48,Spring
13-01-2022 00:00,S002,P0014,Electronics,East,142,62,42,56.79,89.37,20,Rainy,1,93.37,Spring
13-01-2022 00:00,S002,P0015,Furniture,East,287,283,155,297.88,43.51,15,Rainy,0,48.36,Summer
13-01-2022 00:00,S002,P0016,Furniture,West,90,79,99,86.83,71.44,10,Cloudy,0,75.1,Autumn
13-01-2022 00:00,S002,P0017,Toys,West,231,98,151,96.71,17.47,10,Snowy,0,19.33,Winter
13-01-2022 00:00,S002,P0018,Electronics,West,100,12,23,6.57,81,10,Snowy,1,76.24,Spring
13-01-2022 00:00,S002,P0019,Groceries,East,409,247,25,237.93,46.04,20,Cloudy,1,46.69,Summer
13-01-2022 00:00,S002,P0020,Toys,East,297,17,170,7.87,76.12,0,Cloudy,0,79.62,Spring
13-01-2022 00:00,S003,P0001,Groceries,West,218,2,108,-7.96,83.14,10,Sunny,1,82.45,Autumn
13-01-2022 00:00,S003,P0002,Electronics,North,83,71,99,74.08,91.06,5,Rainy,1,87.75,Spring
13-01-2022 00:00,S003,P0003,Electronics,East,111,15,77,28.94,39.35,0,Rainy,0,42.66,Spring
13-01-2022 00:00,S003,P0004,Toys,North,113,1,130,16.35,81.59,10,Rainy,0,79.22,Autumn
13-01-2022 00:00,S003,P0005,Electronics,West,278,182,116,201.4,75.47,20,Sunny,0,79.33,Winter
13-01-2022 00:00,S003,P0006,Toys,North,119,54,124,44.45,71.89,0,Sunny,1,70.71,Summer
13-01-2022 00:00,S003,P0007,Toys,North,299,63,141,76.05,28.86,15,Rainy,0,25.62,Winter
13-01-2022 00:00,S003,P0008,Groceries,East,438,133,184,127.12,49.31,5,Snowy,1,52.94,Spring
13-01-2022 00:00,S003,P0009,Furniture,West,78,24,188,25.24,53.77,10,Sunny,1,52.99,Spring
13-01-2022 00:00,S003,P0010,Furniture,North,318,247,109,263.55,90.22,5,Rainy,1,95.05,Autumn
13-01-2022 00:00,S003,P0011,Toys,South,125,53,85,66.59,89.71,15,Sunny,1,88.3,Winter
13-01-2022 00:00,S003,P0012,Toys,South,72,3,111,12.68,58.68,5,Snowy,1,60.03,Autumn
13-01-2022 00:00,S003,P0013,Clothing,West,78,57,114,49.04,21.8,0,Sunny,1,25.59,Autumn
13-01-2022 00:00,S003,P0014,Electronics,West,472,42,48,56.64,82.25,10,Cloudy,1,85.43,Spring
13-01-2022 00:00,S003,P0015,Furniture,North,362,131,149,143.92,56.67,5,Cloudy,0,51.83,Winter
13-01-2022 00:00,S003,P0016,Groceries,North,494,58,179,69.6,90.77,0,Cloudy,1,87.37,Winter
13-01-2022 00:00,S003,P0017,Furniture,South,319,127,83,127.6,42.1,0,Rainy,1,39.34,Autumn
13-01-2022 00:00,S003,P0018,Groceries,East,61,27,128,39.01,97.17,20,Rainy,1,94.22,Summer
13-01-2022 00:00,S003,P0019,Groceries,West,408,352,66,371.13,15.09,0,Snowy,1,14.89,Winter
13-01-2022 00:00,S003,P0020,Furniture,West,180,21,54,38.77,65.76,15,Sunny,0,67.8,Spring
13-01-2022 00:00,S004,P0001,Groceries,West,206,171,65,188.57,35.78,20,Rainy,1,32.92,Summer
13-01-2022 00:00,S004,P0002,Toys,North,196,103,54,107.77,82.18,0,Sunny,1,85.48,Autumn
13-01-2022 00:00,S004,P0003,Electronics,North,135,5,117,1.76,81.44,0,Sunny,1,84.84,Autumn
13-01-2022 00:00,S004,P0004,Clothing,South,467,416,184,425.2,24.51,5,Sunny,0,22.21,Spring
13-01-2022 00:00,S004,P0005,Groceries,East,243,54,39,64.08,59.92,5,Snowy,0,56.51,Winter
13-01-2022 00:00,S004,P0006,Clothing,South,252,41,112,34.51,97.47,0,Sunny,1,96.01,Winter
13-01-2022 00:00,S004,P0007,Furniture,East,238,221,147,234.85,54.21,15,Rainy,0,49.77,Winter
13-01-2022 00:00,S004,P0008,Electronics,East,185,127,180,143.78,30.87,5,Rainy,0,31.31,Winter
13-01-2022 00:00,S004,P0009,Groceries,East,460,71,158,65.14,46.5,15,Sunny,1,49.65,Winter
13-01-2022 00:00,S004,P0010,Groceries,West,251,247,68,264.28,26.18,15,Cloudy,1,28.66,Spring
13-01-2022 00:00,S004,P0011,Toys,East,263,159,159,174.86,46.31,10,Rainy,0,47.54,Summer
13-01-2022 00:00,S004,P0012,Furniture,North,106,80,199,95.07,36.07,5,Sunny,0,31.96,Summer
13-01-2022 00:00,S004,P0013,Toys,North,337,166,180,167.75,52.7,0,Sunny,0,56.52,Winter
13-01-2022 00:00,S004,P0014,Toys,West,255,32,55,39.5,57.56,0,Sunny,1,54.09,Summer
13-01-2022 00:00,S004,P0015,Toys,East,387,189,121,205.59,22.91,20,Rainy,0,19.44,Winter
13-01-2022 00:00,S004,P0016,Groceries,South,165,78,101,83.4,21.47,0,Cloudy,0,23.94,Summer
13-01-2022 00:00,S004,P0017,Toys,East,74,2,27,14.81,94.49,20,Rainy,0,98.42,Autumn
13-01-2022 00:00,S004,P0018,Electronics,North,69,13,184,13.6,93.45,20,Sunny,1,95.53,Spring
13-01-2022 00:00,S004,P0019,Furniture,South,283,114,21,132.77,98.23,20,Rainy,1,93.38,Winter
13-01-2022 00:00,S004,P0020,Groceries,West,500,6,40,21.1,55.04,20,Snowy,1,54.55,Autumn
13-01-2022 00:00,S005,P0001,Furniture,North,215,63,81,66.91,46.64,15,Rainy,0,44.03,Summer
13-01-2022 00:00,S005,P0002,Clothing,South,257,123,29,120.01,34.33,20,Sunny,1,31.65,Autumn
13-01-2022 00:00,S005,P0003,Toys,West,233,73,104,76.77,86.92,5,Sunny,0,85.88,Summer
13-01-2022 00:00,S005,P0004,Electronics,North,491,172,88,174.56,70.34,10,Snowy,1,71.9,Winter
13-01-2022 00:00,S005,P0005,Furniture,East,365,251,108,252.55,79.81,20,Cloudy,1,84.58,Summer
13-01-2022 00:00,S005,P0006,Electronics,East,289,191,84,191.89,27.23,15,Sunny,1,28.37,Autumn
13-01-2022 00:00,S005,P0007,Furniture,North,325,172,155,171.64,81.12,0,Rainy,0,80.18,Spring
13-01-2022 00:00,S005,P0008,Toys,East,412,265,97,266.61,35.13,0,Sunny,1,38.46,Winter
13-01-2022 00:00,S005,P0009,Furniture,West,455,319,33,338.27,80.33,10,Sunny,0,83.29,Spring
13-01-2022 00:00,S005,P0010,Furniture,West,188,129,102,128.08,96.94,0,Rainy,1,98.88,Autumn
13-01-2022 00:00,S005,P0011,Furniture,East,133,15,85,34.79,68.95,15,Sunny,1,69.33,Winter
13-01-2022 00:00,S005,P0012,Groceries,East,195,51,153,68.12,18.39,20,Snowy,0,20.02,Summer
13-01-2022 00:00,S005,P0013,Electronics,East,262,236,34,242.99,23.12,20,Snowy,1,27.01,Winter
13-01-2022 00:00,S005,P0014,Furniture,West,50,9,46,3.86,59.04,15,Cloudy,0,63.79,Summer
13-01-2022 00:00,S005,P0015,Furniture,South,475,374,157,372.66,51.73,10,Cloudy,1,48.28,Spring
13-01-2022 00:00,S005,P0016,Clothing,East,176,85,33,96.99,13.03,15,Snowy,0,11.41,Autumn
13-01-2022 00:00,S005,P0017,Toys,West,437,6,105,21.24,11.54,20,Sunny,1,10.8,Summer
13-01-2022 00:00,S005,P0018,Furniture,South,55,49,171,58.67,73.07,15,Snowy,0,76.38,Winter
13-01-2022 00:00,S005,P0019,Clothing,West,446,403,154,401.42,35.35,15,Rainy,0,39.82,Spring
13-01-2022 00:00,S005,P0020,Furniture,West,458,251,42,241.62,55.46,0,Cloudy,0,53.38,Autumn
14-01-2022 00:00,S001,P0001,Toys,North,199,177,44,193.23,90.05,20,Snowy,0,87.05,Winter
14-01-2022 00:00,S001,P0002,Toys,North,374,236,59,250.96,50.09,10,Snowy,0,51.82,Autumn
14-01-2022 00:00,S001,P0003,Toys,East,91,61,150,57.11,53.89,20,Cloudy,0,49.41,Spring
14-01-2022 00:00,S001,P0004,Clothing,North,205,160,166,169.36,14.39,15,Rainy,1,15.7,Spring
14-01-2022 00:00,S001,P0005,Toys,North,144,144,196,142.33,72.69,15,Cloudy,1,75.63,Autumn
14-01-2022 00:00,S001,P0006,Toys,North,126,38,179,48.71,61.26,0,Sunny,0,63.07,Winter
14-01-2022 00:00,S001,P0007,Toys,South,480,126,33,141.65,55.79,20,Cloudy,1,53.58,Summer
14-01-2022 00:00,S001,P0008,Groceries,South,423,110,83,104.96,37.18,10,Sunny,0,38.71,Spring
14-01-2022 00:00,S001,P0009,Toys,North,118,32,74,35.1,73.52,15,Cloudy,0,69.66,Winter
14-01-2022 00:00,S001,P0010,Electronics,South,294,65,122,76.77,87.08,15,Rainy,0,89.13,Spring
14-01-2022 00:00,S001,P0011,Toys,East,365,70,28,62.05,27.2,10,Sunny,0,27.48,Spring
14-01-2022 00:00,S001,P0012,Groceries,West,255,227,62,246.35,12.81,5,Snowy,0,9.65,Winter
14-01-2022 00:00,S001,P0013,Electronics,North,441,413,80,417.67,82.51,15,Rainy,0,86.63,Winter
14-01-2022 00:00,S001,P0014,Toys,West,123,117,26,111.34,27.49,10,Cloudy,0,29.58,Summer
14-01-2022 00:00,S001,P0015,Clothing,East,308,14,21,11.54,16.13,5,Rainy,0,14.43,Summer
14-01-2022 00:00,S001,P0016,Toys,North,392,94,29,85.82,18.33,20,Rainy,0,16.99,Winter
14-01-2022 00:00,S001,P0017,Groceries,South,144,129,105,136.01,67.56,20,Cloudy,1,64.43,Spring
14-01-2022 00:00,S001,P0018,Clothing,East,270,216,144,206.85,83,15,Snowy,1,81.4,Winter
14-01-2022 00:00,S001,P0019,Groceries,East,282,163,95,155.93,65.35,5,Snowy,1,68.96,Autumn
14-01-2022 00:00,S001,P0020,Clothing,West,269,48,154,55.33,31.62,10,Cloudy,1,33.67,Autumn
14-01-2022 00:00,S002,P0001,Groceries,West,81,45,121,40.43,35.05,20,Sunny,0,35.31,Winter
14-01-2022 00:00,S002,P0002,Electronics,South,158,36,167,29.58,82.89,15,Snowy,0,82.53,Winter
14-01-2022 00:00,S002,P0003,Toys,North,173,43,108,54.1,65.02,0,Cloudy,0,68.95,Winter
14-01-2022 00:00,S002,P0004,Groceries,North,200,199,84,203.2,54.16,15,Snowy,0,56.23,Spring
14-01-2022 00:00,S002,P0005,Groceries,East,124,63,189,59.59,59.94,0,Sunny,1,56.92,Autumn
14-01-2022 00:00,S002,P0006,Electronics,South,402,86,164,98.71,66.55,15,Sunny,0,62.45,Winter
14-01-2022 00:00,S002,P0007,Groceries,South,67,53,167,44.59,72.68,20,Sunny,1,67.88,Winter
14-01-2022 00:00,S002,P0008,Groceries,West,202,41,122,47.16,60.89,5,Rainy,0,64.9,Winter
14-01-2022 00:00,S002,P0009,Furniture,West,427,136,157,152.44,67.27,0,Rainy,1,70.87,Winter
14-01-2022 00:00,S002,P0010,Electronics,East,420,326,52,318.11,57.72,0,Sunny,1,55.28,Autumn
14-01-2022 00:00,S002,P0011,Clothing,West,168,25,38,44.41,27.09,20,Cloudy,1,27.63,Autumn
14-01-2022 00:00,S002,P0012,Electronics,West,305,56,88,69.39,52.12,5,Rainy,1,48.88,Summer
14-01-2022 00:00,S002,P0013,Groceries,West,84,76,179,90.93,85.91,20,Snowy,0,82.2,Summer
14-01-2022 00:00,S002,P0014,Toys,North,131,50,105,66.59,95.23,15,Snowy,0,99.86,Autumn
14-01-2022 00:00,S002,P0015,Groceries,North,481,96,109,114.79,77.87,15,Rainy,1,78.17,Autumn
14-01-2022 00:00,S002,P0016,Clothing,North,72,23,127,38.69,46.51,0,Rainy,0,50.98,Spring
14-01-2022 00:00,S002,P0017,Electronics,East,159,12,23,10.22,34.68,15,Snowy,0,36.34,Summer
14-01-2022 00:00,S002,P0018,Toys,East,216,95,54,114.06,30.35,0,Sunny,1,32.33,Winter
14-01-2022 00:00,S002,P0019,Groceries,South,397,195,53,188.23,38.35,15,Cloudy,1,34.29,Summer
14-01-2022 00:00,S002,P0020,Electronics,East,471,208,51,208.95,49.5,5,Rainy,1,45.3,Summer
14-01-2022 00:00,S003,P0001,Groceries,East,159,76,124,85.52,22.88,20,Cloudy,1,19.15,Autumn
14-01-2022 00:00,S003,P0002,Clothing,South,235,35,97,28.46,94.7,5,Snowy,1,96.42,Spring
14-01-2022 00:00,S003,P0003,Furniture,East,343,22,79,31.36,93.45,15,Rainy,0,98.05,Autumn
14-01-2022 00:00,S003,P0004,Toys,West,196,51,138,52.25,68.3,0,Cloudy,1,71.22,Summer
14-01-2022 00:00,S003,P0005,Electronics,South,186,182,87,184.02,86.21,15,Snowy,1,81.75,Winter
14-01-2022 00:00,S003,P0006,Toys,East,89,86,178,105.04,34.54,5,Sunny,1,33.79,Autumn
14-01-2022 00:00,S003,P0007,Electronics,North,116,36,189,50.26,62.2,5,Rainy,1,65.03,Winter
14-01-2022 00:00,S003,P0008,Electronics,South,283,25,99,40.46,97.05,20,Snowy,0,97.08,Summer
14-01-2022 00:00,S003,P0009,Groceries,North,225,224,84,243.08,53.64,10,Rainy,1,50.79,Spring
14-01-2022 00:00,S003,P0010,Furniture,East,361,144,105,135.12,82.31,10,Snowy,1,85.57,Winter
14-01-2022 00:00,S003,P0011,Electronics,South,276,29,45,32.23,66.3,5,Sunny,1,65.91,Winter
14-01-2022 00:00,S003,P0012,Electronics,West,251,68,50,62.45,37.3,0,Rainy,1,39.51,Autumn
14-01-2022 00:00,S003,P0013,Electronics,North,363,291,139,298.08,76.06,0,Snowy,1,72.11,Spring
14-01-2022 00:00,S003,P0014,Toys,East,426,137,100,129.84,85.76,10,Snowy,0,86.59,Summer
14-01-2022 00:00,S003,P0015,Clothing,North,132,60,182,55.79,14.27,5,Snowy,0,9.7,Spring
14-01-2022 00:00,S003,P0016,Groceries,West,248,210,92,207.29,26.03,0,Cloudy,1,23.06,Winter
14-01-2022 00:00,S003,P0017,Toys,East,235,117,57,122,35.65,0,Cloudy,0,32.24,Summer
14-01-2022 00:00,S003,P0018,Clothing,East,431,18,167,15.61,70.63,20,Cloudy,0,69.89,Spring
14-01-2022 00:00,S003,P0019,Toys,North,449,388,30,393.75,84.62,5,Cloudy,0,81.59,Summer
14-01-2022 00:00,S003,P0020,Toys,South,419,188,93,187.53,92.29,15,Rainy,0,96.58,Summer
14-01-2022 00:00,S004,P0001,Groceries,South,93,39,180,37.77,64.07,20,Rainy,0,68.04,Winter
14-01-2022 00:00,S004,P0002,Toys,East,183,85,180,86.38,49.18,15,Snowy,0,50.22,Winter
14-01-2022 00:00,S004,P0003,Clothing,South,382,123,31,136.16,79.55,0,Sunny,1,75.68,Winter
14-01-2022 00:00,S004,P0004,Groceries,West,485,91,130,87.43,62.9,0,Cloudy,0,62.12,Winter
14-01-2022 00:00,S004,P0005,Electronics,South,54,31,125,45.68,47.42,0,Snowy,0,51.45,Summer
14-01-2022 00:00,S004,P0006,Groceries,North,143,77,108,93.44,33.13,20,Snowy,0,32.98,Summer
14-01-2022 00:00,S004,P0007,Furniture,East,358,101,66,91.95,20.74,5,Cloudy,0,21.15,Autumn
14-01-2022 00:00,S004,P0008,Electronics,South,387,383,87,388.09,55.2,20,Sunny,1,51.6,Summer
14-01-2022 00:00,S004,P0009,Electronics,South,379,283,93,284.53,42.27,10,Cloudy,1,43.73,Autumn
14-01-2022 00:00,S004,P0010,Toys,East,345,255,137,254.29,10.08,0,Cloudy,1,12.39,Winter
14-01-2022 00:00,S004,P0011,Groceries,North,314,294,172,303.73,92.02,5,Sunny,0,95.7,Autumn
14-01-2022 00:00,S004,P0012,Groceries,South,244,41,175,40.8,98.56,15,Sunny,1,99.33,Summer
14-01-2022 00:00,S004,P0013,Electronics,West,318,249,62,260.05,91.75,20,Snowy,0,89.27,Autumn
14-01-2022 00:00,S004,P0014,Groceries,North,448,304,39,294.11,31.54,5,Cloudy,1,29.59,Spring
14-01-2022 00:00,S004,P0015,Toys,South,454,324,103,333.29,57.88,20,Rainy,1,55.65,Spring
14-01-2022 00:00,S004,P0016,Groceries,South,94,58,164,63.94,22.33,20,Sunny,1,17.54,Spring
14-01-2022 00:00,S004,P0017,Furniture,West,287,155,24,149.3,52.22,10,Cloudy,1,55.89,Summer
14-01-2022 00:00,S004,P0018,Clothing,North,427,328,155,320.67,88.53,20,Rainy,0,87.14,Autumn
14-01-2022 00:00,S004,P0019,Furniture,North,119,76,129,76.71,28.18,0,Rainy,0,32.21,Autumn
14-01-2022 00:00,S004,P0020,Furniture,North,171,40,196,30.92,47.89,10,Cloudy,0,45.8,Summer
14-01-2022 00:00,S005,P0001,Groceries,East,65,63,121,62.67,30.03,10,Sunny,0,27,Spring
14-01-2022 00:00,S005,P0002,Furniture,West,221,188,41,190.21,71.13,5,Sunny,1,72.93,Autumn
14-01-2022 00:00,S005,P0003,Electronics,West,214,198,114,216.1,71.46,15,Sunny,1,74.76,Autumn
14-01-2022 00:00,S005,P0004,Electronics,South,444,71,152,84.01,56.5,0,Snowy,1,56.86,Winter
14-01-2022 00:00,S005,P0005,Toys,West,352,126,157,141.12,68.46,10,Cloudy,0,73.08,Spring
14-01-2022 00:00,S005,P0006,Groceries,West,216,144,126,137.13,54.23,10,Cloudy,0,50.36,Summer
14-01-2022 00:00,S005,P0007,Toys,South,311,256,46,246.44,73.37,0,Cloudy,1,76.08,Summer
14-01-2022 00:00,S005,P0008,Groceries,North,239,84,104,81.33,44.14,20,Rainy,1,44.23,Summer
14-01-2022 00:00,S005,P0009,Electronics,South,362,165,41,176.22,70.11,20,Rainy,0,74.55,Winter
14-01-2022 00:00,S005,P0010,Furniture,East,358,20,165,36.93,27.79,15,Sunny,1,30.75,Summer
14-01-2022 00:00,S005,P0011,Toys,West,305,239,89,258.81,93.76,20,Cloudy,1,90.6,Winter
14-01-2022 00:00,S005,P0012,Groceries,West,195,56,120,67.49,54.97,0,Sunny,0,59.3,Spring
14-01-2022 00:00,S005,P0013,Clothing,North,80,21,23,15.58,63.57,15,Rainy,0,63.83,Autumn
14-01-2022 00:00,S005,P0014,Groceries,East,219,80,136,74.02,16.06,20,Sunny,1,19.53,Autumn
14-01-2022 00:00,S005,P0015,Electronics,South,338,292,175,309.25,70.88,5,Sunny,1,70.31,Summer
14-01-2022 00:00,S005,P0016,Clothing,North,355,348,37,361.18,14.31,5,Sunny,0,15.75,Autumn
14-01-2022 00:00,S005,P0017,Furniture,West,320,274,48,281.17,91.53,20,Cloudy,1,95.87,Autumn
14-01-2022 00:00,S005,P0018,Groceries,East,439,222,51,241.54,14.13,10,Cloudy,0,15.07,Spring
14-01-2022 00:00,S005,P0019,Groceries,West,65,0,122,-0.03,82.34,20,Rainy,1,79.8,Winter
14-01-2022 00:00,S005,P0020,Groceries,South,254,81,129,100.73,66.83,15,Rainy,1,69.86,Autumn
15-01-2022 00:00,S001,P0001,Groceries,North,290,176,94,170.06,98.04,10,Rainy,1,98.2,Spring
15-01-2022 00:00,S001,P0002,Clothing,North,122,92,160,111.5,98.02,20,Sunny,1,96.21,Spring
15-01-2022 00:00,S001,P0003,Furniture,West,407,90,85,100.4,21.06,10,Rainy,0,18.65,Autumn
15-01-2022 00:00,S001,P0004,Electronics,North,269,176,84,187.13,72.09,15,Cloudy,1,75.61,Spring
15-01-2022 00:00,S001,P0005,Clothing,South,463,82,83,92.95,82.39,0,Snowy,0,86.42,Autumn
15-01-2022 00:00,S001,P0006,Electronics,West,294,145,85,160.98,12.41,20,Sunny,0,14,Spring
15-01-2022 00:00,S001,P0007,Groceries,East,63,31,60,47.19,52.32,0,Cloudy,1,54.43,Autumn
15-01-2022 00:00,S001,P0008,Furniture,West,224,130,130,133.24,95.93,10,Cloudy,0,92.3,Summer
15-01-2022 00:00,S001,P0009,Furniture,East,462,169,43,171.48,31.64,20,Rainy,1,33.6,Spring
15-01-2022 00:00,S001,P0010,Furniture,South,394,381,128,375.32,68.56,20,Snowy,0,65.45,Autumn
15-01-2022 00:00,S001,P0011,Furniture,South,457,402,60,401.65,45.4,15,Rainy,0,43.21,Winter
15-01-2022 00:00,S001,P0012,Furniture,South,241,55,101,45.43,20.42,20,Sunny,1,18.17,Summer
15-01-2022 00:00,S001,P0013,Groceries,West,97,4,98,-4.7,38.25,15,Rainy,1,42.75,Spring
15-01-2022 00:00,S001,P0014,Clothing,East,286,16,131,28.34,98.87,0,Rainy,1,97.93,Winter
15-01-2022 00:00,S001,P0015,Toys,North,173,115,46,105.17,42.98,5,Sunny,0,39.34,Winter
15-01-2022 00:00,S001,P0016,Electronics,North,289,46,25,64.29,62.99,20,Snowy,1,61.26,Summer
15-01-2022 00:00,S001,P0017,Toys,West,184,8,40,-0.85,94.15,5,Rainy,0,95.68,Summer
15-01-2022 00:00,S001,P0018,Clothing,South,101,29,81,48.05,19.99,5,Rainy,0,24.7,Winter
15-01-2022 00:00,S001,P0019,Electronics,West,461,215,179,222.11,16.35,20,Cloudy,0,16.89,Winter
15-01-2022 00:00,S001,P0020,Clothing,West,292,116,189,130.85,79.94,5,Rainy,0,82.99,Summer
15-01-2022 00:00,S002,P0001,Clothing,West,79,19,163,16.28,62.09,0,Snowy,0,59.01,Spring
15-01-2022 00:00,S002,P0002,Toys,South,385,105,28,121.94,61.87,15,Sunny,1,59.81,Spring
15-01-2022 00:00,S002,P0003,Clothing,East,453,100,142,90.67,54.52,15,Cloudy,1,54.14,Winter
15-01-2022 00:00,S002,P0004,Groceries,South,182,105,116,124.42,47.69,15,Cloudy,1,51.03,Summer
15-01-2022 00:00,S002,P0005,Furniture,North,281,105,70,104.13,72.73,5,Rainy,0,73.49,Summer
15-01-2022 00:00,S002,P0006,Clothing,West,295,162,189,173.59,10.55,0,Snowy,1,14.08,Autumn
15-01-2022 00:00,S002,P0007,Clothing,North,351,4,59,16.06,49.64,15,Snowy,1,46.87,Autumn
15-01-2022 00:00,S002,P0008,Clothing,East,435,183,122,193.09,13.21,15,Snowy,0,9.91,Autumn
15-01-2022 00:00,S002,P0009,Toys,South,387,275,57,275.6,54.1,0,Snowy,1,51.88,Winter
15-01-2022 00:00,S002,P0010,Furniture,South,283,82,78,96.18,96.62,10,Cloudy,0,98.7,Spring
15-01-2022 00:00,S002,P0011,Furniture,South,162,115,75,122.49,28.06,20,Cloudy,1,31.8,Spring
15-01-2022 00:00,S002,P0012,Furniture,North,238,151,196,147.68,76.72,5,Rainy,1,81.34,Summer
15-01-2022 00:00,S002,P0013,Furniture,South,133,69,89,84.96,90.92,10,Cloudy,1,87.55,Autumn
15-01-2022 00:00,S002,P0014,Toys,South,325,296,78,298.64,44.69,0,Cloudy,0,49.29,Autumn
15-01-2022 00:00,S002,P0015,Clothing,South,460,306,79,317.63,87.94,15,Sunny,1,92.47,Autumn
15-01-2022 00:00,S002,P0016,Toys,West,372,303,192,294.99,72.76,20,Rainy,0,71.9,Summer
15-01-2022 00:00,S002,P0017,Groceries,West,219,22,39,15.06,54.36,5,Snowy,1,56.38,Summer
15-01-2022 00:00,S002,P0018,Clothing,South,343,110,67,101.7,99.49,10,Cloudy,1,103.64,Spring
15-01-2022 00:00,S002,P0019,Clothing,East,65,55,161,46.76,51.81,15,Rainy,1,56.1,Winter
15-01-2022 00:00,S002,P0020,Furniture,North,113,98,168,103.06,29.27,5,Snowy,0,32.37,Summer
15-01-2022 00:00,S003,P0001,Clothing,West,349,212,89,229,51.29,5,Snowy,1,56.03,Summer
15-01-2022 00:00,S003,P0002,Groceries,East,481,383,83,380.16,78.72,5,Sunny,0,79.95,Autumn
15-01-2022 00:00,S003,P0003,Toys,West,261,145,89,142.9,57.57,5,Sunny,1,55.38,Summer
15-01-2022 00:00,S003,P0004,Toys,North,441,296,101,294.3,57.12,10,Snowy,0,62.03,Spring
15-01-2022 00:00,S003,P0005,Electronics,North,370,118,41,118.09,24.57,5,Sunny,1,19.95,Spring
15-01-2022 00:00,S003,P0006,Groceries,South,308,28,98,33.45,86.67,15,Rainy,0,84.73,Summer
15-01-2022 00:00,S003,P0007,Clothing,West,424,270,52,281.65,91.99,0,Cloudy,1,91.75,Summer
15-01-2022 00:00,S003,P0008,Furniture,East,425,55,200,73.82,14.14,10,Cloudy,0,16.96,Spring
15-01-2022 00:00,S003,P0009,Toys,North,457,91,123,83.61,57.08,15,Cloudy,0,52.99,Spring
15-01-2022 00:00,S003,P0010,Furniture,West,312,171,27,165.63,53.05,0,Rainy,0,55.11,Autumn
15-01-2022 00:00,S003,P0011,Electronics,South,354,236,137,245.17,86.16,10,Snowy,1,87.94,Winter
15-01-2022 00:00,S003,P0012,Groceries,West,256,113,165,128.59,96.27,5,Rainy,1,92.55,Summer
15-01-2022 00:00,S003,P0013,Electronics,West,468,366,132,365.02,43.69,0,Cloudy,0,43.88,Autumn
15-01-2022 00:00,S003,P0014,Clothing,East,168,70,69,81.72,44,20,Sunny,0,45.93,Autumn
15-01-2022 00:00,S003,P0015,Electronics,South,387,168,70,186.2,30.68,10,Snowy,0,26.38,Spring
15-01-2022 00:00,S003,P0016,Groceries,West,173,79,164,80.84,41.98,10,Snowy,0,45.56,Autumn
15-01-2022 00:00,S003,P0017,Furniture,West,464,156,174,170.17,30.47,10,Sunny,0,27.21,Spring
15-01-2022 00:00,S003,P0018,Groceries,West,231,87,149,104.63,85.83,10,Cloudy,0,90.27,Autumn
15-01-2022 00:00,S003,P0019,Clothing,South,486,174,76,185.93,35.49,20,Cloudy,0,34.6,Autumn
15-01-2022 00:00,S003,P0020,Toys,South,325,289,25,287.84,95.15,0,Rainy,1,90.24,Summer
15-01-2022 00:00,S004,P0001,Clothing,West,429,59,108,62.45,99.7,20,Sunny,1,98.38,Autumn
15-01-2022 00:00,S004,P0002,Electronics,South,481,116,111,127.96,43.37,15,Cloudy,1,46.04,Spring
15-01-2022 00:00,S004,P0003,Groceries,North,304,153,104,160,98.89,0,Snowy,1,102.03,Summer
15-01-2022 00:00,S004,P0004,Toys,West,324,110,148,115.17,16.17,10,Cloudy,0,17.02,Spring
15-01-2022 00:00,S004,P0005,Toys,South,268,41,141,43.2,11.91,20,Rainy,1,15.89,Autumn
15-01-2022 00:00,S004,P0006,Groceries,North,76,27,71,30.56,29.71,5,Sunny,1,26.96,Winter
15-01-2022 00:00,S004,P0007,Groceries,East,311,76,200,71.88,68.9,15,Snowy,1,69.62,Summer
15-01-2022 00:00,S004,P0008,Groceries,East,318,139,160,143.01,74.39,20,Snowy,1,76.89,Spring
15-01-2022 00:00,S004,P0009,Toys,North,210,141,76,151.13,25.48,0,Sunny,0,26.09,Autumn
15-01-2022 00:00,S004,P0010,Groceries,North,222,70,105,85.49,87.17,0,Snowy,0,90.65,Summer
15-01-2022 00:00,S004,P0011,Toys,South,227,139,122,129.55,75.49,0,Snowy,0,71.53,Summer
15-01-2022 00:00,S004,P0012,Groceries,South,304,286,21,298.56,22.48,0,Sunny,0,19.26,Winter
15-01-2022 00:00,S004,P0013,Toys,South,64,51,75,44.36,11.82,10,Cloudy,0,16.42,Autumn
15-01-2022 00:00,S004,P0014,Electronics,East,444,230,67,237.84,68.97,20,Cloudy,1,64.26,Spring
15-01-2022 00:00,S004,P0015,Clothing,North,392,1,94,4.85,49.79,5,Cloudy,0,50.8,Spring
15-01-2022 00:00,S004,P0016,Electronics,East,462,207,76,225.45,12.27,0,Cloudy,1,16.69,Spring
15-01-2022 00:00,S004,P0017,Electronics,West,275,129,162,122.32,85.74,15,Snowy,0,82.82,Autumn
15-01-2022 00:00,S004,P0018,Clothing,East,273,141,191,135.45,38.56,10,Snowy,1,37.05,Summer
15-01-2022 00:00,S004,P0019,Electronics,North,78,53,55,51.6,52.99,20,Rainy,0,49.81,Summer
15-01-2022 00:00,S004,P0020,Electronics,West,447,317,187,311.53,26.73,20,Snowy,1,30.03,Spring
15-01-2022 00:00,S005,P0001,Toys,East,409,120,190,131.74,12,20,Cloudy,1,15.45,Winter
15-01-2022 00:00,S005,P0002,Groceries,South,187,174,48,164.72,13.98,0,Sunny,0,9.79,Winter
15-01-2022 00:00,S005,P0003,Groceries,West,482,323,138,319.88,39.94,20,Rainy,0,38.48,Spring
15-01-2022 00:00,S005,P0004,Clothing,West,447,110,172,112.15,13.9,0,Cloudy,0,18.24,Autumn
15-01-2022 00:00,S005,P0005,Groceries,North,457,168,49,174.67,49.14,10,Cloudy,1,52.75,Summer
15-01-2022 00:00,S005,P0006,Electronics,West,201,47,121,46.57,40.54,20,Sunny,0,45.18,Autumn
15-01-2022 00:00,S005,P0007,Toys,North,268,204,117,212.55,40.02,5,Sunny,0,41.74,Summer
15-01-2022 00:00,S005,P0008,Clothing,North,104,40,173,48.29,62.24,0,Sunny,1,66.8,Autumn
15-01-2022 00:00,S005,P0009,Groceries,North,359,11,67,30.59,94.85,15,Cloudy,0,95.78,Summer
15-01-2022 00:00,S005,P0010,Electronics,West,414,243,75,241.79,73.53,5,Rainy,1,73.11,Summer
15-01-2022 00:00,S005,P0011,Furniture,West,457,76,74,71.83,95.85,10,Cloudy,0,96.79,Spring
15-01-2022 00:00,S005,P0012,Furniture,North,212,21,105,11.37,35.15,0,Cloudy,0,38.63,Spring
15-01-2022 00:00,S005,P0013,Furniture,South,200,20,89,38.48,36.48,15,Sunny,1,34.99,Spring
15-01-2022 00:00,S005,P0014,Clothing,North,147,87,114,88.45,25.07,10,Sunny,0,24.39,Autumn
15-01-2022 00:00,S005,P0015,Furniture,West,450,428,23,441.68,51.23,0,Rainy,0,47.96,Winter
15-01-2022 00:00,S005,P0016,Toys,South,359,262,74,261.81,77.83,20,Sunny,0,77.97,Winter
15-01-2022 00:00,S005,P0017,Toys,West,368,32,161,34.02,20.13,15,Rainy,1,15.3,Autumn
15-01-2022 00:00,S005,P0018,Toys,West,164,62,55,52.44,76.06,20,Rainy,0,72.36,Spring
15-01-2022 00:00,S005,P0019,Toys,North,110,103,196,113.75,39,20,Snowy,0,34.96,Summer
15-01-2022 00:00,S005,P0020,Furniture,East,268,86,188,76.98,74.32,0,Sunny,0,78.82,Autumn
16-01-2022 00:00,S001,P0001,Groceries,East,104,97,189,114.65,11.39,15,Snowy,0,7.96,Winter
16-01-2022 00:00,S001,P0002,Groceries,West,447,240,129,230.27,70.53,10,Cloudy,1,65.55,Summer
16-01-2022 00:00,S001,P0003,Clothing,West,204,160,57,159.28,60.44,20,Cloudy,1,59.25,Winter
16-01-2022 00:00,S001,P0004,Furniture,North,118,81,72,100.45,13.91,15,Cloudy,0,14.15,Autumn
16-01-2022 00:00,S001,P0005,Clothing,North,124,34,58,32.27,42.25,20,Snowy,0,40.97,Winter
16-01-2022 00:00,S001,P0006,Clothing,West,445,383,170,380.24,58.4,0,Sunny,1,63.21,Spring
16-01-2022 00:00,S001,P0007,Clothing,South,191,7,159,14.95,92.89,5,Rainy,0,92.41,Summer
16-01-2022 00:00,S001,P0008,Electronics,North,139,133,88,149.43,21.47,15,Snowy,1,18.77,Spring
16-01-2022 00:00,S001,P0009,Furniture,East,270,112,27,118.25,10.57,20,Sunny,1,14.21,Winter
16-01-2022 00:00,S001,P0010,Furniture,West,339,119,146,129.41,50.71,20,Rainy,0,47.02,Spring
16-01-2022 00:00,S001,P0011,Toys,South,186,154,54,149.66,94.68,15,Cloudy,1,94.48,Winter
16-01-2022 00:00,S001,P0012,Groceries,North,139,79,118,69.17,26.38,5,Sunny,1,23.52,Winter
16-01-2022 00:00,S001,P0013,Furniture,South,482,482,62,472.4,62.11,5,Rainy,0,61.24,Summer
16-01-2022 00:00,S001,P0014,Electronics,East,139,116,124,113.24,37.04,10,Snowy,0,39.47,Summer
16-01-2022 00:00,S001,P0015,Toys,North,112,64,77,64,34.2,15,Cloudy,0,38.39,Autumn
16-01-2022 00:00,S001,P0016,Clothing,North,494,455,98,463.25,26.31,15,Snowy,0,31.26,Winter
16-01-2022 00:00,S001,P0017,Electronics,West,252,239,104,239.93,24.11,20,Cloudy,0,27.98,Winter
16-01-2022 00:00,S001,P0018,Clothing,South,69,21,42,26.12,29.52,20,Sunny,0,30.66,Summer
16-01-2022 00:00,S001,P0019,Clothing,East,336,249,114,268.34,83.62,15,Snowy,0,80.02,Autumn
16-01-2022 00:00,S001,P0020,Furniture,South,423,265,111,280.06,60.51,20,Rainy,1,56.98,Summer
16-01-2022 00:00,S002,P0001,Electronics,East,264,125,25,115.17,82.33,15,Sunny,1,82.8,Winter
16-01-2022 00:00,S002,P0002,Clothing,South,172,29,183,47.59,66,15,Sunny,0,62.36,Autumn
16-01-2022 00:00,S002,P0003,Groceries,South,462,386,64,388.79,73.03,5,Snowy,0,75.83,Spring
16-01-2022 00:00,S002,P0004,Furniture,North,307,56,87,55.84,17.49,5,Cloudy,1,16.37,Autumn
16-01-2022 00:00,S002,P0005,Electronics,North,209,64,115,82.03,43.7,10,Snowy,1,46.6,Spring
16-01-2022 00:00,S002,P0006,Groceries,West,108,92,176,111.97,20.95,5,Sunny,1,25.74,Winter
16-01-2022 00:00,S002,P0007,Electronics,North,386,203,30,222.73,61.33,15,Snowy,1,66.27,Autumn
16-01-2022 00:00,S002,P0008,Groceries,West,321,4,170,12.6,61.92,5,Sunny,1,65.97,Summer
16-01-2022 00:00,S002,P0009,Clothing,East,322,126,20,129.29,57.82,0,Sunny,0,54.27,Autumn
16-01-2022 00:00,S002,P0010,Furniture,East,167,135,193,140.63,21.52,0,Snowy,1,19.79,Summer
16-01-2022 00:00,S002,P0011,Clothing,North,479,329,108,347.2,55.47,20,Rainy,1,56.45,Winter
16-01-2022 00:00,S002,P0012,Electronics,North,250,144,193,134.24,94.39,10,Rainy,1,94.33,Summer
16-01-2022 00:00,S002,P0013,Groceries,East,140,54,182,45.48,14.79,0,Rainy,0,14.48,Autumn
16-01-2022 00:00,S002,P0014,Toys,North,192,190,73,193.06,81.22,20,Rainy,1,77.09,Winter
16-01-2022 00:00,S002,P0015,Clothing,West,215,132,149,148.23,84.99,10,Cloudy,1,87.04,Winter
16-01-2022 00:00,S002,P0016,Groceries,North,379,351,110,341.34,51.65,10,Rainy,0,51.08,Winter
16-01-2022 00:00,S002,P0017,Groceries,South,407,345,190,356.87,89.85,5,Rainy,1,90.63,Spring
16-01-2022 00:00,S002,P0018,Toys,West,424,114,137,108.32,88.47,0,Snowy,0,88.51,Spring
16-01-2022 00:00,S002,P0019,Toys,East,204,112,198,129.38,47.13,0,Snowy,1,48.41,Spring
16-01-2022 00:00,S002,P0020,Furniture,North,482,206,192,223.94,90.65,20,Rainy,1,89.5,Winter
16-01-2022 00:00,S003,P0001,Electronics,South,150,16,131,26.52,24.69,15,Sunny,0,21.17,Autumn
16-01-2022 00:00,S003,P0002,Toys,West,470,100,144,107.78,44.33,5,Sunny,0,45.48,Summer
16-01-2022 00:00,S003,P0003,Clothing,East,281,45,21,46.9,69.31,15,Cloudy,0,65.18,Winter
16-01-2022 00:00,S003,P0004,Electronics,North,420,382,113,385.05,88.4,0,Rainy,0,89.51,Winter
16-01-2022 00:00,S003,P0005,Electronics,North,445,39,68,54.53,80.15,0,Snowy,0,76.81,Spring
16-01-2022 00:00,S003,P0006,Clothing,North,220,106,27,116.5,82.08,0,Cloudy,1,78.34,Autumn
16-01-2022 00:00,S003,P0007,Groceries,West,107,73,64,64.94,87.36,5,Sunny,0,91.34,Spring
16-01-2022 00:00,S003,P0008,Clothing,East,472,191,77,191.19,25.31,5,Snowy,1,24.13,Summer
16-01-2022 00:00,S003,P0009,Groceries,West,369,269,155,287.51,57.95,10,Snowy,1,53.11,Autumn
16-01-2022 00:00,S003,P0010,Toys,East,302,245,120,239.7,17.21,10,Rainy,0,14.63,Winter
16-01-2022 00:00,S003,P0011,Toys,North,165,120,172,119.41,77.8,0,Snowy,1,78.09,Winter
16-01-2022 00:00,S003,P0012,Clothing,West,398,15,103,22.5,78.35,5,Rainy,1,76.16,Winter
16-01-2022 00:00,S003,P0013,Furniture,West,472,180,189,177.96,69.18,0,Cloudy,0,67.86,Spring
16-01-2022 00:00,S003,P0014,Groceries,West,250,127,30,117.8,96.42,15,Snowy,1,93.09,Spring
16-01-2022 00:00,S003,P0015,Electronics,East,368,195,176,211.45,53.36,5,Cloudy,0,49.04,Spring
16-01-2022 00:00,S003,P0016,Toys,South,88,64,157,80.9,23.26,10,Cloudy,1,21.11,Summer
16-01-2022 00:00,S003,P0017,Groceries,West,388,23,121,15.03,41.9,0,Rainy,1,46.45,Summer
16-01-2022 00:00,S003,P0018,Electronics,South,68,15,130,22.93,57.64,0,Rainy,1,57.67,Autumn
16-01-2022 00:00,S003,P0019,Electronics,North,130,52,75,60.22,94.19,20,Cloudy,0,96.82,Summer
16-01-2022 00:00,S003,P0020,Electronics,West,110,84,89,74.67,25.29,20,Cloudy,0,28.41,Autumn
16-01-2022 00:00,S004,P0001,Groceries,East,213,170,59,184.27,68.89,5,Snowy,1,73.87,Autumn
16-01-2022 00:00,S004,P0002,Electronics,East,386,179,141,179.26,98.08,20,Rainy,0,95.5,Winter
16-01-2022 00:00,S004,P0003,Furniture,East,277,124,180,142.3,76.83,0,Snowy,1,72.49,Spring
16-01-2022 00:00,S004,P0004,Electronics,North,446,352,85,364.95,24.62,0,Rainy,1,22.5,Autumn
16-01-2022 00:00,S004,P0005,Clothing,South,346,150,121,154.18,36.36,10,Snowy,1,38.37,Spring
16-01-2022 00:00,S004,P0006,Toys,South,460,295,108,289.92,40.1,15,Snowy,1,41.75,Autumn
16-01-2022 00:00,S004,P0007,Furniture,East,331,198,53,201.21,55.56,10,Sunny,1,54.13,Winter
16-01-2022 00:00,S004,P0008,Electronics,East,158,56,183,70.9,95.5,0,Snowy,0,98.33,Autumn
16-01-2022 00:00,S004,P0009,Furniture,East,82,74,57,77.28,97.8,5,Rainy,1,96.7,Winter
16-01-2022 00:00,S004,P0010,Groceries,East,197,79,72,82.02,69.11,5,Rainy,0,66.04,Summer
16-01-2022 00:00,S004,P0011,Furniture,East,172,163,178,158.68,78.74,10,Snowy,1,75.38,Autumn
16-01-2022 00:00,S004,P0012,Furniture,East,371,315,155,313.4,53.69,0,Cloudy,0,53.4,Spring
16-01-2022 00:00,S004,P0013,Furniture,West,183,170,49,176.06,55.17,10,Snowy,1,58.86,Winter
16-01-2022 00:00,S004,P0014,Toys,West,82,62,46,79.62,43.85,5,Sunny,0,46.82,Winter
16-01-2022 00:00,S004,P0015,Electronics,South,178,26,52,32.77,79.88,0,Rainy,0,77.63,Winter
16-01-2022 00:00,S004,P0016,Electronics,South,435,61,67,64.12,43.6,0,Rainy,0,42.89,Winter
16-01-2022 00:00,S004,P0017,Furniture,South,430,176,102,185.97,19.14,20,Snowy,0,15.03,Summer
16-01-2022 00:00,S004,P0018,Furniture,West,289,174,134,175.51,42.88,0,Snowy,0,46.37,Winter
16-01-2022 00:00,S004,P0019,Toys,East,223,100,140,107.57,84.93,0,Sunny,0,84.75,Spring
16-01-2022 00:00,S004,P0020,Clothing,East,272,267,23,257.28,53.17,10,Cloudy,1,55.48,Summer
16-01-2022 00:00,S005,P0001,Furniture,East,403,142,151,144.08,16.41,15,Cloudy,0,15.75,Winter
16-01-2022 00:00,S005,P0002,Clothing,West,146,40,93,32.71,22.47,5,Rainy,1,22.8,Spring
16-01-2022 00:00,S005,P0003,Groceries,West,422,335,161,326.1,36.15,5,Rainy,0,33.36,Autumn
16-01-2022 00:00,S005,P0004,Electronics,West,68,29,63,31.19,13.62,10,Rainy,1,17.24,Summer
16-01-2022 00:00,S005,P0005,Electronics,East,265,53,67,55.42,17.22,20,Sunny,0,19.98,Summer
16-01-2022 00:00,S005,P0006,Clothing,East,193,71,122,63.06,98.82,15,Sunny,0,94.65,Autumn
16-01-2022 00:00,S005,P0007,Groceries,West,378,246,187,249.29,13.21,10,Snowy,1,10.1,Summer
16-01-2022 00:00,S005,P0008,Toys,East,447,168,23,179.89,10.39,15,Cloudy,0,8.03,Winter
16-01-2022 00:00,S005,P0009,Furniture,North,358,214,168,226.48,75.34,20,Snowy,1,74.16,Spring
16-01-2022 00:00,S005,P0010,Electronics,North,288,115,112,134.19,23.11,0,Rainy,0,27.05,Summer
16-01-2022 00:00,S005,P0011,Clothing,West,471,357,183,373.82,67.41,15,Sunny,1,68.55,Winter
16-01-2022 00:00,S005,P0012,Groceries,West,397,49,90,45.56,30.22,0,Rainy,0,32.05,Winter
16-01-2022 00:00,S005,P0013,Groceries,East,353,88,167,95.08,57.74,20,Cloudy,1,56.13,Autumn
16-01-2022 00:00,S005,P0014,Furniture,West,330,289,60,285.34,51.64,10,Rainy,1,56.31,Summer
16-01-2022 00:00,S005,P0015,Electronics,West,115,26,132,45.72,42.98,15,Snowy,0,43.18,Autumn
16-01-2022 00:00,S005,P0016,Groceries,East,400,284,68,300.64,16.89,5,Sunny,1,16.8,Spring
16-01-2022 00:00,S005,P0017,Electronics,West,107,2,137,2.82,16.74,0,Snowy,0,11.93,Autumn
16-01-2022 00:00,S005,P0018,Furniture,West,328,279,127,295.34,88.76,15,Rainy,1,93.46,Winter
16-01-2022 00:00,S005,P0019,Toys,East,381,374,132,378.72,58.32,5,Cloudy,0,61.72,Autumn
16-01-2022 00:00,S005,P0020,Electronics,North,364,223,70,222.61,93.78,15,Rainy,1,93.92,Summer
17-01-2022 00:00,S001,P0001,Groceries,East,134,69,95,73.59,95.27,0,Rainy,1,92.6,Summer
17-01-2022 00:00,S001,P0002,Toys,North,236,152,181,169.21,26.66,10,Rainy,1,23.33,Winter
17-01-2022 00:00,S001,P0003,Electronics,West,231,18,31,16.69,11.6,5,Snowy,1,9.96,Summer
17-01-2022 00:00,S001,P0004,Clothing,East,95,88,76,99.26,48.66,20,Rainy,1,49.05,Summer
17-01-2022 00:00,S001,P0005,Toys,West,372,68,55,74.4,45.59,5,Snowy,0,49.93,Summer
17-01-2022 00:00,S001,P0006,Electronics,North,426,195,102,195.68,22.27,5,Snowy,0,23.08,Spring
17-01-2022 00:00,S001,P0007,Toys,South,332,194,170,184.33,60.66,10,Cloudy,0,60.59,Summer
17-01-2022 00:00,S001,P0008,Electronics,West,311,142,44,157.09,66.51,15,Rainy,1,70.58,Winter
17-01-2022 00:00,S001,P0009,Groceries,East,56,28,103,33.31,22.31,5,Snowy,1,22.6,Summer
17-01-2022 00:00,S001,P0010,Groceries,West,187,45,77,35.12,43.34,10,Rainy,1,45.92,Autumn
17-01-2022 00:00,S001,P0011,Groceries,West,78,26,126,22.66,29.75,10,Snowy,0,25.85,Summer
17-01-2022 00:00,S001,P0012,Furniture,North,129,120,98,119.72,58.16,10,Sunny,1,59.81,Autumn
17-01-2022 00:00,S001,P0013,Toys,North,167,99,146,103.04,66.65,20,Sunny,1,66.9,Spring
17-01-2022 00:00,S001,P0014,Furniture,South,73,19,53,30.43,94.28,15,Cloudy,0,98.57,Summer
17-01-2022 00:00,S001,P0015,Groceries,South,126,25,59,33.09,28.51,10,Rainy,1,27.73,Winter
17-01-2022 00:00,S001,P0016,Electronics,East,133,122,65,126.04,23.29,20,Sunny,0,28.07,Summer
17-01-2022 00:00,S001,P0017,Groceries,North,468,294,71,296.46,82.98,15,Sunny,1,81.62,Spring
17-01-2022 00:00,S001,P0018,Electronics,West,171,151,92,159.68,99.73,10,Cloudy,1,97.63,Autumn
17-01-2022 00:00,S001,P0019,Clothing,South,144,23,121,13.53,40.6,10,Cloudy,0,43.81,Spring
17-01-2022 00:00,S001,P0020,Toys,East,87,25,121,39.88,28.9,15,Snowy,0,24.92,Autumn
17-01-2022 00:00,S002,P0001,Electronics,East,75,33,124,51.55,79.17,15,Rainy,1,74.23,Autumn
17-01-2022 00:00,S002,P0002,Electronics,West,104,24,28,35.95,29.63,5,Cloudy,0,34.04,Spring
17-01-2022 00:00,S002,P0003,Furniture,North,331,199,90,200.89,13.79,10,Sunny,0,10,Spring
17-01-2022 00:00,S002,P0004,Groceries,West,411,368,66,371.89,17.02,20,Snowy,0,20.09,Autumn
17-01-2022 00:00,S002,P0005,Furniture,North,438,138,61,155.21,91.84,20,Sunny,0,89.06,Winter
17-01-2022 00:00,S002,P0006,Clothing,West,353,282,173,272.31,14.32,5,Cloudy,0,14.22,Winter
17-01-2022 00:00,S002,P0007,Groceries,West,145,113,117,118.16,94.98,20,Sunny,0,98.33,Summer
17-01-2022 00:00,S002,P0008,Electronics,West,189,150,165,159.21,71.51,20,Snowy,1,68.83,Summer
17-01-2022 00:00,S002,P0009,Toys,West,130,95,124,91.04,39.21,0,Sunny,0,41.52,Winter
17-01-2022 00:00,S002,P0010,Furniture,East,353,14,166,24.43,62.87,5,Sunny,0,63.67,Autumn
17-01-2022 00:00,S002,P0011,Clothing,South,387,25,56,18.41,70.44,5,Rainy,0,67.66,Summer
17-01-2022 00:00,S002,P0012,Electronics,South,148,130,76,127.96,74.93,10,Snowy,1,76.83,Summer
17-01-2022 00:00,S002,P0013,Groceries,East,358,179,127,175.43,91.73,5,Sunny,0,95.94,Spring
17-01-2022 00:00,S002,P0014,Furniture,North,86,7,141,15.76,76.61,0,Snowy,1,80.76,Summer
17-01-2022 00:00,S002,P0015,Clothing,East,342,251,52,254.75,44.28,5,Rainy,0,40.13,Autumn
17-01-2022 00:00,S002,P0016,Clothing,South,416,27,55,41.04,65.64,15,Cloudy,0,65.88,Winter
17-01-2022 00:00,S002,P0017,Clothing,North,391,297,125,291.05,72.14,20,Cloudy,1,68.69,Autumn
17-01-2022 00:00,S002,P0018,Electronics,North,259,227,92,232.15,29.81,15,Rainy,0,25.89,Autumn
17-01-2022 00:00,S002,P0019,Furniture,East,173,168,178,176.58,94.36,20,Sunny,0,91.5,Winter
17-01-2022 00:00,S002,P0020,Toys,West,129,21,183,15.21,71.45,10,Rainy,1,68.2,Autumn
17-01-2022 00:00,S003,P0001,Groceries,North,172,96,31,95.98,69.29,20,Rainy,1,65.89,Winter
17-01-2022 00:00,S003,P0002,Groceries,West,496,113,80,127,42.53,0,Rainy,0,41.27,Summer
17-01-2022 00:00,S003,P0003,Clothing,East,494,319,97,334.13,59.15,0,Snowy,1,57.46,Autumn
17-01-2022 00:00,S003,P0004,Electronics,South,234,34,65,46.81,82.79,20,Cloudy,1,86.61,Spring
17-01-2022 00:00,S003,P0005,Furniture,South,481,338,83,348.53,55.65,10,Sunny,1,58.24,Autumn
17-01-2022 00:00,S003,P0006,Electronics,South,239,184,25,179.63,77.78,10,Snowy,1,82.05,Autumn
17-01-2022 00:00,S003,P0007,Electronics,South,301,71,37,80.53,78.14,0,Sunny,1,83.02,Winter
17-01-2022 00:00,S003,P0008,Groceries,North,365,285,199,291.23,46.26,15,Sunny,0,49.26,Autumn
17-01-2022 00:00,S003,P0009,Furniture,West,483,390,102,403.88,14.77,10,Snowy,1,19.06,Summer
17-01-2022 00:00,S003,P0010,Clothing,North,150,118,45,108.09,52.73,0,Cloudy,1,56.23,Spring
17-01-2022 00:00,S003,P0011,Furniture,North,415,136,109,134.05,61.4,10,Snowy,0,65.43,Spring
17-01-2022 00:00,S003,P0012,Clothing,West,464,161,124,151.55,92.78,5,Snowy,0,97.71,Summer
17-01-2022 00:00,S003,P0013,Toys,South,361,122,103,138.43,83.78,10,Snowy,0,80.81,Autumn
17-01-2022 00:00,S003,P0014,Clothing,South,233,174,156,166.77,44.15,20,Sunny,0,39.74,Spring
17-01-2022 00:00,S003,P0015,Clothing,North,438,406,46,413.83,77,5,Sunny,1,79.53,Autumn
17-01-2022 00:00,S003,P0016,Groceries,West,169,147,102,152.92,79.86,15,Rainy,0,82.8,Spring
17-01-2022 00:00,S003,P0017,Toys,East,156,118,74,123.86,93.44,10,Sunny,1,95.99,Autumn
17-01-2022 00:00,S003,P0018,Clothing,West,201,187,195,179.45,92.9,0,Sunny,0,96.13,Summer
17-01-2022 00:00,S003,P0019,Clothing,North,135,120,117,123.35,73.1,15,Snowy,1,71.87,Spring
17-01-2022 00:00,S003,P0020,Groceries,North,486,162,40,171.41,58.92,0,Snowy,1,55.71,Winter
17-01-2022 00:00,S004,P0001,Furniture,North,238,177,130,192.59,15.89,15,Sunny,1,15.61,Winter
17-01-2022 00:00,S004,P0002,Toys,North,72,72,184,63.91,22.72,0,Rainy,1,22.14,Spring
17-01-2022 00:00,S004,P0003,Electronics,West,166,93,145,111.97,72.2,10,Snowy,0,68.02,Autumn
17-01-2022 00:00,S004,P0004,Electronics,North,319,136,110,134.19,42.26,10,Sunny,1,37.81,Summer
17-01-2022 00:00,S004,P0005,Toys,West,274,212,122,205.68,92.68,10,Rainy,1,96.51,Summer
17-01-2022 00:00,S004,P0006,Electronics,North,438,8,100,0.95,16.67,20,Rainy,0,20.65,Spring
17-01-2022 00:00,S004,P0007,Groceries,East,336,302,139,294.02,38.84,10,Snowy,1,38.53,Autumn
17-01-2022 00:00,S004,P0008,Furniture,East,392,214,35,229.47,31.46,10,Rainy,1,31.88,Winter
17-01-2022 00:00,S004,P0009,Groceries,North,448,198,33,217.11,47.85,15,Sunny,0,52.1,Spring
17-01-2022 00:00,S004,P0010,Furniture,South,99,85,113,81.22,29.11,10,Sunny,0,29.57,Spring
17-01-2022 00:00,S004,P0011,Clothing,North,428,356,178,354.12,43.96,0,Snowy,1,44.88,Spring
17-01-2022 00:00,S004,P0012,Toys,East,92,73,67,83.76,96.58,20,Snowy,0,99.27,Summer
17-01-2022 00:00,S004,P0013,Toys,North,60,44,200,58.75,59.49,5,Snowy,0,59.75,Winter
17-01-2022 00:00,S004,P0014,Groceries,West,274,183,140,173.64,25.63,15,Snowy,1,25.43,Winter
17-01-2022 00:00,S004,P0015,Groceries,North,87,24,93,30.1,81.62,15,Cloudy,1,85.7,Autumn
17-01-2022 00:00,S004,P0016,Groceries,East,491,73,174,79.19,47.36,10,Snowy,0,50.16,Spring
17-01-2022 00:00,S004,P0017,Clothing,East,343,122,78,122.21,80.88,5,Cloudy,1,83.06,Winter
17-01-2022 00:00,S004,P0018,Clothing,North,276,141,154,154.66,10.47,20,Cloudy,1,12.04,Spring
17-01-2022 00:00,S004,P0019,Groceries,West,407,137,192,146.22,73.24,20,Rainy,1,74.43,Spring
17-01-2022 00:00,S004,P0020,Furniture,North,180,55,130,51.51,25.09,15,Cloudy,1,24.04,Autumn
17-01-2022 00:00,S005,P0001,Clothing,East,369,181,36,199.99,72.68,5,Cloudy,1,75.76,Spring
17-01-2022 00:00,S005,P0002,Toys,North,474,306,120,318.28,89.23,10,Snowy,1,93.59,Autumn
17-01-2022 00:00,S005,P0003,Groceries,South,212,154,140,148.17,90.75,10,Cloudy,0,89.39,Summer
17-01-2022 00:00,S005,P0004,Clothing,West,184,160,161,156.35,12.41,10,Snowy,0,17.34,Winter
17-01-2022 00:00,S005,P0005,Electronics,East,336,123,155,121.35,68.43,0,Snowy,0,64.04,Autumn
17-01-2022 00:00,S005,P0006,Furniture,West,211,14,126,24.54,76.2,20,Rainy,0,77.48,Winter
17-01-2022 00:00,S005,P0007,Groceries,West,211,87,102,94.57,46.83,10,Sunny,1,47.22,Summer
17-01-2022 00:00,S005,P0008,Electronics,North,72,61,158,74.15,12.8,5,Snowy,1,14.18,Autumn
17-01-2022 00:00,S005,P0009,Electronics,West,55,15,188,20.17,29.72,15,Sunny,0,32.16,Summer
17-01-2022 00:00,S005,P0010,Furniture,North,138,9,139,7.98,53.52,15,Snowy,1,51.46,Spring
17-01-2022 00:00,S005,P0011,Furniture,South,178,28,38,31.02,52.05,0,Sunny,1,51.91,Winter
17-01-2022 00:00,S005,P0012,Groceries,North,101,36,144,30.78,82.36,0,Snowy,1,85.31,Autumn
17-01-2022 00:00,S005,P0013,Electronics,East,400,89,98,104.38,24.85,15,Sunny,1,29,Autumn
17-01-2022 00:00,S005,P0014,Toys,North,205,146,179,143.32,37.6,10,Rainy,0,33.91,Spring
17-01-2022 00:00,S005,P0015,Toys,West,338,33,131,25.12,68.34,0,Snowy,0,66.86,Summer
17-01-2022 00:00,S005,P0016,Electronics,West,277,233,80,243,34.7,0,Rainy,0,36.85,Summer
17-01-2022 00:00,S005,P0017,Groceries,South,325,173,93,172.69,82.4,15,Sunny,1,83.36,Autumn
17-01-2022 00:00,S005,P0018,Furniture,North,314,25,95,35.25,16.67,0,Cloudy,1,20.49,Spring
17-01-2022 00:00,S005,P0019,Electronics,West,74,68,84,62.08,75.57,10,Sunny,0,75.05,Autumn
17-01-2022 00:00,S005,P0020,Toys,South,366,161,196,175.21,36.19,15,Cloudy,0,37.59,Autumn
18-01-2022 00:00,S001,P0001,Electronics,North,339,123,157,134,90.7,15,Sunny,0,86.51,Spring
18-01-2022 00:00,S001,P0002,Clothing,West,103,6,132,2.15,45.9,5,Rainy,1,44.38,Summer
18-01-2022 00:00,S001,P0003,Toys,East,203,70,147,78.83,82.71,15,Sunny,0,86.78,Spring
18-01-2022 00:00,S001,P0004,Furniture,West,95,93,127,83.8,89.97,15,Snowy,1,94.38,Autumn
18-01-2022 00:00,S001,P0005,Toys,East,86,59,178,65.25,83.58,20,Snowy,0,87.15,Autumn
18-01-2022 00:00,S001,P0006,Electronics,South,350,145,21,161.83,80.02,15,Sunny,0,78.84,Winter
18-01-2022 00:00,S001,P0007,Electronics,South,103,101,34,115.63,50.94,5,Snowy,0,51.11,Summer
18-01-2022 00:00,S001,P0008,Clothing,North,345,238,149,241.92,99.1,5,Sunny,0,96.3,Autumn
18-01-2022 00:00,S001,P0009,Groceries,West,281,248,20,238.41,42.69,20,Snowy,0,45.79,Autumn
18-01-2022 00:00,S001,P0010,Groceries,North,350,279,82,285.38,36.37,15,Sunny,0,32.47,Autumn
18-01-2022 00:00,S001,P0011,Furniture,West,275,164,59,162.18,80.39,5,Cloudy,1,81.86,Spring
18-01-2022 00:00,S001,P0012,Furniture,North,345,95,85,109.65,86.47,20,Snowy,0,86.35,Summer
18-01-2022 00:00,S001,P0013,Furniture,South,73,22,32,12.04,29.58,10,Rainy,0,26.16,Spring
18-01-2022 00:00,S001,P0014,Toys,North,73,25,48,41.37,13.33,15,Cloudy,1,13.35,Autumn
18-01-2022 00:00,S001,P0015,Toys,North,287,266,32,280.59,23.75,10,Snowy,1,20.61,Winter
18-01-2022 00:00,S001,P0016,Toys,South,319,48,198,43.88,66.89,15,Cloudy,0,70.76,Summer
18-01-2022 00:00,S001,P0017,Furniture,South,53,35,154,26.1,75.44,0,Sunny,1,77.63,Autumn
18-01-2022 00:00,S001,P0018,Groceries,South,323,168,124,186.5,79.77,15,Sunny,1,80.76,Spring
18-01-2022 00:00,S001,P0019,Clothing,West,78,34,128,27.93,35.94,0,Snowy,1,35.81,Spring
18-01-2022 00:00,S001,P0020,Furniture,North,384,206,167,204.12,41.46,0,Snowy,0,37.44,Winter
18-01-2022 00:00,S002,P0001,Groceries,North,126,49,53,46.06,25.42,10,Rainy,0,24.05,Spring
18-01-2022 00:00,S002,P0002,Furniture,East,157,31,54,38.14,71.51,10,Sunny,0,73.92,Autumn
18-01-2022 00:00,S002,P0003,Clothing,West,153,149,124,163.47,44.25,0,Cloudy,0,42.84,Summer
18-01-2022 00:00,S002,P0004,Clothing,South,478,94,22,88.24,24.69,15,Sunny,0,25.02,Spring
18-01-2022 00:00,S002,P0005,Groceries,South,302,35,61,32.3,43.03,20,Snowy,0,39.55,Spring
18-01-2022 00:00,S002,P0006,Groceries,North,377,218,199,216.08,86.43,0,Rainy,1,82.97,Winter
18-01-2022 00:00,S002,P0007,Groceries,West,342,336,148,330.35,53.26,15,Sunny,1,57.04,Spring
18-01-2022 00:00,S002,P0008,Groceries,East,71,1,34,17.62,95.18,20,Sunny,0,93.25,Spring
18-01-2022 00:00,S002,P0009,Furniture,South,486,456,145,470.89,70.52,0,Snowy,0,68.08,Autumn
18-01-2022 00:00,S002,P0010,Groceries,East,86,70,138,78.41,15.05,15,Rainy,1,16.45,Spring
18-01-2022 00:00,S002,P0011,Clothing,East,459,404,164,398.19,66.58,0,Sunny,1,71.31,Summer
18-01-2022 00:00,S002,P0012,Furniture,West,387,160,71,168.44,25.35,10,Snowy,1,26.92,Summer
18-01-2022 00:00,S002,P0013,Electronics,East,150,119,75,124.73,98.6,15,Sunny,1,102,Summer
18-01-2022 00:00,S002,P0014,Furniture,North,366,246,120,254.82,31.11,15,Cloudy,1,35.78,Winter
18-01-2022 00:00,S002,P0015,Furniture,West,61,46,200,54,41.44,5,Sunny,1,40.53,Spring
18-01-2022 00:00,S002,P0016,Toys,West,223,72,142,75.44,28.91,20,Snowy,0,29.7,Summer
18-01-2022 00:00,S002,P0017,Groceries,North,222,38,26,29.32,62.41,0,Sunny,0,62.14,Spring
18-01-2022 00:00,S002,P0018,Furniture,East,168,106,64,121.82,23.62,20,Cloudy,1,28.25,Winter
18-01-2022 00:00,S002,P0019,Clothing,West,118,59,94,68.37,22.1,15,Cloudy,0,19.41,Spring
18-01-2022 00:00,S002,P0020,Electronics,West,342,268,47,285,92.71,0,Cloudy,0,95.7,Spring
18-01-2022 00:00,S003,P0001,Groceries,West,444,221,31,219.76,93.41,20,Rainy,1,92.03,Spring
18-01-2022 00:00,S003,P0002,Clothing,South,405,251,181,254.25,67.81,15,Snowy,1,66,Spring
18-01-2022 00:00,S003,P0003,Groceries,West,433,82,151,100.02,91.37,15,Sunny,0,89.73,Summer
18-01-2022 00:00,S003,P0004,Toys,North,466,352,85,353.06,11.97,0,Rainy,1,15.97,Autumn
18-01-2022 00:00,S003,P0005,Toys,West,325,46,168,59.68,42.38,10,Sunny,1,39.96,Summer
18-01-2022 00:00,S003,P0006,Furniture,West,295,190,86,200.72,52.79,5,Sunny,1,50.14,Winter
18-01-2022 00:00,S003,P0007,Furniture,West,371,257,148,269.24,68.36,15,Snowy,0,65.49,Winter
18-01-2022 00:00,S003,P0008,Clothing,North,246,115,109,121.24,83.88,5,Snowy,0,88.84,Winter
18-01-2022 00:00,S003,P0009,Electronics,West,212,151,102,147.66,59.5,5,Snowy,0,54.96,Autumn
18-01-2022 00:00,S003,P0010,Clothing,North,456,383,185,378.27,91.44,15,Cloudy,0,91.4,Autumn
18-01-2022 00:00,S003,P0011,Clothing,South,267,163,161,157.46,95.46,10,Snowy,1,95.4,Winter
18-01-2022 00:00,S003,P0012,Electronics,North,463,420,171,434.7,26.97,15,Snowy,1,23.52,Summer
18-01-2022 00:00,S003,P0013,Clothing,West,200,62,21,64.95,84.56,5,Snowy,1,86.62,Spring
18-01-2022 00:00,S003,P0014,Electronics,South,312,200,177,202.12,72.22,10,Snowy,1,70.97,Summer
18-01-2022 00:00,S003,P0015,Groceries,West,144,56,195,61.53,21.16,20,Sunny,1,20.14,Autumn
18-01-2022 00:00,S003,P0016,Electronics,West,77,67,128,81.6,71.97,15,Snowy,1,67.99,Summer
18-01-2022 00:00,S003,P0017,Clothing,North,104,98,153,105.77,53.42,15,Sunny,0,54.07,Autumn
18-01-2022 00:00,S003,P0018,Groceries,North,212,180,96,196.73,22.24,0,Cloudy,1,21.16,Winter
18-01-2022 00:00,S003,P0019,Furniture,South,391,160,25,150.16,88.53,5,Cloudy,1,91.27,Autumn
18-01-2022 00:00,S003,P0020,Clothing,West,451,121,75,111.02,65.55,15,Snowy,1,62.58,Autumn
18-01-2022 00:00,S004,P0001,Groceries,North,480,375,148,368.33,15.05,20,Cloudy,1,12.79,Spring
18-01-2022 00:00,S004,P0002,Electronics,East,100,56,191,68.96,12.7,15,Cloudy,0,12.68,Autumn
18-01-2022 00:00,S004,P0003,Furniture,West,439,368,23,362.47,94.5,20,Sunny,0,94.53,Summer
18-01-2022 00:00,S004,P0004,Furniture,North,104,37,192,32.42,54.32,15,Cloudy,1,50.78,Spring
18-01-2022 00:00,S004,P0005,Groceries,East,178,178,32,180.51,25.1,15,Sunny,0,20.27,Spring
18-01-2022 00:00,S004,P0006,Groceries,West,113,20,104,33.69,92.23,20,Snowy,1,96.15,Winter
18-01-2022 00:00,S004,P0007,Furniture,East,147,107,186,110.42,35.72,20,Sunny,1,37.28,Spring
18-01-2022 00:00,S004,P0008,Electronics,North,123,109,105,110.67,46.42,5,Snowy,0,49.08,Spring
18-01-2022 00:00,S004,P0009,Toys,West,148,2,34,2.59,41.31,0,Rainy,0,41.18,Winter
18-01-2022 00:00,S004,P0010,Clothing,West,112,55,94,63.74,78.31,20,Cloudy,0,82.46,Autumn
18-01-2022 00:00,S004,P0011,Clothing,North,267,126,104,118.29,50.97,20,Rainy,1,52.01,Autumn
18-01-2022 00:00,S004,P0012,Groceries,West,57,24,169,41.1,35.23,0,Sunny,1,32.74,Summer
18-01-2022 00:00,S004,P0013,Toys,North,93,76,115,86.52,97.61,20,Rainy,1,97.14,Spring
18-01-2022 00:00,S004,P0014,Electronics,East,487,329,45,340.43,63.23,15,Sunny,0,62.14,Spring
18-01-2022 00:00,S004,P0015,Groceries,West,214,57,67,59.96,77.13,0,Rainy,0,81.33,Winter
18-01-2022 00:00,S004,P0016,Toys,South,371,113,99,125.47,74.6,15,Snowy,0,79.02,Winter
18-01-2022 00:00,S004,P0017,Groceries,South,96,30,128,48.84,25.7,0,Rainy,1,26.65,Summer
18-01-2022 00:00,S004,P0018,Electronics,West,175,173,30,165.62,53.66,5,Cloudy,1,51.38,Summer
18-01-2022 00:00,S004,P0019,Toys,North,430,20,52,10.05,12.04,15,Rainy,1,10.33,Autumn
18-01-2022 00:00,S004,P0020,Electronics,North,245,69,80,60.51,39.1,0,Sunny,0,41.02,Autumn
18-01-2022 00:00,S005,P0001,Clothing,West,186,40,22,41.06,83.8,15,Rainy,0,82.03,Autumn
18-01-2022 00:00,S005,P0002,Groceries,South,482,74,62,77.2,44.21,5,Cloudy,0,48.47,Summer
18-01-2022 00:00,S005,P0003,Electronics,North,185,118,42,124.41,20.97,0,Sunny,0,18.73,Spring
18-01-2022 00:00,S005,P0004,Furniture,East,451,327,129,323.97,51.63,5,Cloudy,1,51.02,Spring
18-01-2022 00:00,S005,P0005,Toys,East,146,69,117,64.27,16.32,5,Cloudy,1,15.61,Spring
18-01-2022 00:00,S005,P0006,Toys,North,339,211,135,228.91,85.85,0,Sunny,0,85.77,Winter
18-01-2022 00:00,S005,P0007,Furniture,South,138,14,60,8.57,72.92,0,Sunny,1,68.73,Autumn
18-01-2022 00:00,S005,P0008,Electronics,West,228,208,44,223.6,72.98,0,Rainy,0,75.47,Winter
18-01-2022 00:00,S005,P0009,Furniture,East,302,173,180,165.65,69.58,15,Sunny,1,73.31,Autumn
18-01-2022 00:00,S005,P0010,Groceries,South,328,204,127,209.28,83.84,5,Sunny,0,81.2,Winter
18-01-2022 00:00,S005,P0011,Clothing,East,138,78,75,89.66,68.6,10,Rainy,0,69.24,Autumn
18-01-2022 00:00,S005,P0012,Groceries,North,104,17,65,15.4,24.02,10,Snowy,1,21.67,Autumn
18-01-2022 00:00,S005,P0013,Toys,South,255,23,52,20.66,77.88,0,Snowy,0,81.25,Spring
18-01-2022 00:00,S005,P0014,Electronics,North,136,102,191,108.59,28.81,10,Cloudy,0,24.76,Winter
18-01-2022 00:00,S005,P0015,Furniture,South,287,256,57,246.75,24.83,15,Rainy,0,22.23,Autumn
18-01-2022 00:00,S005,P0016,Furniture,South,304,237,87,234.35,67.8,5,Snowy,1,70.66,Winter
18-01-2022 00:00,S005,P0017,Groceries,South,261,160,58,150.14,70.18,15,Sunny,0,72.68,Spring
18-01-2022 00:00,S005,P0018,Furniture,West,217,84,50,84.32,47.83,20,Rainy,1,50.8,Summer
18-01-2022 00:00,S005,P0019,Toys,West,499,194,159,197.82,80.76,10,Snowy,1,80,Winter
18-01-2022 00:00,S005,P0020,Toys,North,464,209,56,211.98,97.8,5,Rainy,1,94.29,Autumn
19-01-2022 00:00,S001,P0001,Groceries,West,431,211,139,228.92,97.97,10,Cloudy,0,95.06,Summer
19-01-2022 00:00,S001,P0002,Groceries,West,299,152,37,160.2,53.18,15,Snowy,1,50.35,Winter
19-01-2022 00:00,S001,P0003,Toys,North,428,132,124,123.37,87.69,5,Rainy,1,90.61,Summer
19-01-2022 00:00,S001,P0004,Groceries,East,398,362,23,379.23,37.99,10,Cloudy,1,40.24,Winter
19-01-2022 00:00,S001,P0005,Electronics,West,258,189,112,207.81,92.13,20,Cloudy,1,93.51,Winter
19-01-2022 00:00,S001,P0006,Electronics,North,128,12,79,31.29,50.74,5,Cloudy,1,54.58,Summer
19-01-2022 00:00,S001,P0007,Electronics,East,354,116,199,124.61,96.42,15,Rainy,0,97.95,Winter
19-01-2022 00:00,S001,P0008,Clothing,North,167,24,117,39.09,74.36,5,Cloudy,0,78.88,Spring
19-01-2022 00:00,S001,P0009,Toys,South,379,82,169,93.22,29.84,10,Sunny,0,30.47,Spring
19-01-2022 00:00,S001,P0010,Electronics,North,444,119,183,125.51,70.99,5,Cloudy,1,74.22,Winter
19-01-2022 00:00,S001,P0011,Electronics,East,469,149,158,140.76,60.93,15,Cloudy,1,58.87,Winter
19-01-2022 00:00,S001,P0012,Electronics,West,320,160,117,165.95,86.71,20,Rainy,0,86.65,Winter
19-01-2022 00:00,S001,P0013,Electronics,West,57,28,72,25.08,49.83,15,Cloudy,0,49.27,Autumn
19-01-2022 00:00,S001,P0014,Electronics,North,261,88,138,99.16,41.4,10,Sunny,0,40.44,Spring
19-01-2022 00:00,S001,P0015,Furniture,East,387,226,162,243.86,13.84,10,Cloudy,0,9,Winter
19-01-2022 00:00,S001,P0016,Clothing,East,50,0,166,13.36,98.44,5,Snowy,0,101.34,Autumn
19-01-2022 00:00,S001,P0017,Groceries,North,300,246,169,261.54,84.59,10,Sunny,0,83.42,Summer
19-01-2022 00:00,S001,P0018,Furniture,South,486,441,125,438.71,30.65,20,Rainy,1,34.49,Winter
19-01-2022 00:00,S001,P0019,Electronics,East,250,100,151,101.75,13.71,15,Sunny,1,13.59,Autumn
19-01-2022 00:00,S001,P0020,Clothing,North,269,61,41,51.14,76.18,20,Sunny,1,71.7,Summer
19-01-2022 00:00,S002,P0001,Groceries,East,159,89,168,88.02,27.97,0,Sunny,1,27.6,Autumn
19-01-2022 00:00,S002,P0002,Toys,West,482,414,75,417.15,86.01,20,Snowy,1,86.56,Autumn
19-01-2022 00:00,S002,P0003,Toys,East,362,160,139,161.68,67.57,15,Sunny,1,72.44,Summer
19-01-2022 00:00,S002,P0004,Electronics,South,417,207,145,225.62,35.05,0,Rainy,0,36.79,Spring
19-01-2022 00:00,S002,P0005,Furniture,East,113,97,151,91.57,98.17,20,Sunny,0,102,Autumn
19-01-2022 00:00,S002,P0006,Furniture,East,147,89,174,107.38,47.95,10,Snowy,1,47.52,Spring
19-01-2022 00:00,S002,P0007,Groceries,North,353,328,111,339.97,48.16,0,Rainy,1,46.99,Summer
19-01-2022 00:00,S002,P0008,Clothing,West,404,61,194,57.52,71.11,10,Cloudy,1,75.86,Summer
19-01-2022 00:00,S002,P0009,Groceries,West,450,138,158,145.69,89.51,5,Rainy,0,87.6,Winter
19-01-2022 00:00,S002,P0010,Clothing,East,281,155,82,171.29,95.5,0,Sunny,1,98.6,Spring
19-01-2022 00:00,S002,P0011,Electronics,North,91,56,104,63.33,68.99,15,Snowy,1,68.29,Winter
19-01-2022 00:00,S002,P0012,Toys,East,285,180,59,181.71,16.11,5,Snowy,0,17,Winter
19-01-2022 00:00,S002,P0013,Electronics,North,325,157,69,173.04,23.08,0,Rainy,0,23.67,Spring
19-01-2022 00:00,S002,P0014,Electronics,East,486,209,143,206.52,23.18,20,Cloudy,0,27.24,Spring
19-01-2022 00:00,S002,P0015,Clothing,South,442,388,142,387.15,90.05,5,Cloudy,1,94.17,Spring
19-01-2022 00:00,S002,P0016,Clothing,South,81,64,31,58.73,33.6,0,Cloudy,1,36.44,Winter
19-01-2022 00:00,S002,P0017,Toys,West,468,126,42,129.93,55.81,10,Rainy,0,59.88,Summer
19-01-2022 00:00,S002,P0018,Groceries,East,406,328,169,326.23,19.36,5,Rainy,1,21.32,Summer
19-01-2022 00:00,S002,P0019,Electronics,North,242,62,198,65.89,76.65,20,Rainy,0,77.29,Spring
19-01-2022 00:00,S002,P0020,Furniture,North,68,67,107,69.38,80.75,5,Snowy,1,84.04,Winter
19-01-2022 00:00,S003,P0001,Groceries,East,482,368,66,387.18,19.35,20,Sunny,1,22.79,Spring
19-01-2022 00:00,S003,P0002,Toys,North,57,40,154,32.09,18.2,20,Snowy,0,19.89,Winter
19-01-2022 00:00,S003,P0003,Toys,East,270,76,102,79.19,23.71,10,Sunny,0,19.86,Winter
19-01-2022 00:00,S003,P0004,Toys,North,495,86,169,83.65,21.65,5,Sunny,0,20.03,Winter
19-01-2022 00:00,S003,P0005,Clothing,East,73,68,135,58.57,74.12,15,Sunny,0,72.19,Summer
19-01-2022 00:00,S003,P0006,Electronics,East,103,103,165,114.58,53,10,Snowy,1,57.43,Summer
19-01-2022 00:00,S003,P0007,Furniture,North,312,307,167,318.89,85.7,10,Sunny,0,88.25,Autumn
19-01-2022 00:00,S003,P0008,Clothing,East,330,135,144,151.01,39.87,10,Rainy,0,37.51,Autumn
19-01-2022 00:00,S003,P0009,Groceries,South,370,47,113,59.23,59.13,15,Snowy,0,58.51,Autumn
19-01-2022 00:00,S003,P0010,Electronics,South,375,136,162,145.35,33.67,15,Cloudy,1,29.87,Winter
19-01-2022 00:00,S003,P0011,Clothing,West,275,134,189,147.25,34.35,0,Snowy,0,34.12,Spring
19-01-2022 00:00,S003,P0012,Furniture,East,126,50,75,49.16,13.17,20,Snowy,1,17.65,Spring
19-01-2022 00:00,S003,P0013,Electronics,South,471,140,26,154.47,32.75,0,Snowy,1,35.24,Spring
19-01-2022 00:00,S003,P0014,Groceries,East,363,295,113,310,76.66,20,Sunny,1,80.9,Autumn
19-01-2022 00:00,S003,P0015,Clothing,North,95,49,151,62.48,10.28,15,Snowy,0,5.34,Summer
19-01-2022 00:00,S003,P0016,Electronics,South,128,37,47,44.45,21.08,20,Snowy,0,24.33,Spring
19-01-2022 00:00,S003,P0017,Toys,West,462,446,99,460.59,41.03,10,Cloudy,0,40.47,Winter
19-01-2022 00:00,S003,P0018,Electronics,South,185,28,189,40.17,83.34,5,Sunny,1,80.15,Winter
19-01-2022 00:00,S003,P0019,Groceries,South,486,206,185,201.33,19.99,20,Sunny,0,23.74,Autumn
19-01-2022 00:00,S003,P0020,Furniture,East,94,5,74,-3.55,52.49,10,Sunny,0,54.14,Summer
19-01-2022 00:00,S004,P0001,Clothing,North,313,116,79,125.09,45.51,20,Sunny,0,47.1,Spring
19-01-2022 00:00,S004,P0002,Groceries,East,256,112,95,113.22,29.74,15,Snowy,0,28.41,Summer
19-01-2022 00:00,S004,P0003,Furniture,West,356,154,30,145.09,41.48,10,Cloudy,0,43.13,Autumn
19-01-2022 00:00,S004,P0004,Groceries,West,307,92,136,94.25,49.74,0,Rainy,0,48.55,Summer
19-01-2022 00:00,S004,P0005,Electronics,North,274,190,179,191.28,54.67,0,Sunny,1,50.38,Winter
19-01-2022 00:00,S004,P0006,Electronics,West,77,34,160,53.28,45.78,0,Rainy,1,44.98,Winter
19-01-2022 00:00,S004,P0007,Clothing,East,206,76,98,95.7,64.09,0,Sunny,0,64.72,Summer
19-01-2022 00:00,S004,P0008,Groceries,North,292,5,139,20.75,71.61,10,Sunny,0,76.17,Spring
19-01-2022 00:00,S004,P0009,Furniture,North,356,112,88,111.63,59.12,20,Sunny,0,63.64,Spring
19-01-2022 00:00,S004,P0010,Electronics,West,209,89,129,90.69,28.97,10,Cloudy,0,24.73,Autumn
19-01-2022 00:00,S004,P0011,Clothing,South,379,155,157,160.92,43.29,5,Cloudy,0,44.78,Summer
19-01-2022 00:00,S004,P0012,Clothing,North,75,6,67,23.98,80.58,20,Snowy,1,82.09,Autumn
19-01-2022 00:00,S004,P0013,Furniture,South,447,191,200,186.43,57.87,5,Sunny,0,60.26,Spring
19-01-2022 00:00,S004,P0014,Groceries,West,448,140,171,152.62,25.6,20,Rainy,0,25.54,Winter
19-01-2022 00:00,S004,P0015,Groceries,North,239,67,65,64.42,69.96,5,Sunny,1,69.16,Winter
19-01-2022 00:00,S004,P0016,Clothing,East,322,115,131,127.16,97.04,10,Cloudy,1,100,Winter
19-01-2022 00:00,S004,P0017,Groceries,East,194,120,92,116.68,17.21,0,Snowy,0,17.03,Autumn
19-01-2022 00:00,S004,P0018,Furniture,East,286,19,155,26.49,14.18,20,Sunny,0,10.77,Spring
19-01-2022 00:00,S004,P0019,Groceries,North,104,33,187,23.7,72.94,5,Cloudy,1,69.82,Winter
19-01-2022 00:00,S004,P0020,Groceries,East,305,75,105,78,40.84,10,Snowy,0,43.35,Spring
19-01-2022 00:00,S005,P0001,Furniture,South,191,186,170,196.11,25.25,5,Rainy,1,22.75,Spring
19-01-2022 00:00,S005,P0002,Furniture,North,372,335,81,334.17,30.17,15,Sunny,1,31.12,Spring
19-01-2022 00:00,S005,P0003,Electronics,East,332,251,61,250.52,83.77,15,Cloudy,1,82.3,Winter
19-01-2022 00:00,S005,P0004,Electronics,East,203,2,190,-7.35,54.63,10,Cloudy,1,59.61,Autumn
19-01-2022 00:00,S005,P0005,Groceries,South,69,49,164,53.12,26.76,0,Cloudy,1,28.44,Summer
19-01-2022 00:00,S005,P0006,Toys,West,260,170,83,187.53,87.43,5,Snowy,0,89.17,Summer
19-01-2022 00:00,S005,P0007,Furniture,West,137,41,126,42.29,88.19,10,Cloudy,0,92.18,Winter
19-01-2022 00:00,S005,P0008,Groceries,South,119,51,56,41.96,10.16,5,Sunny,0,14.9,Spring
19-01-2022 00:00,S005,P0009,Electronics,South,165,87,113,99.3,99.12,10,Rainy,0,94.95,Summer
19-01-2022 00:00,S005,P0010,Electronics,South,381,43,161,55.35,27.45,15,Rainy,0,28.22,Winter
19-01-2022 00:00,S005,P0011,Toys,West,439,269,168,284.68,65.41,10,Snowy,1,62.82,Winter
19-01-2022 00:00,S005,P0012,Clothing,West,99,9,143,20.12,76.35,0,Rainy,1,73.7,Autumn
19-01-2022 00:00,S005,P0013,Electronics,South,169,97,150,98.19,18.7,20,Sunny,0,23.64,Summer
19-01-2022 00:00,S005,P0014,Electronics,North,477,392,120,407.76,66.89,20,Cloudy,1,67.78,Summer
19-01-2022 00:00,S005,P0015,Groceries,North,491,370,94,386.36,68.13,15,Cloudy,0,64.44,Winter
19-01-2022 00:00,S005,P0016,Groceries,South,64,57,55,51.48,13.45,20,Snowy,0,8.7,Spring
19-01-2022 00:00,S005,P0017,Toys,East,415,90,61,99.01,84.65,0,Cloudy,1,82.59,Summer
19-01-2022 00:00,S005,P0018,Electronics,South,204,165,54,178.84,25.78,0,Rainy,1,26.53,Autumn
19-01-2022 00:00,S005,P0019,Toys,West,361,289,137,281.27,79.77,10,Sunny,1,82.9,Spring
19-01-2022 00:00,S005,P0020,Clothing,South,226,164,123,175.16,24.49,5,Rainy,1,24.12,Spring
20-01-2022 00:00,S001,P0001,Furniture,North,154,79,113,90.49,10.38,0,Cloudy,0,11.46,Spring
20-01-2022 00:00,S001,P0002,Toys,East,319,192,154,187.39,86.85,5,Snowy,0,91.62,Autumn
20-01-2022 00:00,S001,P0003,Groceries,South,377,67,30,75.91,53.62,10,Rainy,1,52.09,Winter
20-01-2022 00:00,S001,P0004,Toys,West,322,12,133,26.08,44.37,15,Sunny,0,45.99,Autumn
20-01-2022 00:00,S001,P0005,Furniture,North,492,460,193,465.22,83.53,20,Sunny,1,85.31,Summer
20-01-2022 00:00,S001,P0006,Furniture,West,160,138,43,145.16,83.21,20,Sunny,0,85.7,Spring
20-01-2022 00:00,S001,P0007,Electronics,West,328,204,46,217.51,52.97,10,Sunny,1,51.13,Summer
20-01-2022 00:00,S001,P0008,Groceries,North,50,48,141,67.2,15.38,10,Snowy,0,12.39,Autumn
20-01-2022 00:00,S001,P0009,Toys,North,457,211,104,204.89,41.4,0,Snowy,1,44.1,Summer
20-01-2022 00:00,S001,P0010,Clothing,East,327,165,52,175.76,95.73,5,Rainy,0,92.78,Spring
20-01-2022 00:00,S001,P0011,Toys,East,385,296,187,303.57,96.28,5,Cloudy,0,92.35,Autumn
20-01-2022 00:00,S001,P0012,Toys,East,380,191,148,210.48,92.59,15,Cloudy,0,88.84,Summer
20-01-2022 00:00,S001,P0013,Clothing,East,261,57,33,47.05,24.31,15,Snowy,0,19.99,Summer
20-01-2022 00:00,S001,P0014,Clothing,East,63,34,158,48.82,68.22,20,Sunny,0,66.68,Summer
20-01-2022 00:00,S001,P0015,Groceries,North,373,304,54,306.41,22.81,10,Sunny,1,24.61,Autumn
20-01-2022 00:00,S001,P0016,Groceries,West,178,163,79,158.18,60.82,15,Cloudy,0,56.14,Spring
20-01-2022 00:00,S001,P0017,Electronics,West,357,347,85,340.36,96.11,10,Cloudy,0,93.84,Autumn
20-01-2022 00:00,S001,P0018,Electronics,West,342,100,191,112.4,75.17,0,Snowy,0,72.32,Winter
20-01-2022 00:00,S001,P0019,Electronics,South,275,11,114,2.94,99.24,15,Snowy,0,102.48,Summer
20-01-2022 00:00,S001,P0020,Furniture,East,391,51,136,65.11,78.47,10,Snowy,1,81.56,Summer
20-01-2022 00:00,S002,P0001,Groceries,North,335,224,132,231.66,74.03,5,Sunny,0,69.72,Winter
20-01-2022 00:00,S002,P0002,Toys,South,381,142,125,154.53,74.73,15,Cloudy,0,74.63,Summer
20-01-2022 00:00,S002,P0003,Groceries,South,320,163,23,172.99,68.5,20,Cloudy,1,67.08,Autumn
20-01-2022 00:00,S002,P0004,Electronics,South,443,337,102,346.09,78.21,15,Cloudy,1,80.19,Autumn
20-01-2022 00:00,S002,P0005,Groceries,West,450,135,135,148.92,59.99,20,Rainy,1,57.49,Autumn
20-01-2022 00:00,S002,P0006,Toys,North,101,28,81,21.7,80.58,5,Cloudy,1,79.99,Spring
20-01-2022 00:00,S002,P0007,Groceries,East,121,87,23,87.76,52.77,20,Snowy,1,50.25,Summer
20-01-2022 00:00,S002,P0008,Furniture,South,188,188,172,191.22,69.8,20,Snowy,0,70.05,Winter
20-01-2022 00:00,S002,P0009,Groceries,West,476,346,120,356.69,82.2,15,Cloudy,0,80.68,Autumn
20-01-2022 00:00,S002,P0010,Clothing,North,172,171,93,187.24,88.84,5,Rainy,0,92.98,Spring
20-01-2022 00:00,S002,P0011,Toys,West,130,8,85,21.63,90.23,0,Snowy,0,86.02,Spring
20-01-2022 00:00,S002,P0012,Toys,North,87,36,84,45.07,19.07,0,Sunny,0,23.41,Autumn
20-01-2022 00:00,S002,P0013,Toys,South,358,47,81,49.58,42.02,20,Snowy,1,42.64,Summer
20-01-2022 00:00,S002,P0014,Toys,South,392,228,101,221.56,55.45,20,Snowy,1,51.7,Spring
20-01-2022 00:00,S002,P0015,Clothing,North,241,0,184,12.86,48.74,15,Sunny,1,47.7,Winter
20-01-2022 00:00,S002,P0016,Furniture,East,475,160,29,153.56,97.17,10,Cloudy,0,96.31,Winter
20-01-2022 00:00,S002,P0017,Clothing,East,465,163,147,179.36,95.82,5,Sunny,1,100.04,Autumn
20-01-2022 00:00,S002,P0018,Toys,East,344,227,85,236.26,89.92,10,Sunny,1,92.43,Summer
20-01-2022 00:00,S002,P0019,Furniture,West,462,110,50,107.2,12.27,10,Cloudy,0,9.15,Winter
20-01-2022 00:00,S002,P0020,Furniture,East,454,161,161,160.71,72.3,20,Cloudy,1,67.39,Winter
20-01-2022 00:00,S003,P0001,Furniture,South,201,19,45,26.61,40.4,20,Rainy,0,38.23,Autumn
20-01-2022 00:00,S003,P0002,Electronics,West,481,153,56,155.53,82.07,20,Sunny,0,78.23,Summer
20-01-2022 00:00,S003,P0003,Toys,West,135,132,198,143.07,84.69,10,Sunny,1,80.32,Summer
20-01-2022 00:00,S003,P0004,Toys,East,150,3,66,10.24,56.05,5,Sunny,1,60.05,Winter
20-01-2022 00:00,S003,P0005,Furniture,East,343,306,86,299.36,81.84,15,Snowy,1,82.88,Spring
20-01-2022 00:00,S003,P0006,Toys,North,496,193,41,187.22,79.38,15,Sunny,1,75.74,Autumn
20-01-2022 00:00,S003,P0007,Clothing,South,412,181,72,189.38,85.06,15,Snowy,0,87.78,Spring
20-01-2022 00:00,S003,P0008,Furniture,East,497,198,126,191.33,13.6,15,Sunny,1,9.69,Spring
20-01-2022 00:00,S003,P0009,Toys,South,495,469,165,470.75,27.14,10,Cloudy,1,28.59,Autumn
20-01-2022 00:00,S003,P0010,Groceries,North,482,471,144,464.75,10.73,5,Snowy,1,10.81,Spring
20-01-2022 00:00,S003,P0011,Groceries,East,241,156,143,152.52,86.72,10,Rainy,1,86.73,Autumn
20-01-2022 00:00,S003,P0012,Clothing,East,71,28,89,27.53,64.62,15,Rainy,1,61.24,Winter
20-01-2022 00:00,S003,P0013,Toys,South,59,59,79,49.13,38.75,5,Sunny,1,39.82,Spring
20-01-2022 00:00,S003,P0014,Toys,West,271,127,143,122.39,76.57,15,Cloudy,0,72.02,Spring
20-01-2022 00:00,S003,P0015,Groceries,West,228,25,130,36.26,66.12,15,Snowy,0,69.72,Winter
20-01-2022 00:00,S003,P0016,Toys,North,310,266,77,266.61,91.41,0,Cloudy,0,96.24,Spring
20-01-2022 00:00,S003,P0017,Electronics,South,298,192,37,208.72,24.16,5,Sunny,1,21.52,Summer
20-01-2022 00:00,S003,P0018,Electronics,North,273,176,128,169.86,91.94,0,Snowy,1,93.94,Winter
20-01-2022 00:00,S003,P0019,Electronics,West,148,115,89,131.69,70.36,15,Rainy,1,72.14,Summer
20-01-2022 00:00,S003,P0020,Furniture,East,479,17,28,26.6,53.07,10,Sunny,0,55.85,Autumn
20-01-2022 00:00,S004,P0001,Toys,North,283,47,199,50.09,60.39,5,Rainy,1,64.48,Spring
20-01-2022 00:00,S004,P0002,Furniture,West,231,78,130,74.26,60.1,15,Sunny,1,57.58,Autumn
20-01-2022 00:00,S004,P0003,Clothing,South,450,117,76,115.52,61.72,5,Rainy,0,65.34,Summer
20-01-2022 00:00,S004,P0004,Toys,South,485,387,184,385.46,49.71,0,Rainy,0,54.59,Spring
20-01-2022 00:00,S004,P0005,Furniture,West,429,259,194,267.76,62.5,15,Snowy,1,61.98,Winter
20-01-2022 00:00,S004,P0006,Furniture,North,488,39,139,56.17,29.22,15,Rainy,0,33.59,Summer
20-01-2022 00:00,S004,P0007,Furniture,South,209,114,128,133.83,12.25,20,Sunny,0,15.37,Autumn
20-01-2022 00:00,S004,P0008,Furniture,East,228,79,111,73.39,42.51,0,Snowy,0,42.36,Spring
20-01-2022 00:00,S004,P0009,Furniture,West,294,200,76,215.03,80.44,10,Cloudy,0,84.06,Autumn
20-01-2022 00:00,S004,P0010,Toys,West,500,48,154,50.11,90.59,10,Sunny,1,89.53,Autumn
20-01-2022 00:00,S004,P0011,Electronics,North,310,285,156,301.9,28.1,10,Snowy,0,24.72,Autumn
20-01-2022 00:00,S004,P0012,Electronics,South,216,193,195,202.67,20.9,0,Snowy,1,24.51,Summer
20-01-2022 00:00,S004,P0013,Clothing,West,472,208,126,227,42.64,20,Rainy,0,46.19,Autumn
20-01-2022 00:00,S004,P0014,Furniture,East,152,31,49,35.78,98.4,0,Snowy,0,102.08,Winter
20-01-2022 00:00,S004,P0015,Electronics,East,133,6,197,6.07,35.09,5,Cloudy,0,38.42,Winter
20-01-2022 00:00,S004,P0016,Furniture,West,429,212,78,210.41,26.32,15,Sunny,0,22.86,Autumn
20-01-2022 00:00,S004,P0017,Clothing,North,81,75,158,81.73,46.35,20,Rainy,0,43.85,Summer
20-01-2022 00:00,S004,P0018,Toys,South,138,11,152,26.86,19.81,5,Sunny,1,22.02,Summer
20-01-2022 00:00,S004,P0019,Furniture,North,500,108,88,124.16,61.09,0,Cloudy,1,64.39,Summer
20-01-2022 00:00,S004,P0020,Toys,West,267,210,85,212.4,19.14,5,Cloudy,0,22.87,Winter
20-01-2022 00:00,S005,P0001,Clothing,East,422,85,30,86.81,12.43,10,Cloudy,0,10.91,Autumn
20-01-2022 00:00,S005,P0002,Clothing,West,448,326,80,341.53,44.14,10,Rainy,1,41.94,Spring
20-01-2022 00:00,S005,P0003,Electronics,West,227,211,148,216.49,33.04,5,Snowy,1,33.18,Autumn
20-01-2022 00:00,S005,P0004,Electronics,North,244,130,130,149.54,32.58,5,Rainy,1,36.23,Summer
20-01-2022 00:00,S005,P0005,Groceries,South,317,80,161,70.81,51.25,20,Sunny,1,55.29,Spring
20-01-2022 00:00,S005,P0006,Toys,West,341,196,199,206.59,91.48,5,Cloudy,1,87.01,Summer
20-01-2022 00:00,S005,P0007,Furniture,East,397,44,42,40.41,48.39,20,Snowy,1,44.75,Winter
20-01-2022 00:00,S005,P0008,Electronics,South,149,75,188,68.04,21.33,5,Sunny,1,19.18,Winter
20-01-2022 00:00,S005,P0009,Clothing,West,85,37,69,27.24,36.12,15,Rainy,0,31.7,Winter
20-01-2022 00:00,S005,P0010,Clothing,East,74,63,157,62.65,19.55,0,Sunny,1,16.08,Summer
20-01-2022 00:00,S005,P0011,Furniture,West,73,5,192,18.86,67.08,15,Rainy,0,67.47,Spring
20-01-2022 00:00,S005,P0012,Furniture,South,254,236,130,254.46,56.24,10,Sunny,0,60.3,Autumn
20-01-2022 00:00,S005,P0013,Furniture,East,410,157,168,168.94,65.84,10,Sunny,0,64.48,Winter
20-01-2022 00:00,S005,P0014,Electronics,South,344,163,177,163.5,31.1,0,Sunny,1,33.55,Autumn
20-01-2022 00:00,S005,P0015,Toys,North,223,55,85,62.95,30.71,10,Cloudy,1,29.66,Summer
20-01-2022 00:00,S005,P0016,Electronics,North,63,8,105,2.61,64.07,0,Rainy,0,66.23,Autumn
20-01-2022 00:00,S005,P0017,Toys,South,359,326,190,322.13,34.59,5,Snowy,1,32.07,Winter
20-01-2022 00:00,S005,P0018,Toys,West,172,26,186,32.01,65.1,20,Rainy,0,67.63,Winter
20-01-2022 00:00,S005,P0019,Toys,South,298,264,147,257.71,27.73,20,Cloudy,0,29.56,Summer
20-01-2022 00:00,S005,P0020,Furniture,West,482,23,59,15.86,73.86,20,Sunny,1,78.35,Winter
21-01-2022 00:00,S001,P0001,Clothing,South,430,390,195,401.1,13.1,15,Snowy,1,15.14,Summer
21-01-2022 00:00,S001,P0002,Groceries,East,220,171,20,183.37,22.82,0,Sunny,0,23.11,Autumn
21-01-2022 00:00,S001,P0003,Clothing,South,115,56,152,67.23,67.21,15,Sunny,0,63.18,Winter
21-01-2022 00:00,S001,P0004,Electronics,North,98,79,153,96.3,40.08,5,Sunny,1,42.22,Spring
21-01-2022 00:00,S001,P0005,Electronics,West,321,76,191,66.23,12.56,15,Cloudy,0,16.13,Summer
21-01-2022 00:00,S001,P0006,Toys,South,449,125,42,127.94,18.96,15,Sunny,0,16.93,Autumn
21-01-2022 00:00,S001,P0007,Electronics,North,470,95,99,97.17,65.69,20,Sunny,0,67.59,Spring
21-01-2022 00:00,S001,P0008,Clothing,North,77,17,100,16,53.66,5,Rainy,1,58.17,Winter
21-01-2022 00:00,S001,P0009,Groceries,South,331,137,164,144.04,63.96,20,Cloudy,0,63.77,Winter
21-01-2022 00:00,S001,P0010,Electronics,North,74,74,39,88.43,68.57,15,Cloudy,1,65.56,Autumn
21-01-2022 00:00,S001,P0011,Toys,North,86,30,27,31.43,74.03,15,Rainy,1,73.94,Winter
21-01-2022 00:00,S001,P0012,Electronics,South,242,183,28,191.08,74.84,10,Sunny,0,71.81,Spring
21-01-2022 00:00,S001,P0013,Electronics,West,147,26,126,36.12,96.16,20,Rainy,0,100.41,Winter
21-01-2022 00:00,S001,P0014,Electronics,South,212,165,130,161.11,60.97,15,Cloudy,1,65.51,Spring
21-01-2022 00:00,S001,P0015,Toys,North,183,65,88,84.52,56.73,5,Rainy,0,55.76,Spring
21-01-2022 00:00,S001,P0016,Groceries,North,204,168,35,170.24,30.67,15,Snowy,1,26.45,Winter
21-01-2022 00:00,S001,P0017,Electronics,East,200,189,74,182.76,90.16,15,Snowy,1,91.46,Autumn
21-01-2022 00:00,S001,P0018,Furniture,North,323,213,99,230.71,41.02,5,Snowy,0,43.92,Winter
21-01-2022 00:00,S001,P0019,Furniture,East,407,46,195,54.11,31.17,0,Sunny,0,31.01,Winter
21-01-2022 00:00,S001,P0020,Electronics,North,103,10,175,19.43,40.8,20,Cloudy,0,41.15,Spring
21-01-2022 00:00,S002,P0001,Clothing,South,72,17,99,14.05,60.43,10,Rainy,0,64.76,Spring
21-01-2022 00:00,S002,P0002,Electronics,West,59,49,88,64.75,43.74,20,Cloudy,0,39.64,Winter
21-01-2022 00:00,S002,P0003,Electronics,East,395,147,40,159.77,59.61,5,Snowy,1,63.01,Autumn
21-01-2022 00:00,S002,P0004,Electronics,East,488,476,37,482.79,32.05,15,Sunny,0,36.5,Autumn
21-01-2022 00:00,S002,P0005,Groceries,South,259,5,131,-2.17,33.29,0,Rainy,1,34,Winter
21-01-2022 00:00,S002,P0006,Electronics,West,413,32,133,51.98,19.42,15,Sunny,0,24.31,Summer
21-01-2022 00:00,S002,P0007,Clothing,South,392,344,193,356.52,74.95,5,Cloudy,0,72.45,Spring
21-01-2022 00:00,S002,P0008,Groceries,South,244,155,25,170.98,94.18,10,Snowy,0,90.06,Winter
21-01-2022 00:00,S002,P0009,Electronics,South,483,428,42,446.87,42.6,10,Sunny,1,44.27,Autumn
21-01-2022 00:00,S002,P0010,Toys,North,108,72,22,63.18,34.76,10,Rainy,0,36.52,Spring
21-01-2022 00:00,S002,P0011,Electronics,North,64,39,108,52.16,47.9,10,Sunny,0,49.89,Summer
21-01-2022 00:00,S002,P0012,Electronics,East,486,455,22,448.04,30.15,10,Snowy,0,31.64,Summer
21-01-2022 00:00,S002,P0013,Clothing,West,55,16,173,31.66,26.16,0,Snowy,0,28.86,Winter
21-01-2022 00:00,S002,P0014,Groceries,North,376,112,28,114.68,72.34,0,Cloudy,0,75.68,Summer
21-01-2022 00:00,S002,P0015,Furniture,West,400,80,119,74.97,95.55,15,Rainy,1,94.28,Autumn
21-01-2022 00:00,S002,P0016,Furniture,East,375,53,34,54.64,34.77,0,Sunny,0,30.72,Summer
21-01-2022 00:00,S002,P0017,Clothing,West,254,0,112,18.61,84.07,20,Cloudy,0,79.15,Winter
21-01-2022 00:00,S002,P0018,Groceries,East,55,4,85,13.91,59.06,0,Cloudy,0,62.09,Winter
21-01-2022 00:00,S002,P0019,Clothing,North,302,171,66,174.74,88.89,0,Sunny,1,89.16,Spring
21-01-2022 00:00,S002,P0020,Furniture,North,309,229,132,220.65,45.26,15,Sunny,1,48.9,Winter
21-01-2022 00:00,S003,P0001,Electronics,North,394,301,129,316.32,67.09,15,Sunny,1,72.02,Winter
21-01-2022 00:00,S003,P0002,Furniture,West,199,73,55,85.69,35.47,5,Snowy,0,36.6,Winter
21-01-2022 00:00,S003,P0003,Electronics,West,107,60,180,52.46,84.62,20,Cloudy,0,82.55,Summer
21-01-2022 00:00,S003,P0004,Furniture,South,217,183,179,188.56,40.94,15,Sunny,1,37.6,Spring
21-01-2022 00:00,S003,P0005,Clothing,North,395,387,82,383.78,50.29,5,Rainy,0,49.29,Winter
21-01-2022 00:00,S003,P0006,Furniture,West,434,139,114,135.64,59.7,15,Sunny,1,56.2,Summer
21-01-2022 00:00,S003,P0007,Electronics,North,414,155,198,171.96,60.76,20,Cloudy,0,64.3,Summer
21-01-2022 00:00,S003,P0008,Toys,West,106,39,71,55.31,41.24,10,Rainy,0,44.78,Winter
21-01-2022 00:00,S003,P0009,Furniture,West,186,114,188,126.88,63.23,0,Snowy,0,60.23,Autumn
21-01-2022 00:00,S003,P0010,Toys,East,154,75,120,78.58,95.51,15,Snowy,0,98.46,Summer
21-01-2022 00:00,S003,P0011,Electronics,South,360,347,169,356.61,90.86,0,Rainy,1,94.1,Winter
21-01-2022 00:00,S003,P0012,Toys,South,317,264,110,262.71,20.32,5,Sunny,1,18.75,Autumn
21-01-2022 00:00,S003,P0013,Groceries,North,293,133,162,147.59,41.11,0,Rainy,1,40.96,Winter
21-01-2022 00:00,S003,P0014,Clothing,West,177,135,88,135.42,86.03,20,Cloudy,0,87.86,Autumn
21-01-2022 00:00,S003,P0015,Electronics,South,248,111,163,112.61,51.75,5,Cloudy,1,55.84,Winter
21-01-2022 00:00,S003,P0016,Electronics,South,113,70,108,80.96,18.99,10,Cloudy,0,16.08,Spring
21-01-2022 00:00,S003,P0017,Furniture,South,253,160,180,176.62,86.46,10,Snowy,1,88.09,Spring
21-01-2022 00:00,S003,P0018,Electronics,West,71,26,80,43.73,58.26,5,Rainy,0,53.93,Summer
21-01-2022 00:00,S003,P0019,Clothing,East,190,8,101,27.95,24.76,20,Cloudy,1,28.72,Summer
21-01-2022 00:00,S003,P0020,Electronics,East,402,127,188,125.36,54.22,15,Cloudy,1,55.12,Autumn
21-01-2022 00:00,S004,P0001,Clothing,North,117,69,104,78.69,29.64,10,Rainy,0,34.25,Winter
21-01-2022 00:00,S004,P0002,Groceries,North,487,219,120,230.08,92.41,0,Cloudy,0,90.49,Autumn
21-01-2022 00:00,S004,P0003,Groceries,East,180,6,144,15.99,51.1,5,Sunny,1,48.12,Summer
21-01-2022 00:00,S004,P0004,Furniture,South,174,133,124,145.75,72.35,20,Cloudy,1,75.75,Autumn
21-01-2022 00:00,S004,P0005,Electronics,East,176,97,57,114.67,46.22,15,Rainy,1,46.51,Summer
21-01-2022 00:00,S004,P0006,Electronics,North,252,44,124,53.29,48.66,5,Snowy,0,51.53,Autumn
21-01-2022 00:00,S004,P0007,Toys,East,211,81,164,89.53,14.04,10,Rainy,0,10.64,Spring
21-01-2022 00:00,S004,P0008,Toys,North,404,391,156,391.1,85.93,10,Sunny,0,82.65,Spring
21-01-2022 00:00,S004,P0009,Furniture,North,202,11,158,23.23,64.67,5,Cloudy,1,60.45,Summer
21-01-2022 00:00,S004,P0010,Clothing,West,194,183,98,197.02,97.75,20,Sunny,1,94.59,Autumn
21-01-2022 00:00,S004,P0011,Toys,West,272,60,20,55.11,78.29,5,Cloudy,0,78.88,Winter
21-01-2022 00:00,S004,P0012,Furniture,East,460,209,30,221.94,70.38,10,Rainy,1,71.47,Winter
21-01-2022 00:00,S004,P0013,Groceries,West,156,67,125,81.79,70.85,15,Cloudy,1,67.75,Autumn
21-01-2022 00:00,S004,P0014,Furniture,North,414,180,153,174.99,76.35,0,Cloudy,0,78.51,Summer
21-01-2022 00:00,S004,P0015,Clothing,South,93,91,35,90.4,88.02,5,Cloudy,0,86.29,Winter
21-01-2022 00:00,S004,P0016,Clothing,North,288,237,37,247.3,94.07,10,Snowy,1,95.72,Winter
21-01-2022 00:00,S004,P0017,Toys,North,473,260,138,255.89,82.67,5,Snowy,1,79.82,Summer
21-01-2022 00:00,S004,P0018,Toys,North,444,315,77,308.35,54.54,15,Cloudy,1,56.72,Winter
21-01-2022 00:00,S004,P0019,Furniture,West,383,256,147,273.2,75.66,0,Snowy,0,77.45,Spring
21-01-2022 00:00,S004,P0020,Furniture,South,75,1,166,18.15,67.92,20,Rainy,1,64.39,Summer
21-01-2022 00:00,S005,P0001,Groceries,East,283,33,78,34.74,44.04,15,Sunny,0,42.55,Winter
21-01-2022 00:00,S005,P0002,Groceries,West,143,124,161,124.07,76.32,15,Rainy,0,72.89,Spring
21-01-2022 00:00,S005,P0003,Electronics,West,124,85,90,87.6,30.37,5,Sunny,0,26.32,Summer
21-01-2022 00:00,S005,P0004,Clothing,East,494,81,169,87.65,65.68,20,Sunny,1,70.66,Autumn
21-01-2022 00:00,S005,P0005,Electronics,North,150,125,195,131.82,39.56,0,Cloudy,0,36.66,Spring
21-01-2022 00:00,S005,P0006,Electronics,South,420,142,175,155.69,22.76,0,Rainy,1,22.03,Summer
21-01-2022 00:00,S005,P0007,Furniture,West,281,8,43,10.39,85.49,15,Cloudy,0,82.5,Spring
21-01-2022 00:00,S005,P0008,Furniture,North,218,107,127,106.54,40.2,5,Sunny,0,43.4,Summer
21-01-2022 00:00,S005,P0009,Electronics,North,54,19,67,31.27,87.61,10,Snowy,0,87.66,Winter
21-01-2022 00:00,S005,P0010,Groceries,North,382,56,41,69.66,40.15,5,Cloudy,1,38.26,Autumn
21-01-2022 00:00,S005,P0011,Toys,East,145,57,173,60.66,93.67,5,Snowy,1,92.16,Spring
21-01-2022 00:00,S005,P0012,Groceries,South,367,39,122,53.1,19.75,20,Sunny,1,19.2,Autumn
21-01-2022 00:00,S005,P0013,Furniture,West,376,55,37,48.59,88.74,20,Cloudy,1,88.17,Winter
21-01-2022 00:00,S005,P0014,Groceries,North,93,38,49,32.37,88.2,20,Rainy,1,88.5,Spring
21-01-2022 00:00,S005,P0015,Groceries,West,163,36,182,39.19,14.26,15,Rainy,0,18.81,Summer
21-01-2022 00:00,S005,P0016,Furniture,South,104,71,197,70.63,32.84,15,Cloudy,1,31.97,Autumn
21-01-2022 00:00,S005,P0017,Groceries,North,444,297,174,308.88,75.79,10,Rainy,1,73.01,Winter
21-01-2022 00:00,S005,P0018,Electronics,South,109,24,115,36.95,71.86,15,Cloudy,0,71.29,Winter
21-01-2022 00:00,S005,P0019,Electronics,West,494,89,62,99.84,63.97,0,Snowy,1,68.54,Spring
21-01-2022 00:00,S005,P0020,Electronics,West,353,144,126,149.09,51.16,20,Snowy,0,46.61,Winter
22-01-2022 00:00,S001,P0001,Electronics,North,450,191,197,181.42,87.64,0,Snowy,1,91.45,Spring
22-01-2022 00:00,S001,P0002,Groceries,North,441,416,83,413.41,13.91,20,Sunny,0,10.57,Winter
22-01-2022 00:00,S001,P0003,Groceries,South,433,100,190,95.43,41.08,0,Snowy,1,46.05,Spring
22-01-2022 00:00,S001,P0004,Toys,South,357,308,190,310.62,30.52,20,Snowy,1,33.86,Spring
22-01-2022 00:00,S001,P0005,Groceries,West,181,27,185,43.45,54.66,10,Snowy,0,50.89,Spring
22-01-2022 00:00,S001,P0006,Furniture,North,145,66,85,68.45,32.25,5,Rainy,0,31.4,Summer
22-01-2022 00:00,S001,P0007,Toys,West,116,15,78,17.38,15.99,5,Snowy,1,20.46,Autumn
22-01-2022 00:00,S001,P0008,Furniture,West,392,76,123,80.69,53.59,15,Sunny,0,49.11,Spring
22-01-2022 00:00,S001,P0009,Furniture,East,258,222,27,219.57,36.99,15,Snowy,1,35.89,Winter
22-01-2022 00:00,S001,P0010,Groceries,North,386,7,118,19.89,49.91,10,Cloudy,0,52.31,Spring
22-01-2022 00:00,S001,P0011,Toys,South,171,13,144,13.18,44.97,10,Sunny,1,44.62,Autumn
22-01-2022 00:00,S001,P0012,Groceries,North,231,47,70,43.18,65.77,0,Rainy,1,69.5,Summer
22-01-2022 00:00,S001,P0013,Toys,South,464,48,173,53.19,55.38,10,Snowy,1,58.92,Spring
22-01-2022 00:00,S001,P0014,Electronics,West,353,99,21,104.76,38.38,15,Cloudy,1,41.74,Winter
22-01-2022 00:00,S001,P0015,Electronics,East,65,43,164,56.67,36.47,20,Sunny,1,34.75,Summer
22-01-2022 00:00,S001,P0016,Toys,North,206,43,196,59.05,27.57,20,Snowy,1,25.78,Spring
22-01-2022 00:00,S001,P0017,Groceries,North,82,77,155,90.43,65.89,10,Rainy,0,64.59,Winter
22-01-2022 00:00,S001,P0018,Groceries,South,463,391,125,400.41,65.65,10,Sunny,1,63.93,Winter
22-01-2022 00:00,S001,P0019,Furniture,South,495,449,168,453.89,69.91,10,Snowy,0,68.77,Spring
22-01-2022 00:00,S001,P0020,Furniture,South,272,215,141,219.18,43.49,0,Rainy,0,44.05,Summer
22-01-2022 00:00,S002,P0001,Electronics,North,428,60,59,61.07,47.2,5,Snowy,1,43.8,Spring
22-01-2022 00:00,S002,P0002,Electronics,North,63,58,23,64.4,50.04,0,Snowy,1,52.23,Summer
22-01-2022 00:00,S002,P0003,Clothing,South,212,74,175,73.89,77.1,15,Cloudy,0,81.25,Autumn
22-01-2022 00:00,S002,P0004,Clothing,West,270,232,149,247.32,25.86,20,Cloudy,0,29.56,Winter
22-01-2022 00:00,S002,P0005,Furniture,West,164,54,127,69.78,28.98,5,Snowy,0,26.26,Spring
22-01-2022 00:00,S002,P0006,Clothing,North,137,78,28,91.43,60.72,15,Rainy,0,61.46,Winter
22-01-2022 00:00,S002,P0007,Electronics,North,215,51,121,58.33,79.21,5,Sunny,0,83.66,Summer
22-01-2022 00:00,S002,P0008,Furniture,East,468,90,128,104.18,72.61,0,Cloudy,1,71.22,Winter
22-01-2022 00:00,S002,P0009,Electronics,South,99,92,146,86.98,31,20,Rainy,1,32.99,Autumn
22-01-2022 00:00,S002,P0010,Furniture,West,324,206,42,199.22,54.9,0,Snowy,0,51.81,Spring
22-01-2022 00:00,S002,P0011,Furniture,East,120,67,197,83.95,42.22,20,Sunny,0,42.14,Spring
22-01-2022 00:00,S002,P0012,Furniture,East,101,64,146,79.36,16.56,5,Cloudy,1,13,Summer
22-01-2022 00:00,S002,P0013,Clothing,West,140,64,173,61.9,90.42,15,Snowy,1,95.25,Autumn
22-01-2022 00:00,S002,P0014,Clothing,East,71,7,139,20.74,92.93,10,Snowy,1,93.45,Autumn
22-01-2022 00:00,S002,P0015,Toys,West,361,324,35,322.14,18.09,15,Snowy,1,15.07,Autumn
22-01-2022 00:00,S002,P0016,Electronics,North,446,284,173,280.51,26.77,10,Rainy,1,24.63,Spring
22-01-2022 00:00,S002,P0017,Clothing,South,150,128,56,141.7,72.18,0,Rainy,1,69.37,Winter
22-01-2022 00:00,S002,P0018,Electronics,South,168,118,116,112.21,46.77,10,Sunny,1,43.63,Winter
22-01-2022 00:00,S002,P0019,Clothing,North,485,422,93,434.49,84.18,0,Rainy,1,79.53,Autumn
22-01-2022 00:00,S002,P0020,Furniture,West,53,29,29,40.05,65.08,5,Sunny,1,63.68,Summer
22-01-2022 00:00,S003,P0001,Furniture,North,344,156,77,158.45,64,15,Cloudy,0,65.52,Spring
22-01-2022 00:00,S003,P0002,Clothing,North,154,76,151,84.25,72.74,5,Cloudy,0,74.75,Summer
22-01-2022 00:00,S003,P0003,Clothing,West,271,115,133,118.29,36.3,0,Cloudy,1,35.72,Summer
22-01-2022 00:00,S003,P0004,Groceries,West,289,112,37,108.81,28.59,15,Rainy,0,26.24,Spring
22-01-2022 00:00,S003,P0005,Clothing,East,406,324,144,319.38,17.79,20,Rainy,1,21.37,Spring
22-01-2022 00:00,S003,P0006,Electronics,South,400,360,45,358.31,14.87,10,Sunny,0,14.98,Winter
22-01-2022 00:00,S003,P0007,Toys,South,387,86,179,104.06,78.32,0,Cloudy,0,78.49,Spring
22-01-2022 00:00,S003,P0008,Clothing,South,50,28,155,45.01,46.48,15,Rainy,0,47.1,Autumn
22-01-2022 00:00,S003,P0009,Electronics,North,382,141,66,132.3,61.08,20,Rainy,1,62.28,Autumn
22-01-2022 00:00,S003,P0010,Toys,North,498,55,36,73.61,27.24,15,Snowy,0,26.63,Spring
22-01-2022 00:00,S003,P0011,Toys,North,271,170,45,169.18,99.88,15,Cloudy,1,98.52,Winter
22-01-2022 00:00,S003,P0012,Groceries,North,484,482,141,486.11,56,5,Rainy,0,52.78,Spring
22-01-2022 00:00,S003,P0013,Groceries,South,216,19,75,12.52,92.95,0,Cloudy,1,94.22,Autumn
22-01-2022 00:00,S003,P0014,Groceries,South,320,40,82,56.17,17.63,10,Cloudy,0,16.93,Summer
22-01-2022 00:00,S003,P0015,Toys,North,206,158,181,162.2,28.05,20,Sunny,0,29.7,Spring
22-01-2022 00:00,S003,P0016,Furniture,North,498,143,189,142.69,61.68,10,Snowy,1,59.7,Winter
22-01-2022 00:00,S003,P0017,Toys,East,161,150,35,163.65,84.96,0,Rainy,1,81.95,Spring
22-01-2022 00:00,S003,P0018,Furniture,East,246,175,122,175.78,69.17,10,Rainy,0,74.08,Summer
22-01-2022 00:00,S003,P0019,Toys,East,343,283,96,300.94,92.03,10,Rainy,0,90.3,Autumn
22-01-2022 00:00,S003,P0020,Toys,North,310,119,121,117.75,61.95,5,Rainy,1,62.17,Autumn
22-01-2022 00:00,S004,P0001,Clothing,North,161,155,158,174.61,67.26,5,Cloudy,1,67.67,Autumn
22-01-2022 00:00,S004,P0002,Toys,South,74,7,107,23.73,12.26,10,Rainy,1,9.68,Spring
22-01-2022 00:00,S004,P0003,Electronics,North,77,76,182,68.47,29.25,0,Cloudy,0,29.32,Winter
22-01-2022 00:00,S004,P0004,Clothing,East,120,31,184,49.84,22.28,10,Snowy,0,26.16,Winter
22-01-2022 00:00,S004,P0005,Electronics,West,389,111,93,120.34,60.65,15,Rainy,1,65.54,Summer
22-01-2022 00:00,S004,P0006,Groceries,West,346,263,98,264.48,44.93,5,Snowy,1,41.05,Autumn
22-01-2022 00:00,S004,P0007,Toys,South,204,124,75,137.91,90.21,0,Sunny,0,86.18,Autumn
22-01-2022 00:00,S004,P0008,Electronics,East,308,231,158,225.03,69.75,0,Sunny,0,69.29,Summer
22-01-2022 00:00,S004,P0009,Furniture,West,340,64,97,55,44.66,5,Cloudy,0,48.67,Summer
22-01-2022 00:00,S004,P0010,Clothing,North,303,169,25,167.3,76.31,0,Snowy,1,77.18,Autumn
22-01-2022 00:00,S004,P0011,Groceries,East,401,150,28,167.57,70.07,5,Sunny,1,71.19,Summer
22-01-2022 00:00,S004,P0012,Clothing,North,281,124,48,128.83,18.36,15,Cloudy,0,19.21,Winter
22-01-2022 00:00,S004,P0013,Clothing,East,342,196,35,204.35,20.9,0,Sunny,0,25.47,Winter
22-01-2022 00:00,S004,P0014,Clothing,North,267,180,156,187.84,82.43,20,Rainy,1,83.5,Summer
22-01-2022 00:00,S004,P0015,Furniture,South,247,41,84,32.96,65.46,5,Cloudy,1,63.52,Autumn
22-01-2022 00:00,S004,P0016,Furniture,West,236,234,83,228.66,86.69,10,Rainy,0,86.87,Winter
22-01-2022 00:00,S004,P0017,Groceries,North,142,140,43,142.42,51.55,10,Sunny,0,51.29,Spring
22-01-2022 00:00,S004,P0018,Clothing,West,416,325,64,339.09,19.97,10,Snowy,1,15.75,Autumn
22-01-2022 00:00,S004,P0019,Furniture,East,123,41,91,43.34,72.38,5,Cloudy,0,75.76,Summer
22-01-2022 00:00,S004,P0020,Clothing,West,312,42,70,59.69,58.91,20,Snowy,0,62.27,Winter
22-01-2022 00:00,S005,P0001,Groceries,North,213,82,67,94.63,63.57,10,Sunny,1,64.3,Autumn
22-01-2022 00:00,S005,P0002,Furniture,North,151,52,40,56.55,12.62,15,Sunny,1,14.3,Spring
22-01-2022 00:00,S005,P0003,Electronics,South,97,57,73,70.63,98.37,10,Sunny,1,99.59,Summer
22-01-2022 00:00,S005,P0004,Electronics,East,78,46,46,45.58,69.95,0,Sunny,1,74.1,Winter
22-01-2022 00:00,S005,P0005,Furniture,North,487,445,23,463.48,56.84,10,Sunny,0,58.38,Winter
22-01-2022 00:00,S005,P0006,Furniture,South,441,374,107,392.08,17.17,5,Snowy,1,12.8,Spring
22-01-2022 00:00,S005,P0007,Electronics,South,115,71,129,89.48,69.84,5,Snowy,0,68.24,Summer
22-01-2022 00:00,S005,P0008,Clothing,South,375,337,197,347.08,64.1,5,Rainy,1,59.13,Autumn
22-01-2022 00:00,S005,P0009,Electronics,East,402,373,122,383.66,61.88,10,Cloudy,1,58.67,Winter
22-01-2022 00:00,S005,P0010,Furniture,South,431,398,86,401.85,72.8,0,Sunny,1,72.02,Summer
22-01-2022 00:00,S005,P0011,Clothing,West,428,153,49,149.03,81.97,15,Cloudy,0,82.4,Summer
22-01-2022 00:00,S005,P0012,Furniture,South,138,52,83,68.05,13.78,20,Sunny,1,12.1,Winter
22-01-2022 00:00,S005,P0013,Furniture,North,415,279,50,272.9,47.09,10,Snowy,1,47.02,Autumn
22-01-2022 00:00,S005,P0014,Electronics,East,124,44,138,60.72,65.92,15,Sunny,0,61.4,Winter
22-01-2022 00:00,S005,P0015,Toys,West,486,344,139,341.82,50.43,10,Snowy,1,47.55,Summer
22-01-2022 00:00,S005,P0016,Clothing,South,267,49,20,60.86,73.81,5,Sunny,1,78.37,Winter
22-01-2022 00:00,S005,P0017,Electronics,North,269,114,99,113.24,30.08,10,Rainy,1,33.65,Autumn
22-01-2022 00:00,S005,P0018,Furniture,West,172,85,44,75.13,55.67,15,Snowy,1,51.83,Winter
22-01-2022 00:00,S005,P0019,Furniture,South,404,147,27,157.82,55.65,5,Snowy,1,60.57,Spring
22-01-2022 00:00,S005,P0020,Toys,East,390,77,153,67.56,20.84,20,Cloudy,1,21.89,Summer
23-01-2022 00:00,S001,P0001,Furniture,West,118,79,155,69.99,22.65,15,Cloudy,0,25.19,Spring
23-01-2022 00:00,S001,P0002,Furniture,West,263,104,108,105.32,82.23,10,Sunny,1,85.42,Winter
23-01-2022 00:00,S001,P0003,Groceries,North,261,42,158,52.69,39.81,5,Cloudy,1,36.93,Summer
23-01-2022 00:00,S001,P0004,Toys,East,178,137,58,141.62,81.6,5,Sunny,0,82.09,Spring
23-01-2022 00:00,S001,P0005,Groceries,West,144,83,128,92.27,11.69,20,Rainy,0,9.09,Spring
23-01-2022 00:00,S001,P0006,Groceries,East,185,97,100,88.87,50.47,10,Rainy,1,48.31,Spring
23-01-2022 00:00,S001,P0007,Furniture,North,133,95,144,110.46,45.52,5,Rainy,1,45.89,Autumn
23-01-2022 00:00,S001,P0008,Toys,East,143,54,71,48.2,11.2,0,Rainy,0,9.28,Spring
23-01-2022 00:00,S001,P0009,Toys,East,180,96,97,99.28,97.38,10,Rainy,1,101.52,Spring
23-01-2022 00:00,S001,P0010,Groceries,North,471,32,171,40.79,63.42,5,Rainy,0,68.22,Spring
23-01-2022 00:00,S001,P0011,Furniture,North,208,168,117,174.73,80.53,5,Cloudy,1,76.11,Winter
23-01-2022 00:00,S001,P0012,Clothing,East,119,33,101,42.66,97.24,10,Cloudy,1,101.49,Spring
23-01-2022 00:00,S001,P0013,Furniture,East,192,32,117,41.82,39.38,0,Cloudy,0,36.51,Autumn
23-01-2022 00:00,S001,P0014,Electronics,South,115,17,82,9.97,85.8,10,Sunny,1,86.97,Spring
23-01-2022 00:00,S001,P0015,Groceries,North,70,67,93,75.17,53.21,20,Rainy,1,49.24,Summer
23-01-2022 00:00,S001,P0016,Clothing,South,61,55,135,48.72,58.24,20,Cloudy,0,56.07,Autumn
23-01-2022 00:00,S001,P0017,Furniture,South,274,74,42,92.96,37.73,10,Cloudy,0,36.82,Spring
23-01-2022 00:00,S001,P0018,Clothing,South,199,106,45,116.13,25.06,0,Rainy,1,23.48,Winter
23-01-2022 00:00,S001,P0019,Electronics,East,118,68,195,85.04,60.49,0,Cloudy,0,59.4,Winter
23-01-2022 00:00,S001,P0020,Furniture,East,75,6,109,10.48,47.3,20,Rainy,0,49.73,Summer
23-01-2022 00:00,S002,P0001,Clothing,South,52,10,58,7.68,49.67,20,Sunny,0,50.44,Spring
23-01-2022 00:00,S002,P0002,Furniture,South,192,2,161,4.93,72.69,20,Rainy,0,75.49,Summer
23-01-2022 00:00,S002,P0003,Toys,East,400,387,76,401.41,43.71,0,Sunny,1,42.83,Summer
23-01-2022 00:00,S002,P0004,Furniture,East,299,157,98,162.8,82.94,5,Rainy,1,79.8,Summer
23-01-2022 00:00,S002,P0005,Electronics,North,176,151,115,155.6,81.62,0,Sunny,0,84.22,Winter
23-01-2022 00:00,S002,P0006,Furniture,South,174,151,197,155.72,86.04,15,Snowy,0,81.73,Winter
23-01-2022 00:00,S002,P0007,Clothing,East,435,161,98,176.08,88.37,5,Sunny,0,85.24,Winter
23-01-2022 00:00,S002,P0008,Groceries,North,137,101,78,101.49,65.2,0,Rainy,0,60.63,Winter
23-01-2022 00:00,S002,P0009,Toys,West,280,166,171,156.08,14.1,20,Sunny,0,10.24,Autumn
23-01-2022 00:00,S002,P0010,Furniture,East,295,278,170,287.91,66.8,10,Rainy,1,67.57,Winter
23-01-2022 00:00,S002,P0011,Electronics,East,297,133,21,131.69,24.14,0,Snowy,1,20.99,Winter
23-01-2022 00:00,S002,P0012,Groceries,North,264,64,27,55.49,10.69,10,Snowy,1,9.24,Winter
23-01-2022 00:00,S002,P0013,Groceries,East,111,10,97,13.43,24.68,5,Snowy,1,26.87,Winter
23-01-2022 00:00,S002,P0014,Electronics,South,160,121,106,122.67,78.54,0,Sunny,0,81.59,Spring
23-01-2022 00:00,S002,P0015,Furniture,South,410,357,161,351.63,63.12,5,Cloudy,0,65.58,Summer
23-01-2022 00:00,S002,P0016,Electronics,South,203,79,43,89.49,61.78,0,Rainy,0,61.91,Summer
23-01-2022 00:00,S002,P0017,Furniture,North,240,213,65,229.67,17.85,15,Sunny,0,22.39,Summer
23-01-2022 00:00,S002,P0018,Furniture,West,243,194,91,195.2,11.73,0,Snowy,0,14.35,Summer
23-01-2022 00:00,S002,P0019,Clothing,North,380,144,68,138.23,13.82,10,Snowy,1,16.07,Autumn
23-01-2022 00:00,S002,P0020,Clothing,South,106,66,136,84.29,26.25,5,Cloudy,0,28.57,Autumn
23-01-2022 00:00,S003,P0001,Toys,South,370,330,26,344.02,94.94,5,Sunny,1,99.58,Spring
23-01-2022 00:00,S003,P0002,Groceries,East,270,86,171,96.93,81.58,20,Sunny,1,78.87,Summer
23-01-2022 00:00,S003,P0003,Toys,South,407,197,193,188.39,35.6,0,Snowy,1,30.99,Spring
23-01-2022 00:00,S003,P0004,Groceries,North,435,68,130,77.93,33.83,20,Sunny,1,32.3,Autumn
23-01-2022 00:00,S003,P0005,Furniture,North,434,146,54,156.17,21.34,0,Sunny,0,19.65,Spring
23-01-2022 00:00,S003,P0006,Clothing,East,56,26,153,22.11,69.1,10,Cloudy,0,66.61,Autumn
23-01-2022 00:00,S003,P0007,Clothing,West,335,274,31,289.63,66.07,0,Snowy,1,69.56,Winter
23-01-2022 00:00,S003,P0008,Groceries,South,65,41,191,59.71,16.52,5,Rainy,0,21.45,Summer
23-01-2022 00:00,S003,P0009,Clothing,East,445,185,31,184.06,74.42,0,Cloudy,1,75.66,Autumn
23-01-2022 00:00,S003,P0010,Groceries,North,459,244,147,242.12,27.46,5,Rainy,1,22.95,Spring
23-01-2022 00:00,S003,P0011,Groceries,West,355,94,77,89.03,23.49,0,Snowy,0,20.47,Winter
23-01-2022 00:00,S003,P0012,Furniture,West,326,325,177,324.23,22.88,5,Snowy,1,25.06,Spring
23-01-2022 00:00,S003,P0013,Electronics,East,192,32,71,42.31,44.45,0,Sunny,0,43.17,Winter
23-01-2022 00:00,S003,P0014,Electronics,South,417,326,190,325.45,16.95,0,Snowy,1,16.08,Spring
23-01-2022 00:00,S003,P0015,Clothing,West,67,65,65,61.89,72.69,0,Sunny,0,75.65,Autumn
23-01-2022 00:00,S003,P0016,Electronics,South,122,72,136,82.26,31.19,20,Snowy,1,29.64,Winter
23-01-2022 00:00,S003,P0017,Groceries,South,282,131,23,144.6,97.55,5,Rainy,1,98.76,Summer
23-01-2022 00:00,S003,P0018,Groceries,West,174,105,39,113.89,31.01,15,Snowy,1,32.58,Summer
23-01-2022 00:00,S003,P0019,Electronics,East,345,105,199,105.4,16.09,5,Snowy,0,11.84,Winter
23-01-2022 00:00,S003,P0020,Clothing,North,425,200,136,218.09,18.41,5,Rainy,0,16.94,Spring
23-01-2022 00:00,S004,P0001,Clothing,East,113,16,110,11.82,25.15,20,Snowy,0,28.01,Summer
23-01-2022 00:00,S004,P0002,Toys,South,361,120,46,137.65,19.56,0,Snowy,0,19.6,Winter
23-01-2022 00:00,S004,P0003,Clothing,West,482,127,174,138.61,83.4,10,Rainy,0,81.4,Summer
23-01-2022 00:00,S004,P0004,Electronics,South,471,341,166,346.96,50.43,0,Cloudy,0,49.07,Spring
23-01-2022 00:00,S004,P0005,Clothing,West,190,133,75,135.37,51.89,5,Cloudy,0,55.07,Autumn
23-01-2022 00:00,S004,P0006,Electronics,South,72,5,154,11.6,83.01,0,Cloudy,1,80.88,Spring
23-01-2022 00:00,S004,P0007,Groceries,East,73,68,84,70.67,60.77,20,Rainy,0,62.4,Autumn
23-01-2022 00:00,S004,P0008,Furniture,West,109,8,61,26.42,56.45,20,Cloudy,0,60.67,Autumn
23-01-2022 00:00,S004,P0009,Electronics,East,303,102,149,95.26,12.67,10,Sunny,1,17.19,Autumn
23-01-2022 00:00,S004,P0010,Clothing,North,341,331,138,330.12,70.1,10,Sunny,0,74.2,Spring
23-01-2022 00:00,S004,P0011,Electronics,West,414,140,38,143.32,54.8,20,Sunny,0,59.03,Summer
23-01-2022 00:00,S004,P0012,Clothing,South,189,2,193,7.68,24.65,0,Sunny,0,22.5,Summer
23-01-2022 00:00,S004,P0013,Toys,North,406,307,193,302.58,77.94,0,Cloudy,0,81.92,Winter
23-01-2022 00:00,S004,P0014,Clothing,North,143,95,56,103.54,99.54,10,Rainy,1,98.13,Summer
23-01-2022 00:00,S004,P0015,Groceries,East,59,42,167,42.66,48.38,5,Cloudy,1,53.06,Autumn
23-01-2022 00:00,S004,P0016,Furniture,West,138,56,82,53.3,14.18,5,Rainy,1,18.73,Summer
23-01-2022 00:00,S004,P0017,Groceries,North,467,446,142,455.25,61.11,10,Cloudy,1,56.32,Spring
23-01-2022 00:00,S004,P0018,Toys,West,123,69,62,74.58,37.29,5,Rainy,1,40.58,Summer
23-01-2022 00:00,S004,P0019,Electronics,North,296,38,77,46.7,15.55,10,Cloudy,1,15.04,Autumn
23-01-2022 00:00,S004,P0020,Toys,South,488,236,167,236.9,35.75,0,Rainy,1,32.6,Autumn
23-01-2022 00:00,S005,P0001,Furniture,East,353,243,149,254.57,70.59,20,Snowy,0,65.9,Summer
23-01-2022 00:00,S005,P0002,Toys,West,491,404,113,422.3,66.38,10,Snowy,0,69.88,Autumn
23-01-2022 00:00,S005,P0003,Groceries,North,110,80,115,74.14,88.17,0,Sunny,1,89.91,Autumn
23-01-2022 00:00,S005,P0004,Toys,North,195,99,179,116.95,17.37,20,Rainy,0,14.89,Summer
23-01-2022 00:00,S005,P0005,Clothing,East,80,7,163,20.3,58.26,5,Cloudy,1,62.94,Summer
23-01-2022 00:00,S005,P0006,Electronics,West,353,10,158,29.73,32.01,20,Sunny,0,35.13,Spring
23-01-2022 00:00,S005,P0007,Electronics,West,154,22,94,12.53,53.43,5,Cloudy,1,55.85,Summer
23-01-2022 00:00,S005,P0008,Clothing,North,448,386,192,392.17,89.56,15,Snowy,1,88.45,Spring
23-01-2022 00:00,S005,P0009,Toys,East,105,103,196,122.51,53,10,Sunny,0,56.84,Autumn
23-01-2022 00:00,S005,P0010,Groceries,West,208,162,25,158.01,74.86,20,Cloudy,1,71.57,Winter
23-01-2022 00:00,S005,P0011,Electronics,East,298,101,27,102.13,17.26,10,Sunny,0,19.09,Winter
23-01-2022 00:00,S005,P0012,Electronics,West,105,94,116,111.14,51.28,20,Snowy,0,56.18,Autumn
23-01-2022 00:00,S005,P0013,Clothing,West,155,65,37,64.13,45.45,0,Sunny,0,40.9,Spring
23-01-2022 00:00,S005,P0014,Furniture,North,200,63,111,75.61,56.67,10,Rainy,0,54.75,Winter
23-01-2022 00:00,S005,P0015,Clothing,North,313,260,144,262.27,94.2,5,Cloudy,1,92.06,Summer
23-01-2022 00:00,S005,P0016,Furniture,West,117,31,172,33.44,89.95,10,Snowy,0,92.2,Autumn
23-01-2022 00:00,S005,P0017,Furniture,North,454,200,163,199.18,51.45,5,Sunny,0,55.14,Summer
23-01-2022 00:00,S005,P0018,Furniture,West,174,5,70,8.65,68.62,15,Rainy,0,63.97,Summer
23-01-2022 00:00,S005,P0019,Furniture,East,121,99,162,90.9,43.6,10,Snowy,1,47.6,Summer
23-01-2022 00:00,S005,P0020,Toys,North,104,92,116,96.78,11.87,0,Rainy,0,8.5,Winter
24-01-2022 00:00,S001,P0001,Toys,South,115,9,132,17.87,76.71,15,Snowy,1,75.85,Summer
24-01-2022 00:00,S001,P0002,Furniture,West,412,139,196,152.76,21.08,0,Rainy,0,16.9,Spring
24-01-2022 00:00,S001,P0003,Groceries,East,210,129,141,143.44,98.36,15,Cloudy,1,97.02,Spring
24-01-2022 00:00,S001,P0004,Electronics,South,77,74,132,77.48,69.81,10,Cloudy,0,72.71,Autumn
24-01-2022 00:00,S001,P0005,Furniture,South,224,85,124,95.99,68.37,0,Snowy,0,72.17,Summer
24-01-2022 00:00,S001,P0006,Toys,North,396,238,71,252.65,22.41,10,Rainy,0,19.09,Summer
24-01-2022 00:00,S001,P0007,Electronics,East,466,466,133,458.97,86.56,5,Rainy,0,90.71,Autumn
24-01-2022 00:00,S001,P0008,Toys,North,354,62,195,61.42,48.94,0,Rainy,1,46.34,Winter
24-01-2022 00:00,S001,P0009,Furniture,West,381,174,84,181.16,40.35,0,Sunny,1,43.8,Summer
24-01-2022 00:00,S001,P0010,Electronics,East,60,3,153,8.18,18.19,0,Snowy,0,22.64,Winter
24-01-2022 00:00,S001,P0011,Electronics,East,340,84,166,84.37,80.66,10,Sunny,0,76.43,Autumn
24-01-2022 00:00,S001,P0012,Groceries,North,78,51,83,54.29,55.41,5,Rainy,0,53.84,Autumn
24-01-2022 00:00,S001,P0013,Clothing,West,138,102,165,120.45,72,5,Snowy,0,71.02,Summer
24-01-2022 00:00,S001,P0014,Toys,East,177,20,102,21.25,86.25,5,Sunny,1,87.53,Winter
24-01-2022 00:00,S001,P0015,Toys,East,107,0,167,13.73,85.75,20,Sunny,1,86.61,Spring
24-01-2022 00:00,S001,P0016,Electronics,North,197,7,131,11.59,97.48,5,Sunny,0,97.44,Summer
24-01-2022 00:00,S001,P0017,Groceries,North,383,88,194,104.86,52.74,10,Snowy,0,56.69,Summer
24-01-2022 00:00,S001,P0018,Furniture,South,173,123,24,129.91,98.39,15,Snowy,1,95.94,Winter
24-01-2022 00:00,S001,P0019,Clothing,East,292,43,132,41.05,62.2,10,Cloudy,0,61.79,Winter
24-01-2022 00:00,S001,P0020,Toys,South,164,29,113,28.69,85.04,20,Cloudy,0,85.32,Autumn
24-01-2022 00:00,S002,P0001,Electronics,West,450,350,64,361.4,32.96,5,Snowy,0,33.77,Summer
24-01-2022 00:00,S002,P0002,Electronics,South,430,166,41,185.97,24.87,20,Cloudy,1,22.99,Spring
24-01-2022 00:00,S002,P0003,Furniture,West,229,188,138,182.43,49.26,10,Snowy,0,49.86,Autumn
24-01-2022 00:00,S002,P0004,Clothing,North,71,13,34,7.55,90.41,15,Rainy,1,91.77,Winter
24-01-2022 00:00,S002,P0005,Electronics,North,90,59,144,56.49,76.43,5,Sunny,1,79.02,Summer
24-01-2022 00:00,S002,P0006,Groceries,North,215,68,123,69.02,23.1,0,Rainy,1,25.4,Winter
24-01-2022 00:00,S002,P0007,Clothing,West,453,267,142,262.08,28.58,10,Sunny,1,26.37,Summer
24-01-2022 00:00,S002,P0008,Furniture,South,205,68,180,85.57,50,5,Rainy,0,53.46,Winter
24-01-2022 00:00,S002,P0009,Furniture,West,279,174,66,192.36,76.53,10,Sunny,0,79.64,Winter
24-01-2022 00:00,S002,P0010,Furniture,North,110,71,190,70.36,60.21,20,Cloudy,0,55.33,Winter
24-01-2022 00:00,S002,P0011,Electronics,East,499,92,47,105.75,77.53,15,Snowy,1,75.73,Autumn
24-01-2022 00:00,S002,P0012,Clothing,East,168,85,67,75.67,68.3,0,Rainy,1,65.1,Summer
24-01-2022 00:00,S002,P0013,Electronics,West,206,58,115,63.37,64.45,0,Cloudy,1,67.72,Autumn
24-01-2022 00:00,S002,P0014,Toys,West,97,87,55,84.21,11.41,10,Sunny,1,10.82,Autumn
24-01-2022 00:00,S002,P0015,Groceries,West,90,11,132,1.41,94.22,10,Snowy,1,89.64,Summer
24-01-2022 00:00,S002,P0016,Furniture,South,434,217,44,229.36,54.89,10,Sunny,1,50.95,Winter
24-01-2022 00:00,S002,P0017,Electronics,South,420,16,67,33.41,19.84,0,Rainy,1,18.97,Autumn
24-01-2022 00:00,S002,P0018,Electronics,North,415,44,158,34.32,49.67,15,Snowy,0,53.64,Winter
24-01-2022 00:00,S002,P0019,Clothing,East,235,171,83,171.22,10.67,20,Snowy,1,13.23,Summer
24-01-2022 00:00,S002,P0020,Electronics,North,110,4,35,2.66,37.74,0,Rainy,0,36.48,Winter
24-01-2022 00:00,S003,P0001,Clothing,West,143,46,120,37.13,55.63,5,Sunny,1,57.66,Autumn
24-01-2022 00:00,S003,P0002,Furniture,West,348,267,166,278.48,43.55,15,Rainy,1,44.27,Autumn
24-01-2022 00:00,S003,P0003,Groceries,East,304,63,107,77.44,11.15,20,Cloudy,0,15.98,Spring
24-01-2022 00:00,S003,P0004,Electronics,East,161,16,35,18.51,45.65,15,Rainy,1,49.32,Summer
24-01-2022 00:00,S003,P0005,Furniture,South,265,72,126,79.61,87.17,0,Sunny,1,91.4,Winter
24-01-2022 00:00,S003,P0006,Electronics,South,163,105,120,124.45,57.09,15,Sunny,1,53.78,Winter
24-01-2022 00:00,S003,P0007,Electronics,West,152,68,89,84.92,95.16,20,Cloudy,0,92.84,Spring
24-01-2022 00:00,S003,P0008,Groceries,North,493,100,80,119.45,45.09,0,Rainy,0,43.87,Winter
24-01-2022 00:00,S003,P0009,Groceries,East,177,48,52,54.11,26.45,15,Rainy,0,26.37,Autumn
24-01-2022 00:00,S003,P0010,Furniture,West,363,314,85,315.64,37.43,15,Rainy,0,38.79,Autumn
24-01-2022 00:00,S003,P0011,Furniture,East,127,17,65,24.22,67.79,20,Cloudy,0,64.18,Winter
24-01-2022 00:00,S003,P0012,Clothing,South,88,75,124,90.54,84.88,15,Snowy,1,83.19,Winter
24-01-2022 00:00,S003,P0013,Furniture,West,270,110,159,109.54,23.26,15,Snowy,0,20.11,Winter
24-01-2022 00:00,S003,P0014,Clothing,West,204,84,125,80.34,51.43,5,Rainy,0,46.6,Spring
24-01-2022 00:00,S003,P0015,Groceries,West,486,246,197,256.34,37.22,10,Snowy,0,36.76,Summer
24-01-2022 00:00,S003,P0016,Groceries,West,415,44,103,49.35,86.5,10,Sunny,1,89.32,Autumn
24-01-2022 00:00,S003,P0017,Electronics,West,76,37,111,48.37,76.28,20,Sunny,1,78.4,Winter
24-01-2022 00:00,S003,P0018,Furniture,North,477,52,127,63.39,63.04,15,Snowy,1,66.02,Autumn
24-01-2022 00:00,S003,P0019,Clothing,East,479,34,68,35.29,21.76,15,Rainy,1,21.63,Winter
24-01-2022 00:00,S003,P0020,Clothing,South,53,6,183,5.81,69.91,10,Rainy,0,71.03,Summer
24-01-2022 00:00,S004,P0001,Clothing,East,396,197,126,212.17,85.2,15,Cloudy,0,86.92,Winter
24-01-2022 00:00,S004,P0002,Electronics,South,284,189,38,201.3,10.89,10,Snowy,1,13.92,Autumn
24-01-2022 00:00,S004,P0003,Electronics,East,264,241,57,254.65,79.82,15,Rainy,0,75.4,Autumn
24-01-2022 00:00,S004,P0004,Furniture,West,122,34,170,32.7,98.11,0,Sunny,0,99.92,Summer
24-01-2022 00:00,S004,P0005,Clothing,East,252,227,175,234,74.67,15,Cloudy,0,71.29,Spring
24-01-2022 00:00,S004,P0006,Electronics,North,427,239,155,237.24,91.52,20,Cloudy,1,91.93,Autumn
24-01-2022 00:00,S004,P0007,Electronics,South,248,193,95,196.69,95.2,20,Cloudy,0,99.75,Spring
24-01-2022 00:00,S004,P0008,Groceries,West,319,76,64,69.71,87.46,15,Sunny,0,87.3,Spring
24-01-2022 00:00,S004,P0009,Toys,West,55,7,88,-1.9,55.11,5,Snowy,1,56.96,Autumn
24-01-2022 00:00,S004,P0010,Groceries,West,195,59,99,65.81,19.53,20,Cloudy,0,18.99,Winter
24-01-2022 00:00,S004,P0011,Electronics,South,274,106,140,123.33,71.76,15,Snowy,1,74.13,Winter
24-01-2022 00:00,S004,P0012,Electronics,South,141,102,43,105.07,13.56,5,Cloudy,0,16.56,Spring
24-01-2022 00:00,S004,P0013,Groceries,West,404,99,25,112.21,88.91,10,Cloudy,1,89.06,Summer
24-01-2022 00:00,S004,P0014,Clothing,East,69,68,155,83.16,41.63,5,Rainy,0,45,Summer
24-01-2022 00:00,S004,P0015,Toys,South,407,196,162,199.73,84.25,15,Rainy,0,79.71,Winter
24-01-2022 00:00,S004,P0016,Groceries,South,62,3,116,6.62,95.78,5,Rainy,0,95.56,Autumn
24-01-2022 00:00,S004,P0017,Furniture,South,314,236,27,249.35,65.97,15,Snowy,0,68.74,Autumn
24-01-2022 00:00,S004,P0018,Electronics,North,183,165,114,166.11,26.23,15,Rainy,1,30.25,Spring
24-01-2022 00:00,S004,P0019,Toys,West,462,312,188,306.22,95.6,0,Snowy,1,97.54,Winter
24-01-2022 00:00,S004,P0020,Toys,South,482,190,129,208.56,54.73,5,Cloudy,1,51.47,Summer
24-01-2022 00:00,S005,P0001,Groceries,South,113,90,116,89.35,68.26,5,Snowy,1,68.14,Spring
24-01-2022 00:00,S005,P0002,Furniture,East,450,135,141,149.8,18.04,10,Cloudy,0,13.98,Autumn
24-01-2022 00:00,S005,P0003,Toys,East,293,282,119,295.2,58.77,15,Snowy,1,63.51,Summer
24-01-2022 00:00,S005,P0004,Furniture,West,168,107,138,103.41,18.19,0,Sunny,0,21.4,Winter
24-01-2022 00:00,S005,P0005,Toys,South,476,93,133,88.34,29.29,10,Sunny,0,32.52,Summer
24-01-2022 00:00,S005,P0006,Furniture,West,112,80,55,88.36,64.24,0,Cloudy,1,66.24,Summer
24-01-2022 00:00,S005,P0007,Furniture,East,223,204,35,222.95,89.31,20,Sunny,1,89.95,Spring
24-01-2022 00:00,S005,P0008,Clothing,South,469,184,39,202.77,62.82,15,Snowy,0,60.03,Winter
24-01-2022 00:00,S005,P0009,Electronics,North,495,208,91,207.91,97.3,10,Snowy,1,93.95,Winter
24-01-2022 00:00,S005,P0010,Clothing,West,137,60,90,56.94,47.82,15,Rainy,1,42.86,Winter
24-01-2022 00:00,S005,P0011,Clothing,East,78,74,104,85.46,51.27,5,Cloudy,0,50.16,Autumn
24-01-2022 00:00,S005,P0012,Groceries,South,333,84,106,90.54,90.95,0,Snowy,0,89.47,Autumn
24-01-2022 00:00,S005,P0013,Furniture,East,401,143,83,157.1,14.1,20,Cloudy,1,14.01,Spring
24-01-2022 00:00,S005,P0014,Clothing,South,119,92,127,104.3,39.25,15,Rainy,1,34.54,Summer
24-01-2022 00:00,S005,P0015,Toys,East,207,176,112,173.94,46.9,15,Cloudy,1,43.32,Spring
24-01-2022 00:00,S005,P0016,Groceries,North,66,26,64,16.3,63.03,5,Snowy,0,62.42,Summer
24-01-2022 00:00,S005,P0017,Furniture,South,320,26,66,45.94,21.78,15,Sunny,1,22.44,Summer
24-01-2022 00:00,S005,P0018,Furniture,West,297,86,128,103.52,24.42,10,Rainy,1,26.38,Summer
24-01-2022 00:00,S005,P0019,Clothing,West,267,183,157,182.58,71.16,10,Sunny,0,66.36,Spring
24-01-2022 00:00,S005,P0020,Groceries,East,182,66,200,74.62,46.48,0,Sunny,1,51.05,Autumn
25-01-2022 00:00,S001,P0001,Furniture,East,348,189,122,185.83,18.35,15,Rainy,1,22.01,Autumn
25-01-2022 00:00,S001,P0002,Groceries,West,241,241,40,255.03,48.79,0,Cloudy,1,52.01,Spring
25-01-2022 00:00,S001,P0003,Toys,North,359,189,140,188.26,39.15,20,Rainy,1,40.88,Autumn
25-01-2022 00:00,S001,P0004,Toys,West,80,24,100,32.35,60.53,20,Cloudy,0,62.16,Summer
25-01-2022 00:00,S001,P0005,Clothing,North,328,269,42,276.11,53.26,10,Cloudy,1,53.71,Summer
25-01-2022 00:00,S001,P0006,Clothing,South,102,77,76,82.63,79.53,10,Rainy,1,76.54,Spring
25-01-2022 00:00,S001,P0007,Electronics,North,223,72,21,80.82,85.17,5,Snowy,0,82.29,Autumn
25-01-2022 00:00,S001,P0008,Groceries,West,73,16,26,30.17,20.19,0,Sunny,0,24.14,Autumn
25-01-2022 00:00,S001,P0009,Toys,North,452,188,175,201.67,74.45,5,Cloudy,1,70.49,Winter
25-01-2022 00:00,S001,P0010,Groceries,East,181,119,135,115.91,91.08,20,Sunny,0,94.57,Spring
25-01-2022 00:00,S001,P0011,Furniture,East,209,12,119,23.44,55.53,20,Cloudy,1,57.34,Winter
25-01-2022 00:00,S001,P0012,Furniture,South,137,36,24,55.97,42.13,15,Snowy,1,37.91,Winter
25-01-2022 00:00,S001,P0013,Furniture,West,497,32,180,32.47,52.1,0,Cloudy,1,49.14,Summer
25-01-2022 00:00,S001,P0014,Clothing,East,404,197,126,192.57,24.13,0,Rainy,1,22.93,Spring
25-01-2022 00:00,S001,P0015,Clothing,North,301,175,149,193.93,68.4,0,Rainy,0,65.46,Autumn
25-01-2022 00:00,S001,P0016,Toys,East,156,141,104,148.09,71.93,20,Snowy,1,68.69,Spring
25-01-2022 00:00,S001,P0017,Toys,West,453,210,112,214.73,11.69,5,Sunny,0,6.78,Winter
25-01-2022 00:00,S001,P0018,Furniture,North,308,280,31,299.89,36.9,10,Rainy,0,32.52,Summer
25-01-2022 00:00,S001,P0019,Groceries,East,189,44,63,48.43,74.81,20,Sunny,1,76.85,Autumn
25-01-2022 00:00,S001,P0020,Clothing,East,253,22,92,29.44,28.61,5,Rainy,1,28.15,Winter
25-01-2022 00:00,S002,P0001,Clothing,East,154,141,109,151.02,85.26,15,Rainy,0,88.33,Autumn
25-01-2022 00:00,S002,P0002,Toys,North,176,23,20,38.03,58.52,5,Snowy,0,62.98,Summer
25-01-2022 00:00,S002,P0003,Electronics,South,208,187,42,198.61,38.58,5,Snowy,1,43.47,Winter
25-01-2022 00:00,S002,P0004,Electronics,East,259,234,55,249.65,56.28,5,Snowy,1,60.28,Spring
25-01-2022 00:00,S002,P0005,Clothing,South,204,130,63,133.97,21.22,15,Rainy,1,24.11,Winter
25-01-2022 00:00,S002,P0006,Toys,North,351,154,40,166.03,82.41,10,Rainy,0,86.26,Spring
25-01-2022 00:00,S002,P0007,Groceries,South,479,430,40,437.53,33.99,0,Sunny,1,33.35,Spring
25-01-2022 00:00,S002,P0008,Clothing,West,492,302,106,309.07,40.01,5,Snowy,0,43.38,Autumn
25-01-2022 00:00,S002,P0009,Clothing,South,323,120,123,138.74,11.72,0,Rainy,0,14.07,Winter
25-01-2022 00:00,S002,P0010,Groceries,North,333,246,53,255.08,82.09,0,Snowy,1,84.52,Autumn
25-01-2022 00:00,S002,P0011,Groceries,South,181,82,135,88.32,70.29,20,Rainy,1,68.19,Summer
25-01-2022 00:00,S002,P0012,Electronics,West,323,206,164,201.39,65.77,10,Rainy,0,69.41,Winter
25-01-2022 00:00,S002,P0013,Furniture,North,100,60,20,63.69,66.01,0,Snowy,0,69.52,Winter
25-01-2022 00:00,S002,P0014,Clothing,East,393,37,21,35.84,45.01,10,Rainy,0,45.73,Summer
25-01-2022 00:00,S002,P0015,Furniture,North,465,205,147,198.36,39.82,20,Sunny,1,44.3,Winter
25-01-2022 00:00,S002,P0016,Clothing,North,185,94,135,91.88,95.74,10,Rainy,1,95.35,Summer
25-01-2022 00:00,S002,P0017,Groceries,East,221,31,119,21.82,13.16,5,Rainy,0,16.95,Summer
25-01-2022 00:00,S002,P0018,Furniture,North,134,89,59,84.07,97.3,10,Sunny,0,99.21,Spring
25-01-2022 00:00,S002,P0019,Groceries,East,147,125,67,117.53,21.26,15,Cloudy,1,16.75,Spring
25-01-2022 00:00,S002,P0020,Furniture,North,270,231,112,246.96,99.68,10,Rainy,1,99.47,Autumn
25-01-2022 00:00,S003,P0001,Toys,South,113,68,90,73.85,24.77,10,Rainy,0,28.81,Autumn
25-01-2022 00:00,S003,P0002,Furniture,East,295,174,191,193.93,43.78,20,Sunny,1,39.42,Summer
25-01-2022 00:00,S003,P0003,Toys,East,118,7,116,20.73,12.7,15,Sunny,1,13.28,Autumn
25-01-2022 00:00,S003,P0004,Clothing,East,485,103,23,98.05,19.24,20,Cloudy,1,18.68,Spring
25-01-2022 00:00,S003,P0005,Electronics,North,114,22,163,24.56,89.85,20,Sunny,1,89.74,Winter
25-01-2022 00:00,S003,P0006,Electronics,West,237,184,71,189.77,94.45,10,Rainy,0,97.13,Summer
25-01-2022 00:00,S003,P0007,Furniture,North,247,68,117,65.55,30.55,10,Snowy,0,31.38,Winter
25-01-2022 00:00,S003,P0008,Groceries,West,61,30,83,36.6,39.72,5,Cloudy,1,41.84,Spring
25-01-2022 00:00,S003,P0009,Furniture,North,61,2,160,15.49,26.34,20,Cloudy,0,25.73,Autumn
25-01-2022 00:00,S003,P0010,Groceries,East,144,80,199,94.07,83.69,0,Snowy,0,81.65,Autumn
25-01-2022 00:00,S003,P0011,Electronics,North,126,84,72,86.25,65.52,10,Cloudy,1,69.02,Summer
25-01-2022 00:00,S003,P0012,Furniture,West,359,310,68,323.91,26.23,5,Sunny,1,24.15,Winter
25-01-2022 00:00,S003,P0013,Electronics,North,110,73,68,63.92,65.22,5,Cloudy,0,64.93,Winter
25-01-2022 00:00,S003,P0014,Toys,North,255,216,67,209.24,53.98,5,Rainy,1,53.55,Summer
25-01-2022 00:00,S003,P0015,Groceries,South,170,62,109,57.7,68.35,5,Snowy,0,66.52,Spring
25-01-2022 00:00,S003,P0016,Groceries,East,340,278,106,273.57,54.91,20,Snowy,0,51.83,Winter
25-01-2022 00:00,S003,P0017,Toys,East,132,110,38,113.38,11.04,20,Sunny,1,7.92,Summer
25-01-2022 00:00,S003,P0018,Clothing,South,150,112,141,113.9,98.29,0,Snowy,0,103.22,Winter
25-01-2022 00:00,S003,P0019,Toys,South,188,121,60,115.8,29.04,5,Sunny,0,32.55,Autumn
25-01-2022 00:00,S003,P0020,Clothing,West,493,346,178,357.19,62.87,10,Cloudy,1,61.56,Summer
25-01-2022 00:00,S004,P0001,Toys,East,475,440,156,449.62,64.48,10,Snowy,1,65.19,Summer
25-01-2022 00:00,S004,P0002,Electronics,North,118,112,20,111.19,57.7,15,Rainy,1,56.02,Spring
25-01-2022 00:00,S004,P0003,Clothing,West,284,249,77,252.07,47.36,10,Rainy,0,46.24,Autumn
25-01-2022 00:00,S004,P0004,Toys,South,138,72,188,91.19,87.87,10,Snowy,0,90.75,Summer
25-01-2022 00:00,S004,P0005,Electronics,East,377,134,121,138.53,20.48,5,Rainy,0,18.3,Autumn
25-01-2022 00:00,S004,P0006,Electronics,North,326,221,110,223.68,85.85,15,Rainy,0,82.11,Autumn
25-01-2022 00:00,S004,P0007,Electronics,West,348,303,85,296.25,77.34,10,Snowy,0,79.99,Summer
25-01-2022 00:00,S004,P0008,Groceries,South,357,211,158,230.71,34.39,15,Sunny,0,38.37,Spring
25-01-2022 00:00,S004,P0009,Furniture,North,118,95,191,96.97,39.2,5,Rainy,1,35.8,Spring
25-01-2022 00:00,S004,P0010,Electronics,West,164,26,190,27.6,42.88,20,Cloudy,0,42.84,Winter
25-01-2022 00:00,S004,P0011,Toys,North,176,143,23,157.24,48.55,5,Rainy,1,48.45,Summer
25-01-2022 00:00,S004,P0012,Clothing,North,480,325,192,322.46,25.59,0,Sunny,0,23.77,Summer
25-01-2022 00:00,S004,P0013,Toys,North,58,17,144,31.45,37.09,15,Snowy,0,41.49,Summer
25-01-2022 00:00,S004,P0014,Electronics,East,218,133,103,136.23,48.96,5,Rainy,1,48.07,Spring
25-01-2022 00:00,S004,P0015,Furniture,South,374,240,71,245.26,84.45,5,Snowy,1,82.31,Winter
25-01-2022 00:00,S004,P0016,Electronics,East,379,159,163,170.35,50.88,5,Rainy,1,51.88,Spring
25-01-2022 00:00,S004,P0017,Electronics,North,423,52,176,52.35,46.06,15,Snowy,0,45.58,Winter
25-01-2022 00:00,S004,P0018,Groceries,West,414,316,104,319.24,36.31,5,Rainy,0,36.63,Autumn
25-01-2022 00:00,S004,P0019,Furniture,North,316,7,133,7.47,60.3,10,Cloudy,0,55.56,Autumn
25-01-2022 00:00,S004,P0020,Clothing,North,97,22,51,24.4,23.35,10,Sunny,1,18.73,Spring
25-01-2022 00:00,S005,P0001,Electronics,West,97,15,45,5.87,64.45,15,Sunny,0,63.51,Spring
25-01-2022 00:00,S005,P0002,Clothing,East,224,68,117,65.54,51.82,5,Snowy,1,49.62,Autumn
25-01-2022 00:00,S005,P0003,Electronics,West,426,221,34,236.05,17.34,10,Cloudy,1,16.45,Winter
25-01-2022 00:00,S005,P0004,Furniture,West,309,251,158,251.37,92.31,15,Rainy,0,87.97,Summer
25-01-2022 00:00,S005,P0005,Furniture,West,399,172,127,162.67,71.12,20,Snowy,0,73.97,Spring
25-01-2022 00:00,S005,P0006,Furniture,West,259,14,133,17.43,63.07,20,Rainy,1,60.69,Spring
25-01-2022 00:00,S005,P0007,Furniture,South,308,275,132,286.85,11.56,0,Snowy,1,13.05,Autumn
25-01-2022 00:00,S005,P0008,Electronics,North,432,155,59,157.1,23.16,20,Rainy,0,23.89,Spring
25-01-2022 00:00,S005,P0009,Groceries,North,489,294,137,302.1,85.47,5,Cloudy,0,83.93,Winter
25-01-2022 00:00,S005,P0010,Furniture,North,454,328,145,337.2,33.49,0,Cloudy,0,35.46,Winter
25-01-2022 00:00,S005,P0011,Furniture,North,77,35,165,27.12,92.1,20,Cloudy,0,94.26,Spring
25-01-2022 00:00,S005,P0012,Toys,West,195,14,90,19.59,53.05,15,Rainy,0,56.21,Winter
25-01-2022 00:00,S005,P0013,Furniture,South,245,95,55,100.57,61.67,20,Sunny,0,57.91,Spring
25-01-2022 00:00,S005,P0014,Electronics,East,238,14,96,8.95,82.75,10,Rainy,0,78.96,Autumn
25-01-2022 00:00,S005,P0015,Groceries,North,464,188,182,181.15,80.33,20,Snowy,1,75.98,Spring
25-01-2022 00:00,S005,P0016,Clothing,South,400,232,91,231.82,39.78,10,Rainy,1,42.89,Winter
25-01-2022 00:00,S005,P0017,Toys,West,428,43,147,44.84,83.5,5,Cloudy,0,88.46,Autumn
25-01-2022 00:00,S005,P0018,Groceries,East,344,53,95,52.09,84.07,10,Sunny,0,85.55,Autumn
25-01-2022 00:00,S005,P0019,Clothing,South,310,73,157,64.68,61.46,10,Snowy,1,62.86,Summer
25-01-2022 00:00,S005,P0020,Clothing,East,351,18,27,9.27,84.77,10,Cloudy,1,80.46,Summer
26-01-2022 00:00,S001,P0001,Clothing,South,200,49,101,50.62,59.48,5,Sunny,1,55.45,Winter
26-01-2022 00:00,S001,P0002,Toys,North,70,11,160,13.8,71.22,0,Sunny,0,69.48,Winter
26-01-2022 00:00,S001,P0003,Furniture,North,382,258,45,254.11,30.63,10,Cloudy,0,32.53,Spring
26-01-2022 00:00,S001,P0004,Furniture,East,141,85,128,103.68,77.45,20,Sunny,0,72.63,Spring
26-01-2022 00:00,S001,P0005,Electronics,West,306,8,143,14.67,19.25,0,Cloudy,1,15.18,Autumn
26-01-2022 00:00,S001,P0006,Groceries,West,167,147,141,160.3,93.84,20,Snowy,1,91.53,Spring
26-01-2022 00:00,S001,P0007,Groceries,South,304,168,179,181.36,51.6,5,Cloudy,1,51.68,Autumn
26-01-2022 00:00,S001,P0008,Toys,East,346,153,165,171.8,89.47,5,Sunny,1,88.18,Spring
26-01-2022 00:00,S001,P0009,Toys,South,122,122,112,132.54,16.43,15,Snowy,0,13.82,Winter
26-01-2022 00:00,S001,P0010,Electronics,East,96,48,30,55.08,80.65,10,Cloudy,1,81.36,Summer
26-01-2022 00:00,S001,P0011,Groceries,North,130,30,145,41.5,82.25,5,Snowy,1,83.78,Winter
26-01-2022 00:00,S001,P0012,Electronics,South,94,70,52,73.65,80.92,0,Snowy,1,82.54,Autumn
26-01-2022 00:00,S001,P0013,Furniture,North,282,190,84,203.58,68.8,5,Cloudy,0,64.4,Spring
26-01-2022 00:00,S001,P0014,Electronics,East,447,217,111,233.35,99.5,5,Cloudy,0,97.67,Winter
26-01-2022 00:00,S001,P0015,Clothing,North,216,141,126,146.3,23.12,5,Sunny,1,26.83,Winter
26-01-2022 00:00,S001,P0016,Groceries,East,71,27,64,23.03,64.79,15,Cloudy,1,61.65,Autumn
26-01-2022 00:00,S001,P0017,Electronics,North,480,149,185,162.76,18.49,20,Cloudy,1,17.3,Winter
26-01-2022 00:00,S001,P0018,Toys,South,265,109,50,127.83,99.81,20,Rainy,1,98.89,Summer
26-01-2022 00:00,S001,P0019,Toys,South,180,26,200,30.49,62.26,15,Rainy,0,61.4,Spring
26-01-2022 00:00,S001,P0020,Groceries,North,376,324,157,337.61,16.72,0,Sunny,1,21.26,Summer
26-01-2022 00:00,S002,P0001,Electronics,North,56,19,140,19.59,60.54,5,Snowy,0,60.86,Autumn
26-01-2022 00:00,S002,P0002,Electronics,East,92,52,31,58.49,54.09,15,Snowy,0,59,Summer
26-01-2022 00:00,S002,P0003,Furniture,West,260,41,138,42.42,74.28,20,Rainy,1,77.55,Winter
26-01-2022 00:00,S002,P0004,Furniture,East,492,266,139,270.74,33.33,5,Cloudy,1,34.69,Spring
26-01-2022 00:00,S002,P0005,Toys,South,327,34,154,40.29,45.54,20,Cloudy,0,40.79,Winter
26-01-2022 00:00,S002,P0006,Electronics,South,496,402,194,420.79,18.7,0,Rainy,0,17.34,Spring
26-01-2022 00:00,S002,P0007,Groceries,West,218,121,79,119.03,29.43,5,Sunny,1,26.63,Summer
26-01-2022 00:00,S002,P0008,Electronics,East,313,225,161,219,78.9,20,Cloudy,1,77.16,Winter
26-01-2022 00:00,S002,P0009,Toys,East,257,201,155,202.55,25.46,15,Cloudy,0,29.45,Spring
26-01-2022 00:00,S002,P0010,Clothing,North,240,106,56,107.8,46.39,10,Rainy,0,47.22,Summer
26-01-2022 00:00,S002,P0011,Clothing,West,78,76,34,72.57,68.54,5,Sunny,1,67.71,Winter
26-01-2022 00:00,S002,P0012,Electronics,West,401,222,24,225.77,32.49,20,Sunny,0,36.86,Autumn
26-01-2022 00:00,S002,P0013,Toys,West,386,306,113,296.06,93.81,20,Rainy,0,89.63,Winter
26-01-2022 00:00,S002,P0014,Groceries,North,206,161,184,165.73,39.6,10,Sunny,1,38.48,Spring
26-01-2022 00:00,S002,P0015,Furniture,West,260,155,136,159.01,80.34,20,Cloudy,0,77.42,Summer
26-01-2022 00:00,S002,P0016,Toys,South,354,282,107,301.45,15.11,10,Snowy,1,14.85,Autumn
26-01-2022 00:00,S002,P0017,Toys,East,340,231,112,239.89,25.75,20,Cloudy,0,28.05,Winter
26-01-2022 00:00,S002,P0018,Toys,South,153,107,109,104.45,11.62,10,Sunny,0,8.56,Spring
26-01-2022 00:00,S002,P0019,Electronics,South,309,175,191,182.93,50.54,10,Rainy,1,53.39,Winter
26-01-2022 00:00,S002,P0020,Furniture,West,238,37,136,28.38,82.24,20,Sunny,0,82.88,Autumn
26-01-2022 00:00,S003,P0001,Clothing,West,389,261,190,253.41,40.86,15,Snowy,0,36.5,Summer
26-01-2022 00:00,S003,P0002,Toys,North,416,167,105,158.14,15.27,5,Cloudy,1,19.08,Winter
26-01-2022 00:00,S003,P0003,Electronics,North,283,6,138,0.95,98.96,10,Snowy,0,99.73,Winter
26-01-2022 00:00,S003,P0004,Furniture,East,121,32,182,31.65,91.21,5,Snowy,0,93.76,Autumn
26-01-2022 00:00,S003,P0005,Groceries,South,320,286,151,276.89,98.24,20,Snowy,0,101.37,Spring
26-01-2022 00:00,S003,P0006,Clothing,South,383,98,30,110.92,23.4,5,Sunny,1,24.99,Spring
26-01-2022 00:00,S003,P0007,Groceries,West,81,14,62,30.49,37.32,0,Cloudy,0,33.48,Summer
26-01-2022 00:00,S003,P0008,Clothing,West,473,69,144,59.74,91.63,5,Snowy,0,89.48,Summer
26-01-2022 00:00,S003,P0009,Groceries,West,142,112,45,129.89,42.24,20,Rainy,1,46.1,Winter
26-01-2022 00:00,S003,P0010,Toys,East,185,21,42,36.19,40.12,0,Snowy,0,37.74,Spring
26-01-2022 00:00,S003,P0011,Clothing,South,167,65,157,65.28,22.51,10,Cloudy,0,18.6,Spring
26-01-2022 00:00,S003,P0012,Toys,West,336,139,139,140.79,30.15,15,Sunny,0,31.22,Spring
26-01-2022 00:00,S003,P0013,Furniture,South,488,281,67,277.62,21.06,15,Rainy,0,18.06,Autumn
26-01-2022 00:00,S003,P0014,Groceries,East,172,161,66,155.97,95.58,20,Cloudy,1,99.69,Summer
26-01-2022 00:00,S003,P0015,Furniture,West,296,103,195,97.21,34.18,5,Rainy,0,37.97,Autumn
26-01-2022 00:00,S003,P0016,Groceries,West,477,346,90,350.42,47.47,0,Snowy,0,49.03,Summer
26-01-2022 00:00,S003,P0017,Toys,West,477,333,42,345.55,80.49,10,Cloudy,1,85.42,Autumn
26-01-2022 00:00,S003,P0018,Furniture,South,130,23,35,38.14,50.11,5,Snowy,1,53.62,Autumn
26-01-2022 00:00,S003,P0019,Clothing,North,268,196,129,194.12,56.8,20,Snowy,1,59.11,Autumn
26-01-2022 00:00,S003,P0020,Groceries,North,329,225,26,243.88,30.6,15,Rainy,1,30.16,Spring
26-01-2022 00:00,S004,P0001,Toys,West,374,17,150,10.66,52.83,5,Sunny,1,55.02,Spring
26-01-2022 00:00,S004,P0002,Groceries,East,299,145,166,140.6,19.19,5,Cloudy,1,21.14,Autumn
26-01-2022 00:00,S004,P0003,Groceries,East,272,66,82,80.53,72.52,15,Rainy,1,69.12,Winter
26-01-2022 00:00,S004,P0004,Furniture,North,162,95,181,96.82,63.23,5,Rainy,1,60.31,Winter
26-01-2022 00:00,S004,P0005,Toys,West,111,35,67,47.83,81.73,10,Rainy,0,84.94,Spring
26-01-2022 00:00,S004,P0006,Clothing,East,181,120,100,135.49,44.61,10,Cloudy,0,48.81,Autumn
26-01-2022 00:00,S004,P0007,Electronics,North,91,19,45,27.48,33.38,15,Cloudy,0,36.66,Spring
26-01-2022 00:00,S004,P0008,Clothing,South,228,67,185,64.46,63.31,15,Sunny,0,62.8,Winter
26-01-2022 00:00,S004,P0009,Clothing,South,191,62,92,67.18,76.69,5,Cloudy,1,78.91,Spring
26-01-2022 00:00,S004,P0010,Furniture,West,306,21,175,28.93,63.98,10,Sunny,0,65.37,Winter
26-01-2022 00:00,S004,P0011,Furniture,North,117,60,165,52.08,84.94,5,Rainy,0,86.78,Autumn
26-01-2022 00:00,S004,P0012,Toys,North,82,64,154,77.82,51.38,10,Snowy,0,54.59,Winter
26-01-2022 00:00,S004,P0013,Electronics,West,359,283,73,297.6,32.69,20,Snowy,0,35.53,Summer
26-01-2022 00:00,S004,P0014,Groceries,West,330,281,163,275.09,58.55,20,Snowy,1,56.52,Winter
26-01-2022 00:00,S004,P0015,Furniture,East,74,35,123,44.76,80.88,5,Rainy,0,78.33,Winter
26-01-2022 00:00,S004,P0016,Clothing,East,180,133,146,151.12,89.73,10,Snowy,1,92.75,Summer
26-01-2022 00:00,S004,P0017,Clothing,East,386,206,162,210.17,55.52,0,Rainy,0,52.24,Autumn
26-01-2022 00:00,S004,P0018,Clothing,East,192,61,39,54.92,30.94,20,Cloudy,1,34.75,Spring
26-01-2022 00:00,S004,P0019,Groceries,South,351,130,120,141.01,58.71,20,Cloudy,0,56.64,Autumn
26-01-2022 00:00,S004,P0020,Toys,South,402,376,194,373.08,14.49,0,Rainy,0,19.07,Autumn
26-01-2022 00:00,S005,P0001,Furniture,East,307,69,100,59.29,32.56,5,Rainy,0,35.69,Autumn
26-01-2022 00:00,S005,P0002,Furniture,West,124,1,138,5.27,11.67,15,Rainy,1,11.57,Autumn
26-01-2022 00:00,S005,P0003,Groceries,East,481,193,200,191.79,57.42,0,Cloudy,0,53.26,Autumn
26-01-2022 00:00,S005,P0004,Electronics,North,112,73,21,75.26,85.06,10,Sunny,0,87.21,Winter
26-01-2022 00:00,S005,P0005,Clothing,North,436,421,54,424.57,35.65,10,Snowy,1,34.66,Summer
26-01-2022 00:00,S005,P0006,Groceries,West,458,300,90,293,17.14,15,Cloudy,0,20.24,Summer
26-01-2022 00:00,S005,P0007,Furniture,North,105,83,171,92.72,91.61,5,Cloudy,1,93.17,Summer
26-01-2022 00:00,S005,P0008,Electronics,West,280,54,171,61.54,54.85,0,Cloudy,1,56.94,Spring
26-01-2022 00:00,S005,P0009,Toys,East,196,131,108,149.56,50.12,10,Snowy,0,50.48,Autumn
26-01-2022 00:00,S005,P0010,Furniture,North,441,370,183,386.1,37.96,5,Rainy,1,39.07,Winter
26-01-2022 00:00,S005,P0011,Clothing,South,163,115,77,120.82,82.59,5,Cloudy,0,82.18,Summer
26-01-2022 00:00,S005,P0012,Clothing,North,87,57,89,65.78,82.38,20,Snowy,1,82.82,Winter
26-01-2022 00:00,S005,P0013,Toys,East,253,26,85,32.16,33.97,5,Snowy,0,38.58,Spring
26-01-2022 00:00,S005,P0014,Electronics,South,457,382,117,401.53,44.1,20,Cloudy,0,40.98,Winter
26-01-2022 00:00,S005,P0015,Clothing,West,308,179,66,178.36,43.49,15,Sunny,1,39.21,Winter
26-01-2022 00:00,S005,P0016,Groceries,West,180,17,67,32,69.73,15,Sunny,1,70.37,Spring
26-01-2022 00:00,S005,P0017,Toys,East,176,76,160,72.55,68.74,15,Cloudy,1,72.45,Autumn
26-01-2022 00:00,S005,P0018,Furniture,West,468,164,165,162.25,94.31,0,Cloudy,1,95.35,Autumn
26-01-2022 00:00,S005,P0019,Clothing,North,95,23,105,30.8,95.41,10,Rainy,1,96.5,Winter
26-01-2022 00:00,S005,P0020,Furniture,North,252,181,108,174.02,95.02,5,Snowy,1,96.08,Winter
27-01-2022 00:00,S001,P0001,Furniture,South,410,164,116,180.45,93.34,0,Cloudy,0,94.33,Winter
27-01-2022 00:00,S001,P0002,Toys,West,230,67,108,68.9,44.94,10,Cloudy,0,43.93,Spring
27-01-2022 00:00,S001,P0003,Furniture,East,198,146,197,150.62,52.68,15,Rainy,1,50.38,Summer
27-01-2022 00:00,S001,P0004,Furniture,East,429,298,105,301.57,30.59,0,Cloudy,1,28.77,Spring
27-01-2022 00:00,S001,P0005,Toys,North,327,229,62,239.82,18.78,10,Sunny,1,20.07,Summer
27-01-2022 00:00,S001,P0006,Electronics,East,207,98,157,111.68,24.33,0,Sunny,0,20.21,Autumn
27-01-2022 00:00,S001,P0007,Groceries,West,425,21,85,26.58,72.39,5,Cloudy,0,75.62,Summer
27-01-2022 00:00,S001,P0008,Toys,North,87,20,83,13.26,86.62,10,Rainy,1,82.72,Winter
27-01-2022 00:00,S001,P0009,Toys,West,223,154,147,172.22,18.3,0,Cloudy,0,19.06,Spring
27-01-2022 00:00,S001,P0010,Toys,East,316,87,26,89.44,89.95,0,Rainy,0,88.55,Spring
27-01-2022 00:00,S001,P0011,Electronics,South,93,22,85,27.67,22.79,0,Snowy,0,26.89,Autumn
27-01-2022 00:00,S001,P0012,Clothing,West,306,3,48,6.76,92.56,20,Snowy,0,95.45,Autumn
27-01-2022 00:00,S001,P0013,Electronics,East,183,144,26,155.91,84.83,0,Snowy,0,85.74,Spring
27-01-2022 00:00,S001,P0014,Electronics,West,124,73,83,75.7,24.01,20,Rainy,1,27.66,Spring
27-01-2022 00:00,S001,P0015,Electronics,South,242,136,96,139.28,85.86,20,Rainy,0,81.95,Winter
27-01-2022 00:00,S001,P0016,Groceries,West,84,64,92,70.52,20.76,10,Rainy,0,23.62,Summer
27-01-2022 00:00,S001,P0017,Furniture,East,298,156,48,156.69,24.61,0,Snowy,1,25.97,Autumn
27-01-2022 00:00,S001,P0018,Clothing,South,146,110,119,103.56,70.87,5,Cloudy,0,68.89,Winter
27-01-2022 00:00,S001,P0019,Furniture,South,453,252,72,262.17,76.58,10,Cloudy,1,73.22,Spring
27-01-2022 00:00,S001,P0020,Clothing,North,400,86,48,79.9,85.33,10,Rainy,1,83.37,Spring
27-01-2022 00:00,S002,P0001,Groceries,North,224,215,174,228.71,94.27,0,Sunny,0,92.87,Autumn
27-01-2022 00:00,S002,P0002,Groceries,East,255,198,192,189.68,22.67,20,Rainy,1,22.76,Spring
27-01-2022 00:00,S002,P0003,Electronics,South,128,93,180,107.41,50.33,0,Snowy,0,48.85,Spring
27-01-2022 00:00,S002,P0004,Toys,North,280,187,91,184.63,93.5,10,Sunny,0,98.31,Summer
27-01-2022 00:00,S002,P0005,Toys,West,283,119,70,116.04,12.62,5,Snowy,0,13.1,Autumn
27-01-2022 00:00,S002,P0006,Toys,North,201,86,188,101.97,26.5,0,Sunny,0,24.68,Winter
27-01-2022 00:00,S002,P0007,Toys,South,302,70,47,74.79,40.4,15,Snowy,1,39.7,Winter
27-01-2022 00:00,S002,P0008,Groceries,West,92,34,183,26.86,22,5,Snowy,1,26.45,Autumn
27-01-2022 00:00,S002,P0009,Toys,South,228,95,27,89.21,44.94,10,Rainy,1,40.05,Summer
27-01-2022 00:00,S002,P0010,Electronics,North,301,288,164,278.07,52.35,5,Sunny,0,48.08,Autumn
27-01-2022 00:00,S002,P0011,Electronics,North,91,70,70,71.48,26.57,20,Cloudy,1,27.44,Spring
27-01-2022 00:00,S002,P0012,Toys,South,71,6,144,22.21,89.51,10,Sunny,0,89.29,Spring
27-01-2022 00:00,S002,P0013,Clothing,South,73,42,173,61.72,36.91,5,Cloudy,1,39.97,Spring
27-01-2022 00:00,S002,P0014,Groceries,West,251,34,189,37.55,68.31,5,Cloudy,0,63.87,Winter
27-01-2022 00:00,S002,P0015,Electronics,North,456,100,104,117.39,43.83,10,Rainy,0,45.95,Spring
27-01-2022 00:00,S002,P0016,Toys,East,310,185,119,199.29,78.67,20,Rainy,0,80.81,Summer
27-01-2022 00:00,S002,P0017,Groceries,East,480,107,133,115.2,10.17,0,Snowy,1,10.16,Spring
27-01-2022 00:00,S002,P0018,Groceries,West,447,299,172,299.03,73.84,10,Snowy,1,69.98,Winter
27-01-2022 00:00,S002,P0019,Groceries,South,122,30,181,22.46,42.33,5,Snowy,1,37.38,Autumn
27-01-2022 00:00,S002,P0020,Toys,West,412,206,91,196.37,26.65,10,Sunny,0,28.58,Summer
27-01-2022 00:00,S003,P0001,Electronics,West,349,275,171,273.1,82.96,0,Rainy,0,78.94,Autumn
27-01-2022 00:00,S003,P0002,Clothing,West,262,226,141,244.41,84.28,10,Cloudy,1,80.21,Autumn
27-01-2022 00:00,S003,P0003,Furniture,East,268,34,158,41.53,25.62,20,Snowy,0,28.47,Summer
27-01-2022 00:00,S003,P0004,Groceries,North,415,224,85,238.28,67.09,5,Snowy,0,64.77,Autumn
27-01-2022 00:00,S003,P0005,Groceries,North,297,11,60,7.88,52.17,20,Rainy,0,51.96,Winter
27-01-2022 00:00,S003,P0006,Clothing,South,321,271,29,288.83,94.07,20,Rainy,1,93.61,Summer
27-01-2022 00:00,S003,P0007,Toys,South,381,93,55,112.56,20.05,10,Rainy,0,17.32,Autumn
27-01-2022 00:00,S003,P0008,Clothing,South,309,297,108,288.01,42.12,10,Sunny,1,41.82,Autumn
27-01-2022 00:00,S003,P0009,Clothing,South,279,261,172,261.73,96.04,0,Cloudy,0,97.97,Spring
27-01-2022 00:00,S003,P0010,Furniture,East,222,105,160,107.13,81.73,10,Sunny,1,77.06,Spring
27-01-2022 00:00,S003,P0011,Furniture,West,232,8,123,-0.64,23.45,5,Snowy,1,18.81,Winter
27-01-2022 00:00,S003,P0012,Clothing,East,372,170,115,183.33,77.97,20,Rainy,1,80.7,Autumn
27-01-2022 00:00,S003,P0013,Groceries,East,86,65,105,77.58,83.27,10,Rainy,1,86.81,Autumn
27-01-2022 00:00,S003,P0014,Electronics,East,364,340,108,339.26,24.99,0,Sunny,1,25.3,Spring
27-01-2022 00:00,S003,P0015,Furniture,South,172,28,195,42.19,43.01,5,Cloudy,1,45.74,Winter
27-01-2022 00:00,S003,P0016,Clothing,South,445,11,181,25.57,13.21,15,Sunny,1,9.4,Autumn
27-01-2022 00:00,S003,P0017,Groceries,East,259,3,40,3.57,37.54,15,Rainy,0,41.18,Autumn
27-01-2022 00:00,S003,P0018,Furniture,West,155,146,96,147.11,56.48,15,Rainy,1,59.48,Spring
27-01-2022 00:00,S003,P0019,Furniture,East,178,150,44,160.39,78.06,5,Sunny,0,77.19,Spring
27-01-2022 00:00,S003,P0020,Toys,West,334,39,121,58.1,78.46,20,Snowy,1,80.4,Winter
27-01-2022 00:00,S004,P0001,Clothing,North,470,369,176,373.95,34.98,20,Snowy,0,37.88,Winter
27-01-2022 00:00,S004,P0002,Clothing,East,400,36,117,54.23,38.54,0,Cloudy,0,38.4,Summer
27-01-2022 00:00,S004,P0003,Furniture,North,117,32,24,39.33,36.14,15,Snowy,0,35.78,Winter
27-01-2022 00:00,S004,P0004,Furniture,East,262,211,27,218.29,56.9,10,Sunny,1,53.27,Autumn
27-01-2022 00:00,S004,P0005,Toys,North,364,110,33,108.41,69.83,15,Cloudy,1,74.54,Spring
27-01-2022 00:00,S004,P0006,Electronics,East,251,207,136,208.96,33.75,20,Snowy,1,38.13,Spring
27-01-2022 00:00,S004,P0007,Clothing,West,435,337,75,340.37,87.61,10,Sunny,0,87.08,Spring
27-01-2022 00:00,S004,P0008,Toys,West,86,86,62,90.92,53.78,10,Rainy,1,52.52,Autumn
27-01-2022 00:00,S004,P0009,Groceries,South,206,170,91,163.95,89.48,10,Cloudy,0,91.74,Autumn
27-01-2022 00:00,S004,P0010,Furniture,North,113,112,54,102.9,34.31,10,Snowy,0,36.62,Winter
27-01-2022 00:00,S004,P0011,Groceries,North,450,434,51,432.17,75.6,0,Rainy,1,79.84,Winter
27-01-2022 00:00,S004,P0012,Groceries,West,109,103,93,102.57,24.61,0,Rainy,1,28.43,Autumn
27-01-2022 00:00,S004,P0013,Furniture,North,121,105,168,110.95,36.59,10,Sunny,1,37.95,Spring
27-01-2022 00:00,S004,P0014,Groceries,South,370,44,121,63.52,38.7,10,Cloudy,1,38.34,Winter
27-01-2022 00:00,S004,P0015,Furniture,East,317,274,122,281.03,68.23,15,Sunny,1,65.29,Spring
27-01-2022 00:00,S004,P0016,Clothing,North,408,372,96,383.62,12.08,10,Sunny,1,11.58,Spring
27-01-2022 00:00,S004,P0017,Furniture,South,256,49,65,58.05,85.57,0,Rainy,0,89.38,Spring
27-01-2022 00:00,S004,P0018,Clothing,West,454,353,52,347.23,87.62,20,Cloudy,1,86.22,Autumn
27-01-2022 00:00,S004,P0019,Toys,South,135,67,128,62.85,76.74,15,Sunny,1,72.2,Winter
27-01-2022 00:00,S004,P0020,Furniture,South,215,210,80,225.21,53.26,5,Cloudy,0,56.91,Winter
27-01-2022 00:00,S005,P0001,Furniture,North,363,161,103,174.27,68.15,20,Sunny,1,64.22,Spring
27-01-2022 00:00,S005,P0002,Groceries,South,182,144,155,139.04,61.33,20,Sunny,1,63.18,Autumn
27-01-2022 00:00,S005,P0003,Electronics,North,334,47,95,52.78,99.58,10,Cloudy,1,104.57,Spring
27-01-2022 00:00,S005,P0004,Furniture,West,230,104,40,111.7,14.27,10,Rainy,0,11.52,Autumn
27-01-2022 00:00,S005,P0005,Groceries,West,308,94,165,107.8,98.81,20,Cloudy,1,99.82,Winter
27-01-2022 00:00,S005,P0006,Groceries,East,377,20,46,27.83,10.45,0,Rainy,0,8,Autumn
27-01-2022 00:00,S005,P0007,Toys,West,159,49,26,42.7,98.23,5,Rainy,0,99.71,Winter
27-01-2022 00:00,S005,P0008,Clothing,West,70,54,193,73.65,59.6,20,Sunny,0,62.8,Autumn
27-01-2022 00:00,S005,P0009,Electronics,West,71,29,21,35.33,62.06,20,Cloudy,1,64.9,Spring
27-01-2022 00:00,S005,P0010,Furniture,West,371,269,135,272.43,77.73,0,Snowy,0,82.36,Spring
27-01-2022 00:00,S005,P0011,Furniture,East,173,120,87,126.99,28.59,10,Cloudy,0,32.18,Spring
27-01-2022 00:00,S005,P0012,Electronics,West,92,22,162,35.6,62.26,20,Cloudy,0,65.2,Autumn
27-01-2022 00:00,S005,P0013,Groceries,East,462,207,116,226.09,13.74,20,Rainy,1,16.08,Summer
27-01-2022 00:00,S005,P0014,Toys,East,465,374,168,375.18,40.11,0,Sunny,0,44.04,Winter
27-01-2022 00:00,S005,P0015,Electronics,North,190,106,35,103.78,20.82,5,Rainy,1,16.63,Summer
27-01-2022 00:00,S005,P0016,Furniture,West,157,21,158,19.13,62.55,0,Rainy,1,62.25,Autumn
27-01-2022 00:00,S005,P0017,Electronics,West,60,2,115,-7.29,78.67,15,Rainy,0,75.97,Summer
27-01-2022 00:00,S005,P0018,Toys,North,436,111,180,127.64,72.19,10,Rainy,1,70.6,Autumn
27-01-2022 00:00,S005,P0019,Electronics,West,354,324,42,333.31,56.52,5,Cloudy,0,56.62,Winter
27-01-2022 00:00,S005,P0020,Clothing,East,274,271,146,273.91,91.22,5,Snowy,0,91.87,Winter
28-01-2022 00:00,S001,P0001,Furniture,East,158,97,82,115.96,53.25,20,Cloudy,1,49.95,Autumn
28-01-2022 00:00,S001,P0002,Furniture,West,284,45,185,50.15,73.32,15,Sunny,1,73.86,Spring
28-01-2022 00:00,S001,P0003,Furniture,East,426,286,104,281.95,14.56,0,Rainy,1,11.98,Spring
28-01-2022 00:00,S001,P0004,Groceries,East,276,117,40,118.4,19.29,5,Cloudy,0,18.92,Summer
28-01-2022 00:00,S001,P0005,Groceries,South,492,366,97,366.09,24.27,15,Snowy,1,25.97,Winter
28-01-2022 00:00,S001,P0006,Furniture,North,73,3,46,4.75,92.48,10,Snowy,1,87.82,Winter
28-01-2022 00:00,S001,P0007,Furniture,West,419,30,161,29.58,50.71,15,Sunny,1,50.6,Spring
28-01-2022 00:00,S001,P0008,Furniture,North,439,30,92,36.77,18.27,15,Rainy,0,17.06,Spring
28-01-2022 00:00,S001,P0009,Groceries,North,254,86,105,103.36,87.24,15,Sunny,1,84.09,Autumn
28-01-2022 00:00,S001,P0010,Clothing,South,291,12,167,23.96,86.53,20,Sunny,0,90.93,Spring
28-01-2022 00:00,S001,P0011,Electronics,East,252,20,136,27.89,56.72,10,Cloudy,0,55.92,Autumn
28-01-2022 00:00,S001,P0012,Toys,South,80,15,125,11.88,64.74,10,Snowy,1,66.05,Spring
28-01-2022 00:00,S001,P0013,Groceries,North,416,197,36,202.4,61.88,0,Cloudy,0,62.25,Spring
28-01-2022 00:00,S001,P0014,Toys,East,414,385,168,384.59,88.27,15,Cloudy,1,85.61,Autumn
28-01-2022 00:00,S001,P0015,Clothing,South,204,103,86,103.9,39.35,20,Sunny,1,36,Autumn
28-01-2022 00:00,S001,P0016,Electronics,North,120,26,106,25.75,58.98,0,Cloudy,1,60.91,Spring
28-01-2022 00:00,S001,P0017,Clothing,West,83,19,139,20.06,36.57,0,Cloudy,1,39.22,Summer
28-01-2022 00:00,S001,P0018,Electronics,East,304,254,175,269.43,47.47,10,Cloudy,0,50.19,Summer
28-01-2022 00:00,S001,P0019,Clothing,East,62,35,43,31.92,97.16,20,Snowy,0,94.68,Spring
28-01-2022 00:00,S001,P0020,Furniture,East,73,12,121,4.99,40.6,15,Cloudy,1,38.8,Winter
28-01-2022 00:00,S002,P0001,Groceries,South,134,15,73,24.41,25.09,20,Rainy,1,30.07,Summer
28-01-2022 00:00,S002,P0002,Furniture,South,191,78,133,69.06,34.15,15,Rainy,0,31.91,Winter
28-01-2022 00:00,S002,P0003,Electronics,South,446,42,75,58.54,39.57,20,Snowy,0,43.95,Summer
28-01-2022 00:00,S002,P0004,Groceries,East,452,360,86,360.9,17.32,0,Rainy,1,20.33,Spring
28-01-2022 00:00,S002,P0005,Clothing,South,117,92,199,86.49,23.12,0,Snowy,0,23.37,Summer
28-01-2022 00:00,S002,P0006,Clothing,East,443,222,119,212.5,49.26,10,Cloudy,1,50.39,Spring
28-01-2022 00:00,S002,P0007,Furniture,West,331,288,61,288.53,10.85,0,Cloudy,0,13.45,Winter
28-01-2022 00:00,S002,P0008,Groceries,East,157,146,75,165.31,14.81,10,Snowy,0,11.35,Winter
28-01-2022 00:00,S002,P0009,Electronics,North,137,90,134,94.51,52.05,15,Cloudy,1,49.5,Winter
28-01-2022 00:00,S002,P0010,Groceries,West,355,307,189,320.1,37.7,10,Sunny,1,39.27,Summer
28-01-2022 00:00,S002,P0011,Toys,West,373,2,49,9.8,38.11,15,Sunny,1,36.7,Spring
28-01-2022 00:00,S002,P0012,Furniture,East,481,415,188,406.8,18.27,5,Snowy,0,20.53,Spring
28-01-2022 00:00,S002,P0013,Clothing,South,150,26,199,28.56,93.49,20,Snowy,1,90.12,Spring
28-01-2022 00:00,S002,P0014,Toys,South,323,310,37,301.16,45.11,10,Sunny,0,41.92,Winter
28-01-2022 00:00,S002,P0015,Furniture,East,376,54,81,52.06,69.12,0,Snowy,0,67.92,Spring
28-01-2022 00:00,S002,P0016,Groceries,North,72,19,139,27.5,38.23,10,Snowy,0,34.15,Spring
28-01-2022 00:00,S002,P0017,Toys,South,95,71,174,64.41,25.83,15,Snowy,1,26.21,Summer
28-01-2022 00:00,S002,P0018,Toys,North,280,209,35,220.49,93.51,10,Snowy,0,92.58,Autumn
28-01-2022 00:00,S002,P0019,Groceries,South,96,33,62,50.25,67.67,10,Sunny,1,70.95,Autumn
28-01-2022 00:00,S002,P0020,Electronics,East,108,76,78,80.09,77.88,5,Rainy,0,78.85,Summer
28-01-2022 00:00,S003,P0001,Clothing,South,291,273,107,290.88,73.65,10,Sunny,0,74.98,Autumn
28-01-2022 00:00,S003,P0002,Furniture,East,61,11,43,9.35,50.21,10,Snowy,0,53.76,Winter
28-01-2022 00:00,S003,P0003,Toys,South,292,30,41,22.03,88.83,20,Cloudy,1,84.92,Autumn
28-01-2022 00:00,S003,P0004,Furniture,East,307,296,82,293.91,71.49,15,Cloudy,0,69.78,Winter
28-01-2022 00:00,S003,P0005,Electronics,South,294,225,140,225.85,94.53,10,Snowy,1,97.52,Spring
28-01-2022 00:00,S003,P0006,Electronics,North,403,251,65,241.87,28.65,0,Rainy,1,33.32,Winter
28-01-2022 00:00,S003,P0007,Groceries,East,188,106,41,115.42,60.84,0,Rainy,1,61.93,Winter
28-01-2022 00:00,S003,P0008,Toys,North,139,113,98,125.36,10.61,5,Rainy,1,9.63,Autumn
28-01-2022 00:00,S003,P0009,Electronics,South,421,362,33,372.48,38.97,0,Rainy,0,43.44,Winter
28-01-2022 00:00,S003,P0010,Toys,East,371,156,75,151.08,81.81,5,Sunny,1,84.35,Spring
28-01-2022 00:00,S003,P0011,Groceries,West,167,145,116,148.44,11.09,20,Rainy,1,14.79,Winter
28-01-2022 00:00,S003,P0012,Toys,South,297,268,180,273.68,79.46,15,Sunny,1,84.42,Spring
28-01-2022 00:00,S003,P0013,Toys,South,393,85,152,89.12,75.29,0,Snowy,0,79.27,Winter
28-01-2022 00:00,S003,P0014,Electronics,East,328,43,25,48.9,15.5,5,Sunny,0,20.39,Winter
28-01-2022 00:00,S003,P0015,Clothing,South,341,300,149,307.33,91.88,15,Snowy,0,95.76,Autumn
28-01-2022 00:00,S003,P0016,Electronics,North,150,43,75,49.52,89.43,0,Sunny,0,86.28,Winter
28-01-2022 00:00,S003,P0017,Toys,East,72,5,141,18.13,88.57,5,Sunny,0,84.03,Spring
28-01-2022 00:00,S003,P0018,Clothing,West,336,149,186,149.07,78.46,0,Snowy,1,83.04,Winter
28-01-2022 00:00,S003,P0019,Furniture,West,101,40,66,47.3,72.84,15,Rainy,0,77.09,Summer
28-01-2022 00:00,S003,P0020,Furniture,North,269,48,52,65.5,52.47,10,Sunny,0,50.37,Winter
28-01-2022 00:00,S004,P0001,Clothing,North,486,42,188,32.51,66.32,15,Rainy,0,65.19,Summer
28-01-2022 00:00,S004,P0002,Furniture,West,188,135,118,129.98,36.89,10,Cloudy,0,37.18,Autumn
28-01-2022 00:00,S004,P0003,Groceries,West,92,52,150,45.09,59.12,0,Rainy,0,54.76,Spring
28-01-2022 00:00,S004,P0004,Groceries,South,459,189,182,189.77,29.5,10,Rainy,1,28.22,Autumn
28-01-2022 00:00,S004,P0005,Furniture,West,152,43,108,43.67,32.45,15,Cloudy,0,35.58,Spring
28-01-2022 00:00,S004,P0006,Furniture,North,426,373,195,385.02,19.72,10,Cloudy,1,19.79,Autumn
28-01-2022 00:00,S004,P0007,Furniture,South,72,16,189,22.76,30.78,15,Rainy,1,29.17,Spring
28-01-2022 00:00,S004,P0008,Furniture,South,349,112,122,106.51,26.63,0,Sunny,0,28.28,Winter
28-01-2022 00:00,S004,P0009,Electronics,West,139,31,41,26.77,29.29,20,Rainy,0,28.36,Summer
28-01-2022 00:00,S004,P0010,Furniture,East,480,336,192,331.96,88.14,15,Snowy,0,88.43,Spring
28-01-2022 00:00,S004,P0011,Electronics,South,450,59,126,69.14,45.5,10,Rainy,0,44.96,Spring
28-01-2022 00:00,S004,P0012,Furniture,North,425,85,179,82.37,42.09,5,Rainy,0,45.26,Winter
28-01-2022 00:00,S004,P0013,Electronics,West,271,39,110,35.15,12.25,0,Cloudy,0,14.69,Spring
28-01-2022 00:00,S004,P0014,Groceries,North,156,33,115,35.28,99.51,5,Snowy,1,97.63,Summer
28-01-2022 00:00,S004,P0015,Furniture,East,138,132,50,147.84,87.96,20,Sunny,0,89.9,Autumn
28-01-2022 00:00,S004,P0016,Groceries,North,98,48,43,44.72,78.36,10,Snowy,0,74.79,Autumn
28-01-2022 00:00,S004,P0017,Electronics,South,463,385,61,399.81,84.36,10,Cloudy,1,85.56,Autumn
28-01-2022 00:00,S004,P0018,Furniture,West,258,79,176,78.9,30.85,5,Sunny,0,31.85,Autumn
28-01-2022 00:00,S004,P0019,Toys,West,242,188,181,194.64,35.69,10,Snowy,0,35.82,Winter
28-01-2022 00:00,S004,P0020,Clothing,North,345,12,176,11.69,11.33,0,Sunny,1,7.61,Summer
28-01-2022 00:00,S005,P0001,Electronics,East,223,164,199,166.82,60.37,10,Snowy,1,63.21,Spring
28-01-2022 00:00,S005,P0002,Groceries,South,99,40,108,37.83,75.14,0,Rainy,0,78.86,Summer
28-01-2022 00:00,S005,P0003,Furniture,West,320,316,141,333.04,55.11,10,Rainy,0,54.63,Autumn
28-01-2022 00:00,S005,P0004,Furniture,South,429,377,78,389.88,32.01,5,Rainy,0,29.94,Summer
28-01-2022 00:00,S005,P0005,Clothing,North,304,127,112,145.7,25.81,10,Snowy,0,28.14,Autumn
28-01-2022 00:00,S005,P0006,Electronics,South,479,170,140,173.5,55.82,0,Snowy,0,57.37,Autumn
28-01-2022 00:00,S005,P0007,Electronics,South,347,17,82,21.05,20.68,15,Rainy,0,18.23,Winter
28-01-2022 00:00,S005,P0008,Toys,North,224,127,67,136.02,21.38,20,Snowy,0,24.73,Summer
28-01-2022 00:00,S005,P0009,Clothing,West,252,56,199,61.21,36.71,20,Sunny,1,40.55,Winter
28-01-2022 00:00,S005,P0010,Furniture,North,254,169,104,170.45,76.18,10,Sunny,0,72.56,Summer
28-01-2022 00:00,S005,P0011,Toys,West,172,105,33,103.3,77.68,0,Rainy,1,81.95,Autumn
28-01-2022 00:00,S005,P0012,Electronics,North,426,345,47,339.88,11.59,5,Sunny,1,12.96,Autumn
28-01-2022 00:00,S005,P0013,Groceries,South,298,265,120,284.8,18.58,5,Rainy,1,16.31,Summer
28-01-2022 00:00,S005,P0014,Groceries,West,187,40,123,34.08,50.48,15,Snowy,1,52.24,Spring
28-01-2022 00:00,S005,P0015,Toys,North,465,90,142,85.66,74.35,5,Rainy,0,76.29,Summer
28-01-2022 00:00,S005,P0016,Electronics,West,91,32,147,27.95,41,10,Rainy,1,42.53,Summer
28-01-2022 00:00,S005,P0017,Groceries,West,136,34,163,33.84,87.88,5,Snowy,0,83.65,Winter
28-01-2022 00:00,S005,P0018,Groceries,North,253,224,25,238.81,56.57,5,Rainy,0,54.2,Autumn
28-01-2022 00:00,S005,P0019,Furniture,East,157,52,191,47.71,64.24,0,Snowy,0,64.82,Spring
28-01-2022 00:00,S005,P0020,Toys,North,147,81,198,96.18,55.66,5,Snowy,0,59.36,Autumn
29-01-2022 00:00,S001,P0001,Furniture,South,154,47,124,48.79,88.06,15,Snowy,1,92.84,Autumn
29-01-2022 00:00,S001,P0002,Furniture,East,306,104,123,117.43,42.11,5,Rainy,1,38.94,Winter
29-01-2022 00:00,S001,P0003,Groceries,South,164,27,76,31.4,81.65,10,Snowy,1,80.26,Spring
29-01-2022 00:00,S001,P0004,Groceries,West,360,353,73,357.55,27.22,20,Snowy,1,29.89,Summer
29-01-2022 00:00,S001,P0005,Electronics,South,236,11,51,16.27,69.74,15,Rainy,1,66.28,Winter
29-01-2022 00:00,S001,P0006,Clothing,East,460,436,29,432.32,65.23,20,Snowy,1,61.38,Winter
29-01-2022 00:00,S001,P0007,Toys,West,341,132,138,131.21,13.9,0,Rainy,1,18.6,Winter
29-01-2022 00:00,S001,P0008,Groceries,West,200,61,31,74.36,72.16,0,Sunny,1,69.99,Winter
29-01-2022 00:00,S001,P0009,Toys,East,285,24,127,24.96,61.68,10,Snowy,0,61.32,Autumn
29-01-2022 00:00,S001,P0010,Clothing,East,498,87,116,99.29,38.46,15,Cloudy,0,37.68,Autumn
29-01-2022 00:00,S001,P0011,Electronics,East,242,146,32,158.95,64.74,5,Sunny,1,69.07,Autumn
29-01-2022 00:00,S001,P0012,Furniture,North,73,12,123,30.96,21.92,0,Sunny,0,18.37,Autumn
29-01-2022 00:00,S001,P0013,Clothing,North,210,157,59,176.76,97.89,10,Sunny,0,94.53,Autumn
29-01-2022 00:00,S001,P0014,Furniture,South,283,48,95,48.16,45.28,10,Rainy,0,41.89,Winter
29-01-2022 00:00,S001,P0015,Furniture,North,348,5,95,-1.04,32.31,15,Cloudy,1,36.92,Autumn
29-01-2022 00:00,S001,P0016,Furniture,North,107,34,114,39.1,65.06,10,Cloudy,0,60.58,Winter
29-01-2022 00:00,S001,P0017,Toys,West,153,91,70,91.69,53.47,10,Snowy,0,51.49,Summer
29-01-2022 00:00,S001,P0018,Furniture,East,460,83,45,82.41,86.5,0,Snowy,1,88.87,Winter
29-01-2022 00:00,S001,P0019,Electronics,West,141,0,150,18.19,93.32,10,Sunny,1,96.19,Winter
29-01-2022 00:00,S001,P0020,Electronics,South,427,303,135,309.44,27.7,15,Cloudy,0,23.15,Winter
29-01-2022 00:00,S002,P0001,Electronics,North,283,241,111,238.93,74.33,5,Snowy,1,75.7,Winter
29-01-2022 00:00,S002,P0002,Groceries,North,202,100,44,114,74.97,20,Snowy,1,72.5,Summer
29-01-2022 00:00,S002,P0003,Groceries,West,85,48,157,49.32,90.71,5,Sunny,0,86.38,Summer
29-01-2022 00:00,S002,P0004,Groceries,South,147,1,91,5.52,63.13,15,Snowy,0,62.74,Winter
29-01-2022 00:00,S002,P0005,Furniture,West,252,22,98,39.23,32.98,20,Sunny,1,30.89,Winter
29-01-2022 00:00,S002,P0006,Groceries,West,207,154,130,153.95,22.3,0,Snowy,0,25.42,Spring
29-01-2022 00:00,S002,P0007,Clothing,East,427,322,41,335.85,82.8,20,Snowy,0,86.55,Autumn
29-01-2022 00:00,S002,P0008,Electronics,East,434,172,55,176.99,76.2,5,Sunny,1,72.38,Autumn
29-01-2022 00:00,S002,P0009,Furniture,North,53,50,167,58.69,75.1,5,Snowy,1,72.55,Winter
29-01-2022 00:00,S002,P0010,Toys,East,455,154,98,169.13,19.77,0,Rainy,0,20.63,Winter
29-01-2022 00:00,S002,P0011,Electronics,East,469,220,178,236.69,76.72,15,Sunny,1,79.6,Spring
29-01-2022 00:00,S002,P0012,Clothing,South,260,162,25,163.62,19.26,20,Sunny,0,18.62,Winter
29-01-2022 00:00,S002,P0013,Furniture,East,486,466,21,480.94,97.82,10,Snowy,1,95.29,Summer
29-01-2022 00:00,S002,P0014,Electronics,South,350,51,77,54.32,21.05,15,Sunny,1,20.5,Spring
29-01-2022 00:00,S002,P0015,Electronics,North,132,30,200,32.47,36.71,0,Cloudy,0,32.46,Winter
29-01-2022 00:00,S002,P0016,Groceries,West,369,93,183,85.27,86.77,15,Rainy,1,89.92,Spring
29-01-2022 00:00,S002,P0017,Toys,West,81,46,166,65.42,53.09,0,Rainy,0,49.21,Winter
29-01-2022 00:00,S002,P0018,Clothing,North,256,51,193,59.55,19.63,20,Cloudy,1,15.42,Summer
29-01-2022 00:00,S002,P0019,Furniture,North,338,72,140,84.52,24.13,10,Sunny,1,26.78,Winter
29-01-2022 00:00,S002,P0020,Toys,South,155,69,192,82.38,68.5,15,Cloudy,0,70.06,Autumn
29-01-2022 00:00,S003,P0001,Furniture,North,273,250,135,263.9,16,10,Sunny,1,18.27,Autumn
29-01-2022 00:00,S003,P0002,Electronics,North,437,126,146,117.22,22.66,10,Rainy,0,20.62,Spring
29-01-2022 00:00,S003,P0003,Groceries,South,430,69,72,85.01,80.91,5,Rainy,1,80.56,Summer
29-01-2022 00:00,S003,P0004,Groceries,North,500,188,24,201.99,93.04,20,Sunny,0,91.15,Spring
29-01-2022 00:00,S003,P0005,Furniture,West,147,95,195,87.25,91.63,0,Snowy,1,87.4,Spring
29-01-2022 00:00,S003,P0006,Groceries,South,400,395,69,388.98,99.36,15,Sunny,1,101.34,Winter
29-01-2022 00:00,S003,P0007,Toys,West,355,242,20,254.6,85.26,5,Rainy,1,87.53,Spring
29-01-2022 00:00,S003,P0008,Electronics,North,319,67,101,83.78,35.06,10,Cloudy,1,39.13,Summer
29-01-2022 00:00,S003,P0009,Groceries,South,109,36,189,44.31,76.54,5,Snowy,0,80.53,Autumn
29-01-2022 00:00,S003,P0010,Furniture,South,445,150,69,157.14,13.37,0,Sunny,0,9.21,Summer
29-01-2022 00:00,S003,P0011,Toys,West,273,227,33,226.07,67.73,0,Snowy,0,70.78,Autumn
29-01-2022 00:00,S003,P0012,Groceries,West,129,92,20,89.2,84.17,15,Rainy,0,81.27,Autumn
29-01-2022 00:00,S003,P0013,Groceries,North,295,196,30,203.13,10.01,15,Rainy,0,8.76,Summer
29-01-2022 00:00,S003,P0014,Toys,North,202,197,32,207.2,17.53,15,Cloudy,1,20.09,Autumn
29-01-2022 00:00,S003,P0015,Clothing,North,273,32,129,37.24,24.14,15,Cloudy,1,23.7,Autumn
29-01-2022 00:00,S003,P0016,Groceries,South,234,190,59,191.62,14.86,5,Sunny,1,13.24,Spring
29-01-2022 00:00,S003,P0017,Clothing,North,77,39,167,52.77,23.88,15,Snowy,0,28.06,Winter
29-01-2022 00:00,S003,P0018,Clothing,North,483,412,79,428.29,19.37,15,Sunny,0,17.8,Summer
29-01-2022 00:00,S003,P0019,Toys,South,90,33,58,37.63,18.87,0,Sunny,1,22.49,Spring
29-01-2022 00:00,S003,P0020,Groceries,North,330,137,61,155.51,41.94,5,Cloudy,1,39.55,Winter
29-01-2022 00:00,S004,P0001,Toys,North,72,64,104,69.87,27.81,20,Cloudy,0,32.14,Spring
29-01-2022 00:00,S004,P0002,Clothing,North,273,22,126,13.33,89.8,15,Cloudy,0,86.43,Winter
29-01-2022 00:00,S004,P0003,Groceries,West,362,175,78,173.83,88.31,0,Snowy,1,88.4,Winter
29-01-2022 00:00,S004,P0004,Groceries,South,330,107,54,122.99,31.79,15,Sunny,1,29.64,Autumn
29-01-2022 00:00,S004,P0005,Furniture,West,301,163,163,166.75,15.9,5,Cloudy,0,20.18,Summer
29-01-2022 00:00,S004,P0006,Clothing,South,372,172,55,186.82,10.84,0,Snowy,1,10.88,Spring
29-01-2022 00:00,S004,P0007,Electronics,North,392,131,115,126.33,32.53,15,Rainy,0,28.88,Summer
29-01-2022 00:00,S004,P0008,Electronics,West,187,95,146,94.58,16.09,5,Sunny,1,12.73,Spring
29-01-2022 00:00,S004,P0009,Toys,South,113,23,23,35.72,38.37,20,Snowy,0,42.75,Spring
29-01-2022 00:00,S004,P0010,Groceries,East,117,69,146,83.99,39.51,15,Sunny,1,37.13,Spring
29-01-2022 00:00,S004,P0011,Toys,South,462,189,108,186.15,77.61,15,Sunny,0,76.52,Spring
29-01-2022 00:00,S004,P0012,Electronics,North,348,21,84,36.8,65.23,10,Rainy,1,64.29,Spring
29-01-2022 00:00,S004,P0013,Furniture,West,295,283,60,298.15,58.39,15,Snowy,1,59.25,Winter
29-01-2022 00:00,S004,P0014,Clothing,North,421,111,164,110.18,86.64,5,Sunny,1,91.59,Autumn
29-01-2022 00:00,S004,P0015,Toys,East,372,218,200,216.17,54,10,Rainy,1,55.6,Winter
29-01-2022 00:00,S004,P0016,Electronics,South,227,123,52,130.7,40.86,10,Snowy,1,43.67,Winter
29-01-2022 00:00,S004,P0017,Clothing,East,101,76,61,79.15,85.06,15,Snowy,0,85.88,Winter
29-01-2022 00:00,S004,P0018,Electronics,North,273,112,132,104.11,39.48,20,Sunny,1,36.24,Autumn
29-01-2022 00:00,S004,P0019,Electronics,South,384,361,125,357.38,25.51,20,Snowy,1,20.55,Winter
29-01-2022 00:00,S004,P0020,Electronics,East,123,62,97,52.61,65.69,0,Cloudy,0,63.57,Spring
29-01-2022 00:00,S005,P0001,Toys,North,456,40,106,53.65,73.71,10,Cloudy,0,72.97,Autumn
29-01-2022 00:00,S005,P0002,Furniture,North,331,124,158,133.4,71.08,15,Snowy,0,70.69,Summer
29-01-2022 00:00,S005,P0003,Groceries,North,136,85,132,76.52,70.34,20,Snowy,0,73.33,Winter
29-01-2022 00:00,S005,P0004,Toys,West,50,13,200,21.97,10.63,15,Rainy,1,13.25,Winter
29-01-2022 00:00,S005,P0005,Clothing,South,201,90,42,98.48,59.41,5,Rainy,1,61.01,Summer
29-01-2022 00:00,S005,P0006,Clothing,West,391,47,111,47.29,12.36,20,Sunny,0,15.15,Autumn
29-01-2022 00:00,S005,P0007,Toys,East,343,210,38,219.03,51.01,10,Cloudy,1,46.74,Summer
29-01-2022 00:00,S005,P0008,Toys,North,164,96,141,89.2,99.89,0,Rainy,0,100.27,Winter
29-01-2022 00:00,S005,P0009,Toys,North,419,20,38,35.89,17.72,0,Rainy,1,17.04,Winter
29-01-2022 00:00,S005,P0010,Clothing,West,331,267,125,262.4,61.15,5,Rainy,0,64.45,Spring
29-01-2022 00:00,S005,P0011,Furniture,East,199,120,38,116.05,47.42,15,Snowy,1,43.93,Summer
29-01-2022 00:00,S005,P0012,Electronics,East,261,136,170,131.75,91.48,20,Sunny,0,90.38,Autumn
29-01-2022 00:00,S005,P0013,Toys,East,480,120,47,137.97,50.8,20,Rainy,1,50.97,Autumn
29-01-2022 00:00,S005,P0014,Clothing,South,83,61,154,62.65,93.65,10,Cloudy,1,97.41,Summer
29-01-2022 00:00,S005,P0015,Electronics,South,400,225,26,227.22,13.26,0,Rainy,1,11.43,Spring
29-01-2022 00:00,S005,P0016,Groceries,East,211,145,22,137.09,58.13,20,Rainy,0,61.67,Autumn
29-01-2022 00:00,S005,P0017,Furniture,North,420,213,139,214.66,10.18,20,Rainy,1,12.26,Autumn
29-01-2022 00:00,S005,P0018,Electronics,North,283,243,149,253.86,79.51,10,Sunny,1,74.55,Summer
29-01-2022 00:00,S005,P0019,Electronics,South,347,338,29,328.37,97.31,10,Cloudy,0,96.25,Autumn
29-01-2022 00:00,S005,P0020,Toys,West,242,141,38,146.97,16.58,20,Snowy,0,20.15,Autumn
30-01-2022 00:00,S001,P0001,Furniture,West,498,130,63,148.26,68.76,10,Snowy,0,73.29,Spring
30-01-2022 00:00,S001,P0002,Toys,West,178,121,21,140.19,99.71,20,Snowy,1,104.18,Autumn
30-01-2022 00:00,S001,P0003,Furniture,West,265,225,177,223.05,11.26,5,Snowy,1,11.6,Winter
30-01-2022 00:00,S001,P0004,Electronics,West,488,118,200,130.22,29.77,20,Snowy,0,32.88,Spring
30-01-2022 00:00,S001,P0005,Toys,West,294,190,141,180.13,96.98,20,Rainy,1,100.94,Summer
30-01-2022 00:00,S001,P0006,Furniture,South,291,62,123,71.16,70.85,10,Sunny,1,69.41,Winter
30-01-2022 00:00,S001,P0007,Furniture,North,374,337,180,340.61,47.67,0,Sunny,0,48.66,Autumn
30-01-2022 00:00,S001,P0008,Furniture,West,152,93,121,112.4,92,5,Rainy,0,91.67,Spring
30-01-2022 00:00,S001,P0009,Toys,East,292,241,163,240.68,56.06,20,Cloudy,0,55.64,Summer
30-01-2022 00:00,S001,P0010,Electronics,South,242,207,117,213.22,61.24,10,Cloudy,1,59.12,Winter
30-01-2022 00:00,S001,P0011,Electronics,North,438,417,108,416.33,59.64,10,Sunny,0,61.42,Summer
30-01-2022 00:00,S001,P0012,Groceries,West,467,26,144,40.07,26.25,15,Snowy,1,31.22,Spring
30-01-2022 00:00,S001,P0013,Toys,North,337,176,69,183.81,56.62,10,Rainy,1,54.77,Spring
30-01-2022 00:00,S001,P0014,Furniture,West,420,128,121,132.05,87.57,10,Rainy,1,90.42,Summer
30-01-2022 00:00,S001,P0015,Clothing,North,231,118,193,117.55,64.69,10,Cloudy,1,68.02,Summer
30-01-2022 00:00,S001,P0016,Electronics,South,172,55,192,49.34,21.96,10,Sunny,1,21.22,Summer
30-01-2022 00:00,S001,P0017,Groceries,South,99,21,93,33.36,40.25,0,Snowy,1,36.73,Autumn
30-01-2022 00:00,S001,P0018,Furniture,West,383,205,99,218.33,68.79,15,Cloudy,0,65.43,Summer
30-01-2022 00:00,S001,P0019,Electronics,South,472,122,117,123.19,75.8,20,Snowy,1,71.67,Winter
30-01-2022 00:00,S001,P0020,Clothing,South,448,67,40,60.3,52.51,10,Rainy,0,54.38,Spring
30-01-2022 00:00,S002,P0001,Toys,East,363,174,107,164.31,27.16,20,Snowy,1,25.8,Autumn
30-01-2022 00:00,S002,P0002,Toys,North,338,178,74,183.87,57.38,10,Rainy,1,54.37,Summer
30-01-2022 00:00,S002,P0003,Electronics,South,333,100,154,102.45,91.41,15,Cloudy,1,94.49,Spring
30-01-2022 00:00,S002,P0004,Furniture,East,446,159,157,160.77,23.95,5,Cloudy,1,22.97,Summer
30-01-2022 00:00,S002,P0005,Furniture,North,204,1,145,10.24,73.95,5,Snowy,0,70.47,Spring
30-01-2022 00:00,S002,P0006,Clothing,East,109,83,31,101.42,51.63,15,Sunny,1,46.79,Autumn
30-01-2022 00:00,S002,P0007,Toys,South,177,27,168,28.61,28.81,20,Snowy,0,27.63,Winter
30-01-2022 00:00,S002,P0008,Electronics,North,490,473,103,468.4,23.11,0,Sunny,0,25.56,Summer
30-01-2022 00:00,S002,P0009,Furniture,East,417,308,40,325,89.17,5,Snowy,0,90.74,Autumn
30-01-2022 00:00,S002,P0010,Electronics,East,320,125,28,140.5,21.2,15,Rainy,0,22.17,Autumn
30-01-2022 00:00,S002,P0011,Electronics,North,321,128,187,124.01,45.03,0,Sunny,0,40.11,Autumn
30-01-2022 00:00,S002,P0012,Groceries,North,271,198,150,198.28,10.79,5,Sunny,0,10.85,Autumn
30-01-2022 00:00,S002,P0013,Groceries,West,265,141,187,150.68,80.42,10,Rainy,0,80.13,Autumn
30-01-2022 00:00,S002,P0014,Toys,South,125,68,70,60.48,95.57,0,Rainy,0,92.97,Winter
30-01-2022 00:00,S002,P0015,Groceries,South,381,276,39,279.43,76.13,15,Cloudy,1,80.82,Autumn
30-01-2022 00:00,S002,P0016,Furniture,North,100,24,78,32.49,64.14,15,Sunny,1,67.74,Spring
30-01-2022 00:00,S002,P0017,Furniture,South,204,74,128,87.64,72.3,20,Snowy,1,70.35,Autumn
30-01-2022 00:00,S002,P0018,Toys,East,122,107,199,119.27,81.28,10,Snowy,1,78.66,Winter
30-01-2022 00:00,S002,P0019,Toys,South,96,86,116,88.7,50.75,20,Rainy,1,46.01,Autumn
30-01-2022 00:00,S002,P0020,Electronics,West,492,393,143,389.88,74.07,5,Cloudy,1,78.92,Summer
30-01-2022 00:00,S003,P0001,Toys,West,146,142,51,147,62.69,5,Rainy,0,58.72,Autumn
30-01-2022 00:00,S003,P0002,Furniture,West,102,99,54,89.84,74.44,10,Rainy,1,73,Autumn
30-01-2022 00:00,S003,P0003,Furniture,West,128,119,67,119.62,49.64,20,Rainy,0,47.87,Summer
30-01-2022 00:00,S003,P0004,Groceries,North,192,122,152,129.95,37.77,15,Sunny,1,39.83,Autumn
30-01-2022 00:00,S003,P0005,Electronics,South,161,100,113,90.36,57.59,20,Sunny,1,57.56,Autumn
30-01-2022 00:00,S003,P0006,Groceries,East,362,31,43,49.65,83.55,20,Rainy,1,80.4,Summer
30-01-2022 00:00,S003,P0007,Clothing,East,449,266,91,284.28,57.05,10,Rainy,1,56.99,Summer
30-01-2022 00:00,S003,P0008,Toys,South,61,7,47,16.25,51.71,20,Sunny,1,55.11,Spring
30-01-2022 00:00,S003,P0009,Groceries,East,82,4,50,-4.23,63.25,20,Sunny,0,65.4,Spring
30-01-2022 00:00,S003,P0010,Electronics,South,403,15,149,25.01,10.08,5,Cloudy,1,6.24,Winter
30-01-2022 00:00,S003,P0011,Toys,South,274,60,176,63.43,49.1,20,Sunny,0,47.82,Summer
30-01-2022 00:00,S003,P0012,Groceries,East,231,203,68,215.68,63.65,10,Sunny,0,66.19,Winter
30-01-2022 00:00,S003,P0013,Clothing,East,252,90,107,103.31,38.02,20,Cloudy,1,35.5,Summer
30-01-2022 00:00,S003,P0014,Clothing,South,289,25,58,22.26,96.49,10,Snowy,1,92.24,Summer
30-01-2022 00:00,S003,P0015,Clothing,North,372,130,62,124.83,69.45,0,Sunny,1,67.85,Winter
30-01-2022 00:00,S003,P0016,Furniture,South,135,47,29,44.16,83.24,15,Snowy,1,83.05,Spring
30-01-2022 00:00,S003,P0017,Clothing,South,252,109,20,109.37,79.6,10,Snowy,0,76.82,Summer
30-01-2022 00:00,S003,P0018,Groceries,South,271,149,134,143.15,18.75,0,Sunny,1,22.89,Winter
30-01-2022 00:00,S003,P0019,Electronics,North,452,90,194,100.16,76.25,20,Cloudy,0,77.93,Summer
30-01-2022 00:00,S003,P0020,Clothing,South,436,37,98,45.65,42.98,0,Sunny,0,41.28,Spring
30-01-2022 00:00,S004,P0001,Electronics,North,428,94,39,110.03,88.85,20,Cloudy,1,85.86,Spring
30-01-2022 00:00,S004,P0002,Groceries,North,207,108,104,123.71,82.91,15,Cloudy,1,86.74,Summer
30-01-2022 00:00,S004,P0003,Groceries,North,383,233,141,252.23,94.04,0,Snowy,1,98.1,Summer
30-01-2022 00:00,S004,P0004,Electronics,East,408,346,123,354.68,75.23,15,Cloudy,0,73.59,Winter
30-01-2022 00:00,S004,P0005,Groceries,South,76,33,164,26.37,83.4,20,Rainy,0,79.23,Spring
30-01-2022 00:00,S004,P0006,Groceries,North,300,113,160,108.63,44.46,0,Snowy,1,46.62,Autumn
30-01-2022 00:00,S004,P0007,Electronics,West,310,254,156,258.74,35.95,10,Rainy,0,37.8,Autumn
30-01-2022 00:00,S004,P0008,Groceries,East,391,261,155,275.63,58.02,10,Sunny,1,62.7,Autumn
30-01-2022 00:00,S004,P0009,Groceries,West,110,23,129,24.53,23.62,5,Cloudy,0,27.63,Autumn
30-01-2022 00:00,S004,P0010,Electronics,West,145,81,195,76.39,44.21,20,Sunny,1,46.44,Summer
30-01-2022 00:00,S004,P0011,Clothing,East,203,182,178,177.45,16.9,15,Snowy,0,20,Winter
30-01-2022 00:00,S004,P0012,Toys,North,135,54,50,58.79,62.79,5,Cloudy,0,58.33,Autumn
30-01-2022 00:00,S004,P0013,Toys,North,247,3,104,20,50.69,0,Snowy,1,54.71,Winter
30-01-2022 00:00,S004,P0014,Toys,North,475,197,97,190.81,47.03,20,Rainy,0,51.65,Autumn
30-01-2022 00:00,S004,P0015,Furniture,North,294,275,38,293.22,84.48,5,Sunny,0,85.9,Autumn
30-01-2022 00:00,S004,P0016,Electronics,East,96,11,89,30.62,25.6,15,Cloudy,1,22.58,Winter
30-01-2022 00:00,S004,P0017,Toys,West,350,178,44,194.82,49.34,20,Rainy,0,47.37,Summer
30-01-2022 00:00,S004,P0018,Electronics,North,373,231,35,234.72,94.64,10,Snowy,1,95.76,Winter
30-01-2022 00:00,S004,P0019,Furniture,East,140,93,28,89.09,25.96,5,Snowy,1,26.66,Autumn
30-01-2022 00:00,S004,P0020,Clothing,East,375,206,200,208.14,74.24,20,Cloudy,0,72.07,Summer
30-01-2022 00:00,S005,P0001,Electronics,West,111,86,110,99.08,47.02,10,Snowy,0,50.67,Autumn
30-01-2022 00:00,S005,P0002,Clothing,South,108,83,75,76.67,12.09,10,Cloudy,1,16.99,Autumn
30-01-2022 00:00,S005,P0003,Electronics,East,405,374,46,376.09,52.92,20,Cloudy,1,53.91,Autumn
30-01-2022 00:00,S005,P0004,Toys,East,146,12,181,11.72,35.32,15,Snowy,1,38.85,Autumn
30-01-2022 00:00,S005,P0005,Groceries,West,378,311,154,303.28,34.61,20,Rainy,1,37.65,Winter
30-01-2022 00:00,S005,P0006,Clothing,South,131,91,186,110.33,99.04,5,Cloudy,0,95.84,Autumn
30-01-2022 00:00,S005,P0007,Clothing,South,188,188,147,202.39,66.46,15,Rainy,1,61.79,Summer
30-01-2022 00:00,S005,P0008,Groceries,East,357,129,191,148.55,33.49,5,Rainy,1,32.16,Autumn
30-01-2022 00:00,S005,P0009,Clothing,East,140,57,157,67.74,87.1,0,Rainy,0,89.24,Summer
30-01-2022 00:00,S005,P0010,Toys,North,278,0,114,-3.96,94.49,15,Sunny,0,96.11,Winter
30-01-2022 00:00,S005,P0011,Groceries,East,421,216,153,231.43,28.68,5,Sunny,0,24.88,Autumn
30-01-2022 00:00,S005,P0012,Clothing,North,286,105,36,100.95,95.99,5,Snowy,1,100.74,Summer
30-01-2022 00:00,S005,P0013,Groceries,East,311,265,197,277.63,98.28,10,Sunny,1,96.54,Winter
30-01-2022 00:00,S005,P0014,Toys,North,85,61,139,73.68,70.78,10,Cloudy,1,68.14,Summer
30-01-2022 00:00,S005,P0015,Furniture,North,208,174,150,182.26,90.36,10,Snowy,1,92.81,Winter
30-01-2022 00:00,S005,P0016,Electronics,South,59,12,184,22.03,45.78,0,Cloudy,0,45.88,Spring
30-01-2022 00:00,S005,P0017,Groceries,North,456,440,65,440.8,49.92,20,Cloudy,1,52,Autumn
30-01-2022 00:00,S005,P0018,Toys,North,96,85,25,96.26,40.62,20,Snowy,0,35.8,Summer
30-01-2022 00:00,S005,P0019,Furniture,South,225,50,22,47.63,30.91,15,Rainy,1,28.47,Autumn
30-01-2022 00:00,S005,P0020,Furniture,East,345,252,152,262.11,32.82,0,Snowy,0,37.09,Autumn
31-01-2022 00:00,S001,P0001,Clothing,West,410,200,152,212.24,70.78,0,Sunny,1,68.88,Summer
31-01-2022 00:00,S001,P0002,Electronics,South,411,363,63,375.34,80.69,0,Cloudy,1,76.02,Spring
31-01-2022 00:00,S001,P0003,Clothing,East,126,94,176,86.82,11.21,5,Sunny,0,10.09,Spring
31-01-2022 00:00,S001,P0004,Toys,East,113,105,152,98.38,39.9,15,Rainy,0,37.55,Winter
31-01-2022 00:00,S001,P0005,Electronics,West,368,126,132,129.14,28.06,15,Cloudy,1,25.62,Winter
31-01-2022 00:00,S001,P0006,Furniture,North,174,22,164,28.31,74.7,10,Cloudy,1,70.88,Autumn
31-01-2022 00:00,S001,P0007,Groceries,East,272,235,131,237.46,24.05,5,Sunny,1,20.8,Summer
31-01-2022 00:00,S001,P0008,Furniture,West,354,105,124,98.95,13.79,5,Rainy,0,10.58,Winter
31-01-2022 00:00,S001,P0009,Groceries,North,365,9,24,24.46,49.9,5,Rainy,1,48.56,Autumn
31-01-2022 00:00,S001,P0010,Electronics,South,387,319,120,327.9,28.94,10,Cloudy,0,29.23,Spring
31-01-2022 00:00,S001,P0011,Toys,South,316,236,65,251.24,93.43,5,Cloudy,0,97.2,Autumn
31-01-2022 00:00,S001,P0012,Clothing,East,159,102,158,104.73,66.78,0,Cloudy,0,65.86,Winter
31-01-2022 00:00,S001,P0013,Groceries,East,284,54,132,72.64,39.94,10,Sunny,1,36.26,Spring
31-01-2022 00:00,S001,P0014,Clothing,West,278,217,159,213.69,84.93,20,Cloudy,1,80.22,Summer
31-01-2022 00:00,S001,P0015,Toys,North,293,285,135,289.96,26.71,0,Sunny,0,26.38,Winter
31-01-2022 00:00,S001,P0016,Toys,North,372,5,159,8.69,65.11,10,Snowy,0,65,Summer
31-01-2022 00:00,S001,P0017,Electronics,North,420,418,107,436.08,61.93,20,Snowy,0,65.99,Winter
31-01-2022 00:00,S001,P0018,Furniture,West,433,148,57,149.17,84.04,20,Snowy,0,88.65,Spring
31-01-2022 00:00,S001,P0019,Electronics,West,265,13,135,14.89,35.22,10,Rainy,1,37.7,Summer
31-01-2022 00:00,S001,P0020,Groceries,South,140,16,194,12.17,80.38,20,Rainy,1,76.33,Winter
31-01-2022 00:00,S002,P0001,Furniture,East,157,153,23,169.76,63.98,5,Sunny,1,60.46,Autumn
31-01-2022 00:00,S002,P0002,Electronics,West,359,259,101,259.01,19.4,5,Rainy,0,22.89,Summer
31-01-2022 00:00,S002,P0003,Furniture,North,193,171,193,181.17,25,15,Snowy,0,22.22,Summer
31-01-2022 00:00,S002,P0004,Clothing,East,289,90,126,88.72,24.66,0,Snowy,0,20.72,Autumn
31-01-2022 00:00,S002,P0005,Toys,East,449,268,189,268.19,45.75,5,Snowy,0,46.69,Summer
31-01-2022 00:00,S002,P0006,Electronics,West,483,316,79,334.64,15.85,15,Cloudy,1,12.09,Autumn
31-01-2022 00:00,S002,P0007,Furniture,South,136,96,195,92.74,68.86,5,Snowy,0,65.64,Autumn
31-01-2022 00:00,S002,P0008,Groceries,North,88,43,43,47.91,93.15,10,Rainy,1,93.15,Summer
31-01-2022 00:00,S002,P0009,Electronics,South,236,198,30,193.83,29.55,10,Rainy,1,31.43,Autumn
31-01-2022 00:00,S002,P0010,Clothing,South,240,229,137,243.4,36.14,0,Sunny,0,35.51,Spring
31-01-2022 00:00,S002,P0011,Toys,West,427,299,146,301.04,85.35,15,Snowy,0,82.55,Summer
31-01-2022 00:00,S002,P0012,Clothing,North,161,90,157,106.22,57.27,15,Rainy,0,53.07,Autumn
31-01-2022 00:00,S002,P0013,Furniture,South,401,168,49,180.9,35.93,0,Cloudy,0,38.16,Winter
31-01-2022 00:00,S002,P0014,Electronics,East,387,180,26,181.3,52.15,5,Rainy,0,48.71,Summer
31-01-2022 00:00,S002,P0015,Groceries,West,308,215,126,221.53,79.64,5,Snowy,1,78.16,Summer
31-01-2022 00:00,S002,P0016,Groceries,South,383,358,112,359.85,53.29,0,Cloudy,1,51.36,Autumn
31-01-2022 00:00,S002,P0017,Clothing,North,91,2,34,11.56,43.91,10,Rainy,0,42.68,Winter
31-01-2022 00:00,S002,P0018,Groceries,East,161,3,45,14.18,88.93,5,Cloudy,1,85.21,Spring
31-01-2022 00:00,S002,P0019,Clothing,North,249,0,118,-7.89,66.84,10,Snowy,0,63.35,Summer
31-01-2022 00:00,S002,P0020,Clothing,East,231,101,73,118.6,67.17,15,Rainy,1,70.61,Autumn
31-01-2022 00:00,S003,P0001,Furniture,West,311,10,125,0.54,46.79,10,Rainy,1,48.74,Spring
31-01-2022 00:00,S003,P0002,Furniture,East,290,182,89,186.25,87.75,20,Snowy,1,91.49,Spring
31-01-2022 00:00,S003,P0003,Furniture,West,55,12,51,16.07,79.16,0,Snowy,1,75.1,Spring
31-01-2022 00:00,S003,P0004,Clothing,North,230,61,140,72.93,72.16,5,Rainy,1,70.12,Autumn
31-01-2022 00:00,S003,P0005,Groceries,West,338,159,140,154.91,39.75,10,Rainy,1,37.8,Spring
31-01-2022 00:00,S003,P0006,Electronics,East,401,230,107,220.16,20.31,20,Snowy,0,16.77,Spring
31-01-2022 00:00,S003,P0007,Furniture,North,176,104,76,101.35,92.07,15,Snowy,1,90.39,Spring
31-01-2022 00:00,S003,P0008,Clothing,North,226,172,29,179.64,24.51,5,Rainy,1,21.29,Summer
31-01-2022 00:00,S003,P0009,Furniture,North,175,170,23,187.36,46.07,20,Snowy,0,43.24,Summer
31-01-2022 00:00,S003,P0010,Electronics,South,167,53,77,62.02,66.52,15,Sunny,0,67.93,Summer
31-01-2022 00:00,S003,P0011,Clothing,South,92,35,44,48.67,26.35,20,Snowy,1,28.31,Winter
31-01-2022 00:00,S003,P0012,Electronics,North,303,28,65,22.75,69.11,15,Cloudy,0,72.39,Spring
31-01-2022 00:00,S003,P0013,Furniture,East,161,123,48,122.96,85.57,15,Cloudy,1,89.1,Summer
31-01-2022 00:00,S003,P0014,Toys,South,255,84,72,87.03,78.85,20,Rainy,0,79.44,Summer
31-01-2022 00:00,S003,P0015,Groceries,West,329,310,190,327.69,26.93,10,Snowy,1,28.22,Spring
31-01-2022 00:00,S003,P0016,Electronics,West,488,161,89,161.39,44.97,20,Cloudy,1,48.38,Autumn
31-01-2022 00:00,S003,P0017,Clothing,North,305,217,173,231.06,31.97,5,Snowy,0,27.64,Winter
31-01-2022 00:00,S003,P0018,Toys,East,146,122,197,121.91,32.67,5,Sunny,1,30.1,Summer
31-01-2022 00:00,S003,P0019,Clothing,East,373,81,27,90.28,51.96,15,Cloudy,0,55.75,Spring
31-01-2022 00:00,S003,P0020,Toys,West,144,10,185,11.03,48.41,10,Rainy,0,46.77,Autumn
31-01-2022 00:00,S004,P0001,Toys,East,66,49,155,55.11,64.53,15,Cloudy,1,62.79,Summer
31-01-2022 00:00,S004,P0002,Clothing,West,95,80,141,98.84,82.61,10,Sunny,0,86.28,Winter
31-01-2022 00:00,S004,P0003,Electronics,West,69,65,48,76.81,52.18,15,Sunny,1,56.29,Winter
31-01-2022 00:00,S004,P0004,Furniture,South,114,100,84,97.92,44.27,5,Rainy,0,43.14,Summer
31-01-2022 00:00,S004,P0005,Furniture,North,320,215,25,218.26,34.32,0,Sunny,0,31.99,Spring
31-01-2022 00:00,S004,P0006,Clothing,North,221,170,165,164.53,32.12,10,Snowy,0,32.23,Summer
31-01-2022 00:00,S004,P0007,Furniture,North,211,82,92,97.27,75.32,10,Sunny,0,78.67,Autumn
31-01-2022 00:00,S004,P0008,Groceries,East,76,13,70,17.12,70.66,0,Snowy,0,70.39,Spring
31-01-2022 00:00,S004,P0009,Furniture,East,419,212,82,221.77,51.04,0,Sunny,0,46.67,Summer
31-01-2022 00:00,S004,P0010,Electronics,West,158,86,74,81.18,41.29,20,Cloudy,1,37.72,Autumn
31-01-2022 00:00,S004,P0011,Toys,South,52,52,43,42.05,78.55,10,Rainy,0,80.18,Summer
31-01-2022 00:00,S004,P0012,Toys,West,231,147,193,158.58,33.91,0,Snowy,1,34.38,Spring
31-01-2022 00:00,S004,P0013,Clothing,East,111,81,73,74.91,39.2,20,Cloudy,1,41.16,Summer
31-01-2022 00:00,S004,P0014,Electronics,West,82,43,80,45.13,67,5,Sunny,1,70.26,Autumn
31-01-2022 00:00,S004,P0015,Clothing,North,53,18,31,28.97,97.19,5,Sunny,1,95.52,Summer
31-01-2022 00:00,S004,P0016,Furniture,North,431,224,28,228.2,64.25,10,Rainy,1,66.39,Summer
31-01-2022 00:00,S004,P0017,Clothing,South,167,90,181,102.07,53.02,10,Sunny,0,55.63,Winter
31-01-2022 00:00,S004,P0018,Furniture,West,111,106,184,116.21,16,15,Sunny,0,11.32,Autumn
31-01-2022 00:00,S004,P0019,Groceries,North,270,117,161,110,32.67,0,Cloudy,1,36.7,Autumn
31-01-2022 00:00,S004,P0020,Groceries,West,249,48,174,67.28,78.46,10,Rainy,1,80.39,Spring
31-01-2022 00:00,S005,P0001,Furniture,West,472,290,94,298.53,51.8,5,Snowy,1,55.45,Spring
31-01-2022 00:00,S005,P0002,Groceries,East,462,105,120,119.86,51.41,10,Sunny,0,50.73,Autumn
31-01-2022 00:00,S005,P0003,Electronics,South,447,336,164,334.62,87.63,0,Cloudy,1,91.75,Autumn
31-01-2022 00:00,S005,P0004,Toys,North,438,374,191,385.35,37.79,15,Snowy,1,38,Autumn
31-01-2022 00:00,S005,P0005,Electronics,South,242,92,156,96.29,65.98,0,Rainy,1,62.24,Spring
31-01-2022 00:00,S005,P0006,Clothing,East,159,27,146,29.69,46.52,10,Rainy,0,42.3,Summer
31-01-2022 00:00,S005,P0007,Toys,East,388,308,109,326.21,50.76,10,Rainy,1,48.05,Autumn
31-01-2022 00:00,S005,P0008,Toys,West,304,53,143,49.51,58.57,15,Sunny,1,63.21,Spring
31-01-2022 00:00,S005,P0009,Groceries,North,226,1,161,-8.87,85.69,0,Rainy,0,87.72,Spring
31-01-2022 00:00,S005,P0010,Groceries,West,419,119,54,134.57,22.14,10,Snowy,1,24.53,Autumn
31-01-2022 00:00,S005,P0011,Furniture,East,309,39,172,50.9,27.26,20,Sunny,1,28.22,Summer
31-01-2022 00:00,S005,P0012,Electronics,North,242,132,68,151.43,97.19,15,Cloudy,1,100.73,Autumn
31-01-2022 00:00,S005,P0013,Clothing,South,121,62,145,80.34,90.11,10,Snowy,1,93.82,Winter
31-01-2022 00:00,S005,P0014,Groceries,North,454,106,40,105.13,93.5,15,Sunny,0,97.26,Summer
31-01-2022 00:00,S005,P0015,Electronics,East,261,39,99,32.39,49,0,Sunny,0,45.04,Autumn
31-01-2022 00:00,S005,P0016,Groceries,East,483,157,158,149.9,74.06,10,Snowy,1,78.02,Spring
31-01-2022 00:00,S005,P0017,Electronics,North,356,96,123,90.41,46.72,15,Rainy,0,50.64,Winter
31-01-2022 00:00,S005,P0018,Electronics,West,157,104,58,101.56,29.49,20,Sunny,0,29.13,Winter
31-01-2022 00:00,S005,P0019,Clothing,North,191,1,56,-2.84,71.67,0,Cloudy,0,74.3,Winter
31-01-2022 00:00,S005,P0020,Groceries,South,387,113,87,109.85,94.46,5,Cloudy,1,99.14,Autumn
01-02-2022 00:00,S001,P0001,Groceries,East,419,279,84,297.26,34.49,0,Sunny,0,33.85,Summer
01-02-2022 00:00,S001,P0002,Furniture,West,268,34,180,40.41,98.79,20,Cloudy,0,101.06,Winter
01-02-2022 00:00,S001,P0003,Clothing,North,310,277,137,282.86,40.54,10,Rainy,0,41.02,Autumn
01-02-2022 00:00,S001,P0004,Furniture,South,165,105,186,120.79,22.29,0,Cloudy,1,21.22,Spring
01-02-2022 00:00,S001,P0005,Clothing,East,214,177,136,184.09,88.56,20,Rainy,1,84.77,Spring
01-02-2022 00:00,S001,P0006,Electronics,East,281,93,21,103.12,78.83,20,Rainy,1,82.72,Winter
01-02-2022 00:00,S001,P0007,Groceries,West,175,103,128,108.28,85.38,10,Sunny,1,88.57,Winter
01-02-2022 00:00,S001,P0008,Toys,West,468,43,50,44.11,74.17,5,Cloudy,0,72.76,Autumn
01-02-2022 00:00,S001,P0009,Clothing,South,129,125,104,132.71,71.4,0,Cloudy,0,73.85,Summer
01-02-2022 00:00,S001,P0010,Clothing,South,357,50,169,48.35,75.03,20,Sunny,1,78.36,Autumn
01-02-2022 00:00,S001,P0011,Furniture,East,79,7,154,4.05,86.69,20,Sunny,1,82.06,Winter
01-02-2022 00:00,S001,P0012,Groceries,West,107,90,147,100.74,32.72,10,Cloudy,0,29.41,Winter
01-02-2022 00:00,S001,P0013,Groceries,South,298,274,166,287.2,65.48,20,Cloudy,1,61.75,Spring
01-02-2022 00:00,S001,P0014,Toys,West,193,71,23,76.05,47.67,0,Sunny,1,50.67,Summer
01-02-2022 00:00,S001,P0015,Clothing,East,410,200,20,202.33,88.93,20,Rainy,0,84.72,Winter
01-02-2022 00:00,S001,P0016,Electronics,South,364,265,59,280.95,77.9,15,Sunny,1,74.93,Winter
01-02-2022 00:00,S001,P0017,Furniture,South,310,118,38,111.49,37.05,5,Rainy,0,37.97,Autumn
01-02-2022 00:00,S001,P0018,Electronics,West,69,26,128,20.19,52.37,20,Cloudy,1,48.56,Summer
01-02-2022 00:00,S001,P0019,Electronics,East,96,95,94,90.07,78.84,15,Cloudy,0,75.86,Spring
01-02-2022 00:00,S001,P0020,Furniture,West,168,47,143,45.08,63.47,15,Sunny,0,61.76,Winter
01-02-2022 00:00,S002,P0001,Furniture,East,109,99,43,93.9,66.34,15,Cloudy,1,71.16,Winter
01-02-2022 00:00,S002,P0002,Clothing,North,69,52,73,58.68,45.89,20,Rainy,0,47.64,Autumn
01-02-2022 00:00,S002,P0003,Groceries,East,349,287,37,300.65,15.95,10,Sunny,0,14.46,Autumn
01-02-2022 00:00,S002,P0004,Furniture,East,452,407,36,401.11,47.14,20,Cloudy,1,49.7,Spring
01-02-2022 00:00,S002,P0005,Clothing,West,440,1,61,12.19,67.85,0,Cloudy,1,68.78,Summer
01-02-2022 00:00,S002,P0006,Electronics,South,146,65,63,62.03,62.45,5,Cloudy,0,62.13,Winter
01-02-2022 00:00,S002,P0007,Groceries,East,243,3,111,18.22,26.1,5,Cloudy,1,24.37,Autumn
01-02-2022 00:00,S002,P0008,Clothing,South,224,84,189,82.06,22.73,0,Rainy,1,23.91,Autumn
01-02-2022 00:00,S002,P0009,Electronics,West,498,237,110,229.42,90.66,15,Snowy,1,93.19,Autumn
01-02-2022 00:00,S002,P0010,Clothing,West,332,108,173,120.46,97.43,0,Rainy,1,98.77,Autumn
01-02-2022 00:00,S002,P0011,Toys,North,113,24,140,23.29,51.77,15,Rainy,1,56.02,Spring
01-02-2022 00:00,S002,P0012,Toys,South,299,197,111,196.15,35.58,0,Sunny,0,33.81,Spring
01-02-2022 00:00,S002,P0013,Toys,North,362,45,68,64.97,54.2,5,Rainy,0,52.09,Winter
01-02-2022 00:00,S002,P0014,Groceries,North,137,56,190,56.76,45.53,20,Cloudy,1,49.41,Spring
01-02-2022 00:00,S002,P0015,Furniture,South,195,79,115,72.55,19.81,10,Sunny,1,15.23,Spring
01-02-2022 00:00,S002,P0016,Toys,South,500,139,157,155.9,57.99,20,Cloudy,0,53.78,Winter
01-02-2022 00:00,S002,P0017,Clothing,West,200,200,115,219.08,25.18,5,Cloudy,1,22.85,Winter
01-02-2022 00:00,S002,P0018,Toys,East,361,276,58,268.65,24.32,15,Rainy,1,24.36,Summer
01-02-2022 00:00,S002,P0019,Furniture,West,426,99,67,95.06,86.65,20,Sunny,1,83.02,Spring
01-02-2022 00:00,S002,P0020,Furniture,West,226,160,150,153.45,45.73,20,Rainy,0,49.44,Summer
01-02-2022 00:00,S003,P0001,Electronics,East,482,428,122,426.94,16.94,10,Sunny,1,13.74,Spring
01-02-2022 00:00,S003,P0002,Toys,South,219,117,147,115.87,45.83,15,Snowy,0,48.96,Winter
01-02-2022 00:00,S003,P0003,Groceries,West,321,47,45,66.87,17.49,15,Snowy,0,21.31,Winter
01-02-2022 00:00,S003,P0004,Electronics,South,241,182,34,191.13,19.08,0,Rainy,1,21.1,Winter
01-02-2022 00:00,S003,P0005,Clothing,East,142,94,157,110.14,99.16,0,Sunny,0,102.06,Summer
01-02-2022 00:00,S003,P0006,Electronics,East,87,59,69,53.62,33.98,15,Cloudy,0,33.49,Autumn
01-02-2022 00:00,S003,P0007,Furniture,North,386,164,70,182.89,42.41,0,Sunny,1,43.58,Summer
01-02-2022 00:00,S003,P0008,Electronics,East,364,18,181,27.18,45.76,5,Cloudy,1,42.81,Summer
01-02-2022 00:00,S003,P0009,Furniture,South,88,9,55,5.02,87.46,5,Rainy,0,84.14,Summer
01-02-2022 00:00,S003,P0010,Clothing,North,252,142,76,133.85,53.72,5,Cloudy,0,56.37,Winter
01-02-2022 00:00,S003,P0011,Clothing,South,434,330,172,340.37,66.88,10,Rainy,0,64.42,Summer
01-02-2022 00:00,S003,P0012,Electronics,North,209,201,25,201.74,21.22,15,Cloudy,0,19.13,Spring
01-02-2022 00:00,S003,P0013,Toys,North,344,288,131,304.62,48.48,15,Snowy,0,44.77,Spring
01-02-2022 00:00,S003,P0014,Furniture,South,477,323,70,328.96,27.15,5,Rainy,0,30.6,Autumn
01-02-2022 00:00,S003,P0015,Electronics,North,58,52,109,67.58,34.19,0,Snowy,1,36.19,Autumn
01-02-2022 00:00,S003,P0016,Groceries,South,340,90,106,93.85,87.4,5,Cloudy,1,89.87,Summer
01-02-2022 00:00,S003,P0017,Electronics,South,236,219,169,209.52,41.12,0,Snowy,1,38.48,Summer
01-02-2022 00:00,S003,P0018,Toys,East,354,48,90,39.05,70.78,20,Snowy,0,73.43,Spring
01-02-2022 00:00,S003,P0019,Clothing,West,469,45,151,43.41,20.7,10,Snowy,1,17.49,Autumn
01-02-2022 00:00,S003,P0020,Furniture,North,386,107,46,111.75,97.68,15,Sunny,0,101.01,Winter
01-02-2022 00:00,S004,P0001,Toys,South,333,170,109,171.64,42.61,5,Rainy,0,46.76,Spring
01-02-2022 00:00,S004,P0002,Furniture,East,217,18,66,15.34,18.22,15,Rainy,1,14.76,Spring
01-02-2022 00:00,S004,P0003,Toys,East,355,300,93,304.75,81.93,15,Snowy,0,80.61,Spring
01-02-2022 00:00,S004,P0004,Toys,South,213,95,199,106.73,88.22,10,Rainy,1,89.43,Winter
01-02-2022 00:00,S004,P0005,Toys,South,464,284,64,283.95,19.33,0,Cloudy,0,17.67,Autumn
01-02-2022 00:00,S004,P0006,Clothing,North,452,53,160,58.96,99.75,20,Rainy,1,99.41,Autumn
01-02-2022 00:00,S004,P0007,Clothing,South,317,264,122,283.68,91.55,20,Sunny,1,93.29,Autumn
01-02-2022 00:00,S004,P0008,Toys,East,226,187,53,187.79,34.88,15,Sunny,0,39.46,Summer
01-02-2022 00:00,S004,P0009,Furniture,South,277,233,100,237.15,56.46,20,Sunny,1,57.85,Winter
01-02-2022 00:00,S004,P0010,Clothing,East,228,40,90,53.66,13.79,15,Snowy,1,16.09,Autumn
01-02-2022 00:00,S004,P0011,Electronics,West,106,22,85,34.91,25.64,0,Rainy,0,29.24,Winter
01-02-2022 00:00,S004,P0012,Electronics,North,163,106,43,110.56,59.12,20,Sunny,0,58.13,Autumn
01-02-2022 00:00,S004,P0013,Electronics,West,162,80,94,73.32,75.51,0,Snowy,1,70.95,Spring
01-02-2022 00:00,S004,P0014,Toys,South,293,280,24,271.66,67.82,20,Snowy,0,69.17,Autumn
01-02-2022 00:00,S004,P0015,Toys,North,238,171,164,171.26,28.75,20,Rainy,1,29.51,Summer
01-02-2022 00:00,S004,P0016,Furniture,East,76,27,123,22.26,11.7,5,Snowy,0,12.39,Spring
01-02-2022 00:00,S004,P0017,Groceries,West,371,274,68,270.64,63.07,20,Cloudy,0,65.42,Summer
01-02-2022 00:00,S004,P0018,Electronics,South,268,77,46,88.75,29.86,20,Rainy,1,27,Autumn
01-02-2022 00:00,S004,P0019,Electronics,East,59,54,157,51.63,22.83,15,Rainy,1,23.03,Winter
01-02-2022 00:00,S004,P0020,Furniture,North,116,29,172,44.83,50.98,5,Sunny,0,47.6,Summer
01-02-2022 00:00,S005,P0001,Clothing,West,160,139,180,136.55,20.47,20,Cloudy,0,17.42,Spring
01-02-2022 00:00,S005,P0002,Clothing,North,280,128,88,135.39,91.42,20,Rainy,1,92.87,Autumn
01-02-2022 00:00,S005,P0003,Clothing,South,405,25,171,39.75,17.08,5,Cloudy,1,14.29,Spring
01-02-2022 00:00,S005,P0004,Electronics,East,393,270,159,284.32,88.1,0,Cloudy,1,87.1,Autumn
01-02-2022 00:00,S005,P0005,Electronics,West,70,19,132,24.51,31.5,5,Sunny,1,33.99,Autumn
01-02-2022 00:00,S005,P0006,Furniture,East,233,93,165,109.38,79.23,0,Rainy,1,77.67,Winter
01-02-2022 00:00,S005,P0007,Clothing,East,58,19,40,34.83,48.54,5,Rainy,0,48.24,Autumn
01-02-2022 00:00,S005,P0008,Groceries,West,441,395,43,410.97,52.72,10,Cloudy,1,50.91,Summer
01-02-2022 00:00,S005,P0009,Furniture,North,432,118,134,122.35,40.16,15,Sunny,1,43.64,Summer
01-02-2022 00:00,S005,P0010,Electronics,East,110,14,61,10.7,38.13,15,Cloudy,1,40.59,Winter
01-02-2022 00:00,S005,P0011,Toys,South,437,4,64,-4.5,32.22,15,Rainy,0,28.24,Autumn
01-02-2022 00:00,S005,P0012,Electronics,East,386,18,170,14.81,24.67,15,Cloudy,0,24.78,Spring
01-02-2022 00:00,S005,P0013,Electronics,West,213,47,183,59.96,67.41,15,Rainy,0,69.86,Winter
01-02-2022 00:00,S005,P0014,Clothing,West,108,41,92,59.91,14.1,5,Cloudy,1,12.67,Spring
01-02-2022 00:00,S005,P0015,Furniture,West,480,382,136,394.62,33.95,5,Snowy,1,36.86,Spring
01-02-2022 00:00,S005,P0016,Groceries,South,467,371,112,388.12,45.16,15,Snowy,1,49.6,Winter
01-02-2022 00:00,S005,P0017,Furniture,West,393,363,100,362.73,81.01,0,Sunny,1,84.44,Spring
01-02-2022 00:00,S005,P0018,Furniture,South,397,349,66,365.31,46.61,5,Rainy,0,42.98,Autumn
01-02-2022 00:00,S005,P0019,Furniture,East,227,216,185,214.54,67.33,5,Cloudy,0,71.89,Summer
01-02-2022 00:00,S005,P0020,Toys,West,248,17,191,30.92,55.91,5,Rainy,0,56.95,Summer
02-02-2022 00:00,S001,P0001,Electronics,South,415,38,149,53.13,52.49,5,Cloudy,0,48.25,Autumn
02-02-2022 00:00,S001,P0002,Electronics,South,438,170,77,183.49,49.22,15,Cloudy,0,48.08,Spring
02-02-2022 00:00,S001,P0003,Furniture,West,132,28,38,36.72,68.98,5,Snowy,1,68.57,Spring
02-02-2022 00:00,S001,P0004,Toys,West,187,91,42,89.55,26.01,5,Sunny,0,21.62,Spring
02-02-2022 00:00,S001,P0005,Electronics,West,389,28,38,24.54,40.71,15,Snowy,1,42.22,Winter
02-02-2022 00:00,S001,P0006,Furniture,North,403,370,164,370.57,31.3,5,Sunny,0,28.09,Autumn
02-02-2022 00:00,S001,P0007,Electronics,East,485,87,116,91.09,83.71,0,Rainy,1,87.06,Autumn
02-02-2022 00:00,S001,P0008,Groceries,East,178,106,38,120.75,96.47,5,Rainy,1,93.96,Spring
02-02-2022 00:00,S001,P0009,Electronics,South,80,46,186,56.91,20.25,15,Rainy,0,20.39,Spring
02-02-2022 00:00,S001,P0010,Electronics,North,286,255,185,251.61,66.47,0,Sunny,1,62.96,Winter
02-02-2022 00:00,S001,P0011,Toys,South,426,218,196,235.56,74.74,0,Cloudy,1,75.46,Winter
02-02-2022 00:00,S001,P0012,Electronics,North,473,312,105,305.3,60.86,20,Rainy,0,64.73,Spring
02-02-2022 00:00,S001,P0013,Toys,North,419,15,150,8.95,58.37,0,Sunny,0,53.75,Summer
02-02-2022 00:00,S001,P0014,Electronics,South,364,65,183,60.82,25.2,20,Snowy,0,29.45,Summer
02-02-2022 00:00,S001,P0015,Furniture,West,313,119,169,111.63,57.7,20,Rainy,1,62.6,Winter
02-02-2022 00:00,S001,P0016,Furniture,North,139,3,88,2.84,49.13,10,Sunny,0,53.51,Autumn
02-02-2022 00:00,S001,P0017,Clothing,South,454,382,64,391.9,62.8,0,Cloudy,0,67.13,Spring
02-02-2022 00:00,S001,P0018,Toys,West,409,93,185,99.92,50.74,20,Snowy,0,54.64,Summer
02-02-2022 00:00,S001,P0019,Groceries,East,443,271,98,281.39,26.92,20,Snowy,1,29.1,Summer
02-02-2022 00:00,S001,P0020,Electronics,East,462,383,66,390.05,17.65,20,Sunny,1,20.63,Autumn
02-02-2022 00:00,S002,P0001,Clothing,North,92,84,182,103.94,23.87,20,Rainy,1,22.45,Spring
02-02-2022 00:00,S002,P0002,Furniture,South,240,124,162,121.87,27.35,5,Cloudy,1,31.49,Spring
02-02-2022 00:00,S002,P0003,Clothing,East,344,71,147,67.93,21.26,5,Rainy,1,22.82,Autumn
02-02-2022 00:00,S002,P0004,Toys,North,492,296,107,310.5,21.52,5,Cloudy,0,21.17,Autumn
02-02-2022 00:00,S002,P0005,Groceries,East,139,27,124,42.48,76.03,15,Rainy,1,73.82,Winter
02-02-2022 00:00,S002,P0006,Toys,North,247,126,107,138.39,24.47,0,Rainy,0,27.6,Spring
02-02-2022 00:00,S002,P0007,Toys,West,445,307,105,322.62,77.84,0,Sunny,1,76.34,Spring
02-02-2022 00:00,S002,P0008,Groceries,West,343,14,49,33.56,66.5,10,Snowy,1,62.95,Winter
02-02-2022 00:00,S002,P0009,Toys,North,115,45,142,46.28,42.97,0,Sunny,1,44.39,Summer
02-02-2022 00:00,S002,P0010,Groceries,East,307,6,82,5.87,12.86,10,Sunny,1,11.27,Summer
02-02-2022 00:00,S002,P0011,Groceries,South,379,291,96,297.85,80.77,0,Cloudy,1,80.92,Spring
02-02-2022 00:00,S002,P0012,Groceries,West,305,104,116,117.39,14.13,15,Cloudy,1,13.44,Winter
02-02-2022 00:00,S002,P0013,Toys,South,380,354,125,365.24,79.14,5,Snowy,1,78.14,Summer
02-02-2022 00:00,S002,P0014,Clothing,South,371,330,75,328.88,19.53,15,Rainy,0,22.41,Autumn
02-02-2022 00:00,S002,P0015,Electronics,North,245,119,189,116.73,91.96,5,Sunny,1,94.37,Summer
02-02-2022 00:00,S002,P0016,Toys,North,279,134,183,135.87,26.18,20,Snowy,1,26.56,Autumn
02-02-2022 00:00,S002,P0017,Groceries,East,141,140,63,130.31,57.08,20,Snowy,0,52.48,Autumn
02-02-2022 00:00,S002,P0018,Furniture,North,209,181,42,183.97,71.42,0,Rainy,1,75.18,Spring
02-02-2022 00:00,S002,P0019,Electronics,East,473,239,47,231.73,43.1,5,Snowy,1,44.2,Winter
02-02-2022 00:00,S002,P0020,Toys,North,397,365,149,363.6,27.52,20,Cloudy,1,23.97,Summer
02-02-2022 00:00,S003,P0001,Electronics,South,154,81,193,80.75,73.28,15,Cloudy,0,70.54,Summer
02-02-2022 00:00,S003,P0002,Electronics,South,459,393,170,393.95,60.56,20,Rainy,1,57.79,Spring
02-02-2022 00:00,S003,P0003,Electronics,South,222,74,122,76.31,76.35,0,Cloudy,1,79.03,Summer
02-02-2022 00:00,S003,P0004,Groceries,West,197,178,33,192.71,74.29,20,Sunny,1,77.99,Summer
02-02-2022 00:00,S003,P0005,Groceries,South,278,11,196,22.97,51.64,10,Sunny,0,56.6,Winter
02-02-2022 00:00,S003,P0006,Furniture,South,355,5,25,7.46,67.8,5,Rainy,0,65.58,Spring
02-02-2022 00:00,S003,P0007,Electronics,West,407,273,39,271.1,41.33,10,Sunny,0,41.09,Spring
02-02-2022 00:00,S003,P0008,Clothing,East,67,8,74,13.74,60.75,5,Snowy,1,55.84,Summer
02-02-2022 00:00,S003,P0009,Groceries,East,294,192,105,201.92,54.82,10,Cloudy,1,49.87,Summer
02-02-2022 00:00,S003,P0010,Groceries,West,388,292,82,282.63,46.4,10,Rainy,1,50.62,Summer
02-02-2022 00:00,S003,P0011,Toys,North,134,128,72,122.58,98.93,10,Snowy,0,98.39,Spring
02-02-2022 00:00,S003,P0012,Electronics,North,315,230,150,233.95,80.23,5,Cloudy,1,83.44,Winter
02-02-2022 00:00,S003,P0013,Clothing,East,171,89,119,87.36,34.85,10,Snowy,0,38.68,Spring
02-02-2022 00:00,S003,P0014,Electronics,East,484,76,69,86.1,61.85,5,Sunny,0,60.77,Autumn
02-02-2022 00:00,S003,P0015,Toys,North,406,59,128,50.22,50.92,5,Rainy,1,47.32,Winter
02-02-2022 00:00,S003,P0016,Toys,East,454,98,103,101.3,50.94,10,Rainy,1,48.31,Spring
02-02-2022 00:00,S003,P0017,Clothing,South,233,171,127,162.15,26.42,10,Sunny,1,26.98,Spring
02-02-2022 00:00,S003,P0018,Toys,East,396,329,53,329.15,28.44,10,Rainy,0,32.21,Autumn
02-02-2022 00:00,S003,P0019,Clothing,North,485,137,120,146.03,81.09,10,Sunny,1,77.22,Autumn
02-02-2022 00:00,S003,P0020,Clothing,East,93,70,122,62.49,70.87,5,Snowy,0,70.39,Autumn
02-02-2022 00:00,S004,P0001,Clothing,South,326,321,152,322.51,12.49,20,Cloudy,0,10.73,Summer
02-02-2022 00:00,S004,P0002,Clothing,West,275,78,87,83.7,97.39,0,Cloudy,1,92.93,Spring
